V1,V2,V3,V4,V5,V6,V7,V8,V9,V10,V11,V12,V13,V14,V15,V16,V17,V18,V19,V20,V21,V22,V23,V24,V25,V26,V27,V28,Amount,Class,XGB_Pred,XGB_Prob,LGB_Pred,LGB_Prob,ISO_Pred,SVM_Pred,LR_Pred,RF_Pred,DT_Pred,Final_Pred,LR_Prob,DT_Prob,RF_Prob,AE_Error,AE_Pred,Risk_Score,Risk_Level
-2.3122265423263,1.95199201064158,-1.60985073229769,3.9979055875468,-0.522187864667764,-1.42654531920595,-2.53738730624579,1.39165724829804,-2.77008927719433,-2.77227214465915,3.20203320709635,-2.89990738849473,-0.595221881324605,-4.28925378244217,0.389724120274487,-1.14074717980657,-2.83005567450437,-0.0168224681808257,0.416955705037907,0.126910559061474,0.517232370861764,-0.0350493686052974,-0.465211076182388,0.320198198514526,0.0445191674731724,0.177839798284401,0.261145002567677,-0.143275874698919,-0.35332684547010107,1,1,0.9999441,1,0.9999681621630546,0,0,1,1,1,1,0.9999974993820072,1.0,1.0,3.1680490368988425,0,0.625,High Risk
-3.0435406239976,-3.15730712090228,1.08846277997285,2.2886436183814,1.35980512966107,-1.06482252298131,0.325574266158614,-0.0677936531906277,-0.270952836226548,-0.838586564582682,-0.414575448285725,-0.503140859566824,0.676501544635863,-1.69202893305906,2.00063483909015,0.666779695901966,0.599717413841732,1.72532100745514,0.283344830149495,2.10233879259444,0.661695924845707,0.435477208966341,1.37596574254306,-0.293803152734021,0.279798031841214,-0.145361714815161,-0.252773122530705,0.0357642251788156,1.759301434901466,1,1,0.98792773,1,0.9919425410310603,0,0,1,1,1,1,0.6798597242718214,1.0,0.8273596781245164,1.789111639510557,0,0.625,High Risk
-2.30334956758553,1.759247460267,-0.359744743330052,2.33024305053917,-0.821628328375422,-0.0757875706194599,0.562319782266954,-0.399146578487216,-0.238253367661746,-1.52541162656194,2.03291215755072,-6.56012429505962,0.0229373234890961,-1.47010153611197,-0.698826068579047,-2.28219382856251,-4.78183085597533,-2.61566494476124,-1.33444106667307,-0.430021867171611,-0.294166317554753,-0.932391057274991,0.172726295799422,-0.0873295379700724,-0.156114264651172,-0.542627889040196,0.0395659889264757,-0.153028796529788,0.604863898026213,1,1,0.9979164,1,0.9989761699314997,0,0,1,1,1,1,0.9999892542141688,1.0,0.8944871741334763,3.8637157621587526,0,0.625,High Risk
-4.39797444171999,1.35836702839758,-2.5928442182573,2.67978696694832,-1.12813094208956,-1.70653638774951,-3.49619729302467,-0.248777743025673,-0.24776789948008,-4.80163740602813,4.89584422347523,-10.9128193194019,0.184371685834387,-6.77109672468083,-0.0073261825777121,-7.35808322132346,-12.5984185405511,-5.13154862842983,0.308333945758691,-0.17160787864796,0.573574068424352,0.176967718048195,-0.436206883597401,-0.0535018648884285,0.252405261951833,-0.657487754764504,-0.827135714578603,0.849573379985768,-0.1177028973757297,1,1,0.99988437,1,0.9999705715758345,0,0,1,1,1,1,0.9999999999999492,1.0,1.0,17.112161458883474,0,0.625,High Risk
1.23423504613468,3.0197404207034,-4.30459688479665,4.73279513041887,3.62420083055386,-1.35774566315358,1.71344498787235,-0.496358487073991,-1.28285782036322,-2.44746925511151,2.10134386504854,-4.6096283906446,1.46437762476188,-6.07933719308005,-0.339237372732577,2.58185095378146,6.73938438478335,3.04249317830411,-2.72185312222835,0.0090608363953452,-0.37906830709218,-0.704181032215427,-0.656804756348389,-1.63265295692929,1.48890144838237,0.566797273468934,-0.0100162234965625,0.146792734916988,-0.3493332192312134,1,1,0.9984854,1,0.9992098528333921,0,0,1,1,1,1,0.9998729683046437,1.0,0.9933333333333333,6.367651900372237,0,0.625,High Risk
0.0084303648955825,4.13783683497998,-6.24069657194744,6.6757321631344,0.768307024571449,-3.35305954788994,-1.63173467271809,0.15461244822474,-2.79589246446281,-6.18789062970647,5.66439470857116,-9.85448482287037,-0.306166658250084,-10.6911962118171,-0.638498192673322,-2.04197379107768,-1.12905587703585,0.116452521226364,-1.93466573889727,0.488378221134715,0.36451420978479,-0.608057133838703,-0.539527941820093,0.128939982991813,1.48848121006868,0.50796267782385,0.735821636119662,0.513573740679437,-0.3493332192312134,1,1,0.99995375,1,0.9999421365768498,0,0,1,1,1,1,0.9999999999999774,1.0,1.0,13.75051459824117,0,0.625,High Risk
0.0267792264491516,4.13246389713003,-6.56059996809658,6.34855667313983,1.32966566904142,-2.51347884762413,-1.68910220031328,0.303252800547589,-3.13940905736457,-6.04546779778801,6.75462544809695,-8.94817857893317,0.702724998099873,-10.7338541032306,-1.37951985681718,-1.63896011485587,-1.74635013628103,0.776744097926754,-1.32735663549015,0.587743219006407,0.370508651493253,-0.57675247317433,-0.669605371766238,-0.759907529538618,1.60505555017462,0.540675396428899,0.737040381683977,0.496699108168337,-0.3493332192312134,1,1,0.999813,1,0.999963124546109,0,0,1,1,1,1,0.9999999999999261,1.0,1.0,13.481099742531969,0,0.625,High Risk
0.329594333318222,3.71288929524103,-5.77593510831666,6.07826550560828,1.66735901311948,-2.42016841351562,-0.812891249491333,0.133080117970748,-2.21431131204961,-5.13445447110633,4.56072010550223,-8.87374836164535,-0.797483599628474,-9.17716637009146,-0.25702477514424,-0.871688490451564,1.31301362907797,0.773913872552923,-2.37059945059811,0.269772775978284,0.156617169389793,-0.652450440932299,-0.551572219392364,-0.716521635357197,1.41571661508922,0.555264739787582,0.530507388890912,0.404474054528712,-0.3493332192312134,1,1,0.99983406,1,0.9999464748983503,0,0,1,1,1,1,0.9999999999890334,1.0,1.0,10.516927556338292,0,0.625,High Risk
0.316459000444982,3.80907594667829,-5.61515901119457,6.04744510216478,1.55402595692572,-2.6513531120137,-0.746579273100222,0.0555863112529252,-2.6786785422399,-4.95949291161496,6.43905335158373,-7.52011739288703,0.38635166741077,-9.25230724747513,-1.36518841502051,-0.502362190618164,0.784426598154274,1.49430460743838,-1.80801215867357,0.388307428238927,0.208828369001674,-0.511746619200722,-0.583813220813723,-0.219845029091423,1.47475258440688,0.491191925656006,0.518868284577287,0.40252806767232,-0.3493332192312134,1,1,0.99988866,1,0.9999312419644243,0,0,1,1,1,1,0.9999999999835707,1.0,1.0,10.216230418507704,0,0.625,High Risk
0.725645739819857,2.30089443776603,-5.32997618300917,4.007682804682,-1.73041059025206,-1.73219256822244,-3.96859261813707,1.06372815344105,-0.486096552344833,-4.62498495406596,5.5887239146762,-7.14824263637845,1.68045074096412,-6.21025774661028,0.495282117814298,-3.5995402092184,-4.83032424210571,-0.649090120211694,2.2501232487881,0.504646226103286,0.589669127323198,0.109541319229913,0.601045276521079,-0.364700278220039,-1.84307769215194,0.351909298434892,0.594549978086464,0.0993722360416487,-0.3493332192312134,1,1,0.999926,1,0.9999721571105824,0,0,1,1,1,1,0.9999999998284017,1.0,1.0,8.438864012380304,0,0.625,High Risk
0.702709900098753,2.42643280600508,-5.23451329584052,4.41666124290876,-2.17080621591773,-2.66755356121463,-3.87808845483572,0.911337122229195,-0.166199039175942,-5.00924850212751,4.67572941865677,-8.16718805173089,0.638559282180499,-6.76333439062322,1.29686025605627,-3.81175840977789,-3.75412806618729,-1.04917740227906,1.55419726345897,0.422743129198702,0.551179689117248,-0.0098023573132531,0.721698230069415,0.473245751402033,-1.9593037711687,0.31947554010746,0.600484916486359,0.129305225096566,-0.3493332192312134,1,1,0.999933,1,0.9999733633498051,0,0,1,1,1,1,0.9999999999726854,1.0,1.0,9.03154447567741,0,0.625,High Risk
1.02387386852139,2.00148526626613,-4.76975183220974,3.81919458538265,-1.2717542273697,-1.7346624268403,-3.05924503160896,0.889804791975203,0.415382113237262,-3.95581234352737,3.57205481558784,-7.18645159050588,0.147242340802109,-5.24930454889762,1.67833367358535,-2.64147310915178,-1.31205856007348,-0.391716050952505,1.11826355175812,0.204137684042271,0.343282648722251,-0.0541956644068491,0.709653952497143,-0.372215866946976,-2.03206836614816,0.366777602071192,0.395170669257609,0.0202055389458413,-0.3493332192312134,1,1,0.99992573,1,0.9999515324656605,0,0,1,1,1,1,0.9999999868031901,1.0,0.9816666666666667,5.911048402835335,0,0.625,High Risk
-1.58550536691994,3.26158454822833,-4.13742198305023,2.35709625199132,-1.40504331370135,-1.87943719306477,-3.51368687087654,1.51560674568816,-1.20716636120056,-6.23456133227108,5.45074606689486,-7.33371406736393,1.36119332407831,-6.60806825219469,-0.481069424899829,-2.60247787045261,-4.83511205239717,-0.553026089102902,0.351948943356815,0.315957258937511,0.501543149467536,-0.54686881157389,-0.0765836358993043,-0.425550366841581,0.123644186352002,0.321984539336613,0.264028160503965,0.132816719764592,-0.3493332192312134,1,1,0.9999187,1,0.9999744575456857,0,0,1,1,1,1,0.9999999990865522,1.0,1.0,8.344042676500576,0,0.625,High Risk
-1.78322883722709,3.40279371307631,-3.82274226552205,2.62536815276644,-1.97641541136284,-2.73168901231308,-3.43055914949085,1.41320351399318,-0.776941494554916,-6.19988176274188,4.36671348631445,-8.24326243368313,0.345761165232579,-6.59055029705192,0.265576095932165,-3.02845238846152,-4.21448627485607,-1.21360784773725,-0.265421595374812,0.364089115014408,0.454031931736316,-0.577525824201459,0.0459665375362652,0.461700017592254,0.044146161217817,0.305704433918549,0.530980986346765,0.243745598122111,-0.3493332192312134,1,1,0.9998418,1,0.9999680163997137,0,0,1,1,1,1,0.9999999996588882,1.0,1.0,8.571250714742776,0,0.625,High Risk
0.857321003765953,4.09391182702914,-7.42389358948559,7.38024451788662,0.973366022888688,-2.73076151658057,-1.49649705633444,0.543015172692922,-2.35119015933267,-3.94423849794435,6.35507773663404,-7.30974798382371,0.7484505505775,-9.05799252943745,-0.648944909074786,-1.07311652692728,1.52450091526025,1.83136353283608,-0.0897244112241547,0.483302650495284,0.375026285129017,0.145399853347782,0.240603265009756,-0.234649222710157,-1.00488094720044,0.435831916241838,0.618323805168482,0.148468944379397,-0.3493332192312134,1,1,0.9996742,1,0.99989302224134,0,0,1,1,1,1,0.9999999999888622,1.0,1.0,10.834316984513784,0,0.625,High Risk
-1.81328048476897,4.91785071056565,-5.92612969400656,5.70150043141163,1.20439257214362,-3.03513754815611,-1.71340206347108,0.561257390902032,-3.79635425171163,-7.45484065078351,7.38805512292025,-10.4752286504099,-0.379314526756117,-11.7367291212569,-2.08698895215593,-2.44235398293755,-3.53552351168246,0.130360306640887,-2.07145048844325,0.576656033332069,0.615641835107552,-0.4064272753179,-0.73701807643754,-0.279641772215917,1.1067663744335,0.323885477719453,0.894766671515833,0.569518600269514,-0.3493332192312134,1,1,0.9999167,1,0.999968216843408,0,1,1,1,1,1,0.9999999999999993,1.0,1.0,16.81212982284019,0,0.75,High Risk
-0.25147096006823,4.31352332575143,-6.89143771650147,6.79679668055103,0.616296505250374,-2.96632654187403,-2.43665252687714,0.489327898838014,-3.37163857159343,-6.81081309938215,7.62008905836908,-10.2852825163315,-0.342444334069655,-11.5434979157865,-1.3349879032835,-2.68928420445067,-3.20438340295762,0.0865218956911394,-1.31449509665307,0.632709963789826,0.536892074447128,-0.546126023729244,-0.605239547613772,-0.263743459593593,1.53991583077868,0.523573696680871,0.891024688365269,0.572740666549584,-0.3493332192312134,1,1,0.99993026,1,0.9999645686343674,0,0,1,1,1,1,0.9999999999999996,1.0,1.0,16.622999975866605,0,0.625,High Risk
0.314596589729515,2.66067027657541,-5.92003738034463,4.52249960508858,-2.3150272861839,-2.27835165394776,-4.68405393631569,1.20227026523098,-0.694695511200349,-5.52627805985834,6.66243683071252,-8.52546492534563,0.742745446888019,-7.67866801029943,0.593070459066131,-4.47813659534324,-5.84426647937357,-1.1027307945783,2.17738568653903,0.562705643312244,0.743314023428983,0.0640383555765096,0.677841675250346,0.0830078227438395,-1.91103446375022,0.322188398435937,0.620866538820488,0.185030354728703,-0.3493332192312134,1,1,0.9999255,1,0.9999784733356535,0,0,1,1,1,1,0.999999999999251,1.0,1.0,11.872231893599565,0,0.625,High Risk
0.447395553302475,2.48195386638743,-5.66081393141405,4.4559228120932,-2.4437797540431,-2.18504026247234,-4.71614294470093,1.24980325173147,-0.718326066573691,-5.3903302556601,6.45418752494833,-8.48534657377678,0.635281408794591,-7.01990155916612,0.53981407134798,-4.6498642988132,-6.2883575087823,-1.33931232244731,2.26298478762517,0.549612970886705,0.756052550277073,0.140167768675,0.665411100673545,0.131463791724986,-1.90821741154788,0.334807598686864,0.748534284767756,0.175413794422896,-0.3493332192312134,1,1,0.9999255,1,0.9999749479888623,0,0,1,1,1,1,0.999999999998817,1.0,1.0,11.534377278038093,0,0.625,High Risk
-2.16992897559082,3.6396539992044,-4.50849778617728,2.73066814884895,-2.12269287053048,-2.34101682766366,-4.23525308290613,1.70353765763508,-1.30527913344307,-6.7167200227127,6.35361231915591,-8.60164826276464,0.449930038237225,-7.50616937408145,-0.438081781812467,-3.69451599830956,-6.30475338603049,-1.26758712788115,0.357987030484253,0.5007790539507,0.645103275621378,-0.503529448911197,-0.0005228218182992,0.0716957787676742,0.0920074334247208,0.308497931577036,0.552590914653841,0.298954478709399,-0.3493332192312134,1,1,0.9999182,1,0.9999779095451948,0,0,1,1,1,1,0.9999999999906697,1.0,1.0,11.400169918758932,0,0.625,High Risk
-1.86375555343732,3.44264397684973,-4.46825973145511,2.80533625940251,-2.1184124774924,-2.33228488731467,-4.2612371974404,1.70168184397858,-1.43939587542941,-6.99990663386522,6.31620967716699,-8.67081800476226,0.316023991908777,-7.41771206475053,-0.436537471366146,-3.65280196004741,-6.29314531907376,-1.24324829133852,0.364810482193887,0.36092400372093,0.66792657242141,-0.516242362128804,-0.012217811746839,0.070613703103445,0.0585044669560628,0.304882839588584,0.418012467185258,0.208858278145839,-0.3493332192312134,1,1,0.9999182,1,0.9999779560196062,0,0,1,1,1,1,0.9999999999937021,1.0,1.0,11.437951525716908,0,0.625,High Risk
-4.61721720415581,1.69569365346656,-3.11437220079491,4.32819855298178,-1.87325699086527,-0.989908135538263,-4.57726462658038,0.4722161584519,0.472016953377646,-5.57602263642415,4.80232276125089,-10.833164469314,0.104303875698575,-9.40542306160986,-0.80747786866047,-7.55234220350747,-9.8025617903912,-4.12062883466552,1.74050729036196,-0.0390459343384186,0.481829697240067,0.146023056445948,0.117038527549065,-0.21756459883966,-0.138776043706563,-0.424452881068275,-1.00204142597227,0.890780287970655,-0.3489338566073247,1,1,0.99990237,1,0.9999711187577441,0,0,1,1,1,1,0.9999999999999951,1.0,1.0,17.108529376240007,0,0.625,High Risk
-2.6618021745564,5.8563932148043,-7.65361621324071,6.37974188053221,-0.0607121191362683,-3.13154973153662,-3.10356974550479,1.77849156945338,-3.83115371623455,-7.19160424618226,7.10298858788516,-9.92869994299538,-0.0674983775194601,-10.924186865147,-1.69791397714032,-2.37942098527078,-2.77511389701838,0.273798971252603,-1.38218756352589,0.399096860264863,0.734774950378595,-0.43590118187623,-0.384765904180568,-0.286015663843443,1.00793382365812,0.413195532462339,0.28028415690056,0.303936550639395,-0.3493332192312134,1,1,0.9998971,1,0.9999712176024957,0,0,1,1,1,1,0.9999999999999885,1.0,1.0,16.844144105179826,0,0.625,High Risk
-2.53585211738111,5.79364414692454,-7.61846283574893,6.39582974649419,-0.0652101046678037,-3.13637196409103,-3.10455736262141,1.82323263760971,-3.87865758023391,-7.29780335001461,7.07166913682445,-10.001046368327,-0.207934540884304,-10.8606980453666,-1.69082504118249,-2.36085672411086,-2.76009701528795,0.29810341564323,-1.38555780172735,0.408704184487524,0.716719907055995,-0.448059938458541,-0.402406878680357,-0.288835222564699,1.01175223958707,0.425964621387216,0.413139555823146,0.308204656968305,-0.3493332192312134,1,1,0.9998971,1,0.9999712176024415,0,0,1,1,1,1,0.9999999999999905,1.0,1.0,16.84874777933209,0,0.625,High Risk
-3.49910753739178,0.258555160773118,-4.48955807274398,4.85389435139681,-6.97452154477167,3.62838209065084,5.43127092073166,-1.94673371078472,-0.775680092900109,-1.9877731876087,4.69039566550924,-6.9980424321007,1.45401198637847,-3.73802333366749,0.31774206255503,-2.01354268083989,-5.1361351026702,-1.18382211654359,1.66339401354543,-3.04262575715977,-1.05236825623151,0.204816873569406,-2.11900744010783,0.170278608305444,-0.393844118118335,0.296367194488607,1.98591321801306,-0.900451638402827,6.8738586865201015,1,1,0.99979144,1,0.9998030564397894,0,0,1,1,1,1,0.9999999998279157,1.0,0.98,11.549338915414483,0,0.625,High Risk
-2.12548982597957,5.97355569173344,-11.0347272274446,9.00714687170235,-1.68945053397167,-2.85441528535313,-7.81044074525876,2.03086994595841,-5.90282812214984,-12.8409338181318,12.0189131816199,-17.7691434633638,-0.431035658230095,-19.2143254902614,-0.962464574748091,-10.2666091836641,-15.5033921000669,-5.49492764246329,-0.410480977392724,1.49377464554928,1.6465182926595,-0.278484510810644,-0.664841293974353,-1.16455536944202,1.70179641354046,0.69080561470369,2.11974873337031,1.10893340333617,-0.3493332192312134,1,1,0.99987364,1,0.9999781233037097,0,1,1,1,1,1,1.0,1.0,1.0,58.208895135351824,0,0.75,High Risk
0.378274504006009,3.91479678866992,-5.72687201536627,6.09414095882864,1.69887526405022,-2.8073139468834,-0.591118212837213,-0.123495593086659,-2.53071281390832,-5.15309460989926,4.65408842254301,-7.83953899762349,1.37181858033581,-9.63468971263612,-0.739596855842826,-0.663203945673478,0.891934540534899,0.978675639075006,-2.00547660274646,0.440439440893876,0.149895683076911,-0.601967245529085,-0.613724335539499,-0.403113687819411,1.568445255978,0.52188393400233,0.527937749881352,0.411910405834512,-0.3493332192312134,1,1,0.9998202,1,0.9999240083866285,0,0,1,1,1,1,0.9999999999800382,1.0,1.0,10.297535108432323,0,0.625,High Risk
-1.42662331260887,4.14198623236944,-9.80410344235714,6.66627300324451,-4.74952679326515,-2.07312900595144,-10.0899311630826,2.79134529885187,-3.2495156171301,-11.4204509744097,10.8530116481991,-15.969207520809,0.546690084634152,-14.690729133641,0.91233739988339,-12.2271892780267,-18.5873662058916,-6.92076186060174,3.16699890688552,1.41067765264616,1.86567876848945,0.407809281593599,0.605809354312964,-0.769348118123441,-1.7463368287861,0.502039516709683,1.9772583297728,0.711606531209485,-0.3493332192312134,1,1,0.9999262,1,0.9999783109809854,0,0,1,1,1,1,1.0,1.0,1.0,53.19882612174547,0,0.625,High Risk
-3.89119195123086,7.09891625215749,-11.4264670967961,8.60755678650129,-2.06570621026229,-2.98528802203595,-8.13858941693861,2.97392807853452,-6.27279046836547,-13.1934150665232,11.6197234753825,-17.6316063138707,-0.355194389515515,-18.8220867423816,-1.2831290856146,-10.0310966568698,-15.2270075099256,-5.32200898058982,-0.501750653452579,1.38261899967275,1.75708522742867,-0.18970915318715,-0.508629244173448,-1.18930816877394,1.18853649934791,0.605241885913626,1.8815287524148,0.875260407222375,-0.3493332192312134,1,1,0.99987364,1,0.9999781290190166,0,0,1,1,1,1,1.0,1.0,1.0,58.34680663249696,0,0.625,High Risk
0.919136507326981,4.19963266902077,-7.53560659365729,7.42694037455047,1.11821533001319,-2.88672235145027,-1.34103599607144,0.363933268353337,-2.20322443100109,-4.13784019622865,4.57011280759332,-7.62916958856017,1.73391746350254,-9.44037499459843,-0.0233533498971062,-1.23395828198259,1.63200885764087,1.3157345644727,-0.287188855297045,0.535434663150233,0.316093599204254,0.0551792270194195,0.21069215028398,-0.417917881438145,-0.91118827562932,0.466523924588163,0.627393270472548,0.157851282541588,-0.3493332192312134,1,1,0.9995586,1,0.9998957684152454,0,0,1,1,1,1,0.9999999999864675,1.0,0.9933333333333333,10.923082715031846,0,0.625,High Risk
-4.69679522444504,2.69386747884008,-4.47513271259153,5.4676845487781,-1.55675807549758,-1.54942028904253,-4.10421487278526,0.553934075416293,-1.49846813107494,-4.59495176285009,5.27550585077254,-11.3490285500915,0.374549235103921,-8.13869488434773,0.548570894168134,-6.65359434741365,-10.2467554066001,-4.19106626655491,0.991486122257293,-0.158970548660611,0.573898081112651,-0.0801627753981571,0.318407817148194,-0.245862202650853,0.338238431564141,0.0322706213908033,-1.50845793363219,0.608074682590101,-0.35332684547010107,1,1,0.9999132,1,0.9999755840818425,0,0,1,1,1,1,0.9999999999999887,1.0,1.0,17.1677659020459,0,0.625,High Risk
-4.72771265581559,3.04446910225824,-5.59835426695611,5.92819080241929,-2.19076972938784,-1.52932296564747,-4.48742195988547,0.916391814103266,-1.3070104231933,-4.13889121357616,5.14940878300581,-11.1240186070579,0.543067765541171,-7.84094220494304,0.743633944785042,-6.77706923974191,-9.93176515376766,-4.09302112201074,1.50492485905709,-0.207759445103882,0.650988236282379,0.254983288954681,0.628843468802127,-0.23812845429317,-0.671332331960485,-0.0335900627800998,-1.33177732223058,0.705697590023144,-0.23196054407030536,1,1,0.9998692,1,0.9999783529536184,0,0,1,1,1,1,0.9999999999999802,1.0,1.0,17.251171899328874,0,0.625,High Risk
-4.06400473842815,3.10093489093256,-1.18849800365476,3.26463274045175,-1.90356235801726,0.3203505872957,-0.954940039087007,-3.27753491983773,2.82082866173719,1.01511287978593,3.18718689736493,-7.00432728360605,0.872710605485111,-6.22060535304292,-0.904444629573358,-3.07509188469837,-5.04473569177435,-1.71808268516882,-0.662462068430895,-0.531897693292296,1.68866543097474,-0.0788446980063478,0.19373092657711,0.479495953884992,-0.50660305739906,-0.409862744197452,-3.03627132936069,-0.630605198840545,0.36416804460845414,1,1,0.9999249,1,0.999859981864519,0,0,1,1,1,1,0.9999998017560161,1.0,0.98,7.493137276806014,0,0.625,High Risk
-2.58961719821269,7.01671438495857,-13.7054072869097,10.3432280604117,-2.95446103475574,-3.05511578527804,-9.3012886151434,3.34957336071614,-5.65421202641103,-11.853866972601,11.6692047358121,-17.2286622386187,0.0555715664836118,-18.4937733551053,-0.304172113519045,-10.6294973901353,-14.4412111342765,-5.10548646597228,1.2702262705049,1.48885519236896,1.88773772551451,0.333998184533223,0.28765904061745,-1.18640640906644,-0.690272670076388,0.631703772210546,1.93422076005943,0.789687172212655,-0.3493332192312134,1,1,0.99992025,1,0.9999755889245391,0,0,1,1,1,1,1.0,1.0,1.0,59.0576758214907,0,0.625,High Risk
-2.88004235163471,5.22544230971559,-11.0633302799459,6.68995065770063,-5.7599239886738,-2.24403079081521,-11.1999752166959,4.01472180864313,-3.42930426351801,-11.5619497720699,10.446846814514,-15.4790524832016,0.734441608104148,-13.8837785491112,0.821439545395249,-11.911483017197,-18.1030037037729,-6.83783453880068,3.12692935212663,1.19144396640797,2.00288287701632,0.351102064721284,0.79525514045211,-0.778379381413672,-1.64681511254223,0.487538823287331,1.42771309550336,0.583172486219188,-0.3493332192312134,1,1,0.9999207,1,0.9999783281769803,0,0,1,1,1,1,1.0,1.0,1.0,53.59334519035855,0,0.625,High Risk
-5.45436177939673,8.28742055534983,-12.7528112729386,8.59434189301081,-3.10600228114338,-3.17994875686414,-9.25279393795831,4.24506220985367,-6.32980084623466,-13.1366983691039,11.228470279576,-17.1313009454468,-0.169401056814124,-18.0499976898594,-1.36623566099065,-9.7235653091894,-14.7449024646768,-5.24730110631125,-0.574675143795817,1.30586191483437,1.84616479291417,-0.267171794223081,-0.310803969751621,-1.20168545799806,1.35217609502433,0.608424596360403,1.57471478384204,0.808725205090233,-0.3493332192312134,1,1,0.99990463,1,0.9999781290200569,0,0,1,1,1,1,1.0,1.0,1.0,58.9917776632416,0,0.625,High Risk
-4.15301449873357,8.20479650456012,-15.0317142097481,10.330099825448,-3.99442609736294,-3.25001318447365,-10.4156978119079,4.62080391044331,-5.71124797098224,-11.7971810675777,11.2779207278067,-16.7283393320915,0.2413676825577,-17.7216383537133,-0.387299923381284,-10.3220166783853,-13.9590853730538,-5.03071003831832,1.19726633504633,1.41262488019492,1.97698839609887,0.25651048717528,0.485908106513804,-1.19882131436036,-0.526567394687845,0.634873502483478,1.62720907623952,0.723235068518316,-0.3493332192312134,1,1,0.99992025,1,0.9999783087873542,0,0,1,1,1,1,1.0,1.0,1.0,59.97761534594392,0,0.625,High Risk
-4.71052878230567,8.63621438967976,-15.4962220036783,10.3133493732845,-4.35134098287048,-3.32268873543923,-10.7883728387388,5.06038112024979,-5.68931118776998,-11.7121866242875,11.1524905985837,-16.5581971409376,0.302644522406362,-17.4759212828566,-0.412393267331071,-10.222203169604,-13.7991476446987,-5.00858517858957,1.16202614780693,1.43423977941906,1.9905453513529,0.223785002572736,0.554408428563337,-1.20404159623154,-0.450684594730258,0.641836059375492,1.60595762479265,0.721643614506061,-0.3493332192312134,1,1,0.99992025,1,0.9999783088265009,0,0,1,1,1,1,1.0,1.0,1.0,60.468076385335856,0,0.625,High Risk
-4.64189285087538,2.90208643306647,-1.57293870931742,2.507298518227,-0.871782564349351,-1.0409025722626,-1.59390073966645,-3.25490508581579,1.90896268593707,1.07741752106048,3.33850216040272,-6.54261034532574,1.09953638182128,-3.26647554459315,1.01472790444294,-4.84238307827835,-5.269876299726,-2.34466857415508,1.95922405409272,-0.465679220344122,1.96359666634146,-0.217413915973245,-0.54933995583883,0.645545202036521,-0.354557818794591,-0.611763845006479,-3.90808047547799,-0.671248265147117,-0.30783944260917073,1,1,0.99946314,1,0.9991764046772224,0,0,1,1,1,1,0.9999971184763822,1.0,0.9733333333333334,7.1957730472200305,0,0.625,High Risk
1.08837493830851,0.898474023721059,0.394684329076182,3.17025757451452,0.17573879687403,-0.221980885195245,-0.0229887284923858,-0.0108735366656839,0.860043617194172,-0.592472935320844,1.07272839973578,-2.54755681422931,1.23595005675711,-0.330305803751441,-1.02235437464957,0.335642172519614,2.29899822072815,-0.1620962094812,-1.53270721248432,-0.217358192249005,-0.423553904215867,-0.800852284805578,0.0776144554303444,0.167608452574198,0.350181817443194,-0.118940929478619,0.0129477659306532,0.0542542721018558,-0.33819100202471686,1,1,0.9965738,1,0.9731981228083276,0,0,1,1,1,1,0.7696574927533496,1.0,0.6850422569799858,1.0754745673708,0,0.625,High Risk
1.18978435670385,0.942289402014327,0.0823341450498769,3.02404970580847,0.412406009418248,-0.214414558479438,0.0535578385040748,-0.110353351082093,0.883797757350066,-0.554223900525873,0.154921008931302,-2.77675657494788,1.6412066261065,-0.45607695680899,-1.24041439240797,0.857322735948866,1.70702446635297,0.526349196477535,-0.865104609842214,-0.143434644974988,-0.502635558485173,-1.04739752764089,-0.0567520238885425,-0.340688404752184,0.541235201259928,-0.0983002868955662,-0.0030411199129353,0.049819020358336,-0.33819100202471686,1,1,0.99051964,1,0.9977200061179992,0,0,1,1,1,1,0.6668866940312168,1.0,0.8408360834828107,1.086453416809198,0,0.625,High Risk
-0.469326705102944,1.11145278248281,2.04100272504592,1.73159516277684,0.135146841769907,-0.0936251754891053,0.266155169970928,0.0829882363836626,0.58025540346041,-0.164562674892883,0.500376369958899,-3.0217601822032,0.924213260310925,1.50079377517002,-0.400282644242405,0.706047712602575,0.115114264650572,-0.0467958788933584,-2.54852159198286,-0.358708665630957,0.159387389394564,0.592669568808717,-0.0535961838321624,0.320747502076217,-0.36912075429213,-0.136604684929151,-0.100845186803931,0.03934714768212,-0.33763189435127255,1,1,0.963992,1,0.9899171878344855,0,0,0,1,1,1,0.3422975572132635,1.0,0.7000123190606118,1.0600517647466785,0,0.5,Medium Risk
-5.26805322089363,9.06761342731767,-15.9607281345144,10.2966027898053,-4.70824109122294,-3.39537485177836,-11.1610570028797,5.49996263444947,-5.66737554592835,-11.6271935556579,11.0270590938161,-16.3880541668327,0.363921486512734,-17.230202160711,-0.437487559248993,-10.1223919213552,-13.6392089915234,-4.98645725844229,1.12678437819631,1.45587819528,2.00410994522741,0.191058399384387,0.622927669875126,-1.20926355739155,-0.374798862642666,0.64879803679546,1.58469734677224,0.720055870245492,-0.3493332192312134,1,1,0.9999256,1,0.9999783088154831,0,0,1,1,1,1,1.0,1.0,1.0,61.05122372014117,0,0.625,High Risk
-5.18787810836635,6.96770866359565,-13.510931139095,8.61789514115238,-11.2144223939458,0.6722478387604,-9.46253281088355,5.32870420774381,-4.89700552817542,-11.7868116556041,9.36907905765884,-15.0941631493865,1.25637700700759,-11.8521613037824,0.274429814172421,-10.6882417917386,-18.3888105354245,-6.89884013301839,2.38280793552097,-0.623737291574186,2.08608300107406,0.760190240866359,0.716805785858217,-0.646743429628277,-1.61704292571624,0.172346889503238,0.626646780979254,-0.169726031129409,2.7072285589638385,1,1,0.99992025,1,0.9999767128739769,0,0,1,1,1,1,1.0,1.0,1.0,57.32044118466641,0,0.625,High Risk
-12.2240206243564,3.85415032971366,-12.4667657248211,9.64831072711484,-2.72696132147655,-4.44561038185083,-21.9228110340575,0.320792273696859,-4.43316165783721,-11.2014000859835,9.32879925655782,-13.1049334662012,0.88848078772943,-10.140200337183,0.713465392614318,-10.0986706554809,-17.5066115481045,-8.06120798966267,1.60687003263877,-2.14718143950284,-1.1598299509044,-1.50411888189644,-19.2543276173719,0.54486672601225,-4.78160552206407,-0.0077722810999307,3.05235768679424,-0.775035651186717,4.514464240847667,1,1,0.9997907,1,0.9999728429115743,0,1,1,1,1,1,1.0,1.0,0.9733333333333334,79.36796832940661,1,0.875,High Risk
-14.4744374924863,6.50318451651946,-17.7126323688621,11.2703523334822,-4.15014206409808,-3.3720982088695,-16.5358068114174,-1.4439469925952,-6.81527289964437,-13.6705451263516,10.5452629545898,-15.0226996343749,0.171633085144947,-15.0663743633461,-0.259575939555838,-8.6687392723375,-12.8041408991277,-5.11662049533788,0.579200358016368,1.10124987016838,-2.47596222945688,0.342390706034285,-3.56450803816097,-0.81814019000188,0.153407682695978,0.755079460824454,2.70656616161759,-0.992916047059418,-0.3493332192312134,1,1,0.999912,1,0.9999720649620907,0,0,1,1,1,1,1.0,1.0,1.0,70.25256062666183,0,0.625,High Risk
-12.3396031574122,4.48826730168204,-16.5870729373632,10.1072738734101,-10.4201989827431,0.130669811857349,-15.6003233044816,-1.15769598093331,-5.3046309683427,-12.9389293107706,8.80568196718575,-13.5561301301468,1.16546376028499,-9.80988150207055,0.369987279150665,-9.50521044515487,-17.5420303090874,-6.79263778723153,2.06937744931751,-0.0855014634055812,-2.0896096332232,1.74531450014405,1.37681580939778,-0.554271418366818,-1.61074085196174,0.153725444536768,1.2124772080589,-1.86929047595671,0.4005899159071096,1,1,0.99993944,1,0.9999688072532981,0,0,1,1,1,1,1.0,1.0,1.0,64.88336097041966,0,0.625,High Risk
-15.3988450085358,7.47232389650112,-19.0269123426632,11.165525840514,-6.89385628014845,-2.12093657486019,-14.9133299850456,-0.721214094320184,-7.1750966153358,-14.166794659606,10.2777688628065,-14.9854337328686,0.345179234077653,-14.6663889726541,-0.346352541965346,-8.33324249555463,-12.6025964553952,-4.87668342078337,0.604625910708604,1.11150221461014,-2.44488368228,0.727495341024629,-0.345078151264077,-0.981748551471828,0.995271346300177,0.816761717958274,2.26294237384391,-1.17806316323334,-0.3493332192312134,1,1,0.9999182,1,0.9999751779722802,0,0,1,1,1,1,1.0,1.0,1.0,71.29613502816811,0,0.625,High Risk
-14.1791651073631,7.42136996239257,-21.405835744128,11.927511869244,-7.97428068736155,-2.20271027666529,-15.4716122801735,-0.356594909586509,-6.38012489838839,-13.3482776536659,10.1875873241664,-14.5639797552132,0.59375935763569,-14.4915983463022,-0.281392503951236,-8.2641288443605,-12.4398049728466,-4.83707902601307,0.753149847889189,1.00276434172175,-2.36683606243662,1.13095519799655,0.991153238179024,-1.03313210707298,-0.327179344936207,0.634692903522304,2.17190494464567,-1.39528768393339,-0.3493332192312134,1,1,0.99994254,1,0.9999705805511367,0,0,1,1,1,1,1.0,1.0,1.0,73.0267740678047,0,0.625,High Risk
-14.7246270119253,7.87515679273047,-21.8723173644566,11.9061699078901,-8.34873369160876,-2.26284641969245,-15.8334427819606,0.0778736741759969,-6.35683349086288,-13.2616517082667,10.0637897462894,-14.3947668016721,0.654888723464231,-14.2483158270781,-0.305360761401071,-8.16163244506225,-12.2809648581754,-4.81858639342974,0.719787682108791,0.996468755724792,-2.36234492751884,1.09955729576975,1.03719942301307,-1.03635934178889,-0.254776514154375,0.642343201018144,2.16112922373151,-1.40128201963858,-0.3493332192312134,1,1,0.99993205,1,0.9999705805511367,0,0,1,1,1,1,1.0,1.0,1.0,74.26361885767113,1,0.75,High Risk
-15.2713618637585,8.32658106147414,-22.3385905133352,11.8853128922128,-8.72133435613386,-2.32430694897567,-16.1964186599881,0.512881820424485,-6.33368515594745,-13.175198078736,9.93981974172569,-14.2254557039818,0.716033665192873,-14.0047761755606,-0.329447848153274,-8.0594194070953,-12.1220088158237,-4.79971013254961,0.686227163597458,0.993121017282391,-2.3568962794623,1.06801917704623,1.08561716724338,-1.03979707801119,-0.182006136246673,0.649920860777984,2.14924707788821,-1.40681133211222,-0.3493332192312134,1,1,0.9999021,1,0.9999705802419618,0,0,1,1,1,1,1.0,1.0,1.0,75.59328322302915,1,0.75,High Risk
-15.8191787207718,8.7759971528627,-22.8046864614815,11.8648680803607,-9.09236053189517,-2.38689320657655,-16.5603681078199,0.948348594786058,-6.31065843275059,-13.0888909176936,9.81570317447819,-14.0560611837648,0.777191846436601,-13.7610179615936,-0.353635939812489,-7.95744722625995,-11.9629542349435,-4.7805077876172,0.652498045264831,0.992278949261366,-2.35063374523783,1.03636187430048,1.13605073696052,-1.0434137405139,-0.10892334328198,0.657436778462222,2.13642447085514,-1.41194537483904,-0.3493332192312134,1,1,0.9999021,1,0.9999745791217318,0,0,1,1,1,1,1.0,1.0,1.0,77.01570372613024,1,0.75,High Risk
-16.3679230107968,9.22369194937548,-23.2706305232856,11.8447765860728,-9.46203714585895,-2.45044437416398,-16.9251520440555,1.38420847895884,-6.28773594816964,-13.0027093010697,9.69146098207319,-13.8865951585248,0.838361375836116,-13.5170724083842,-0.377910607106286,-7.85568149439455,-11.8038151924676,-4.76102594206856,0.618624412799665,0.993584598744375,-2.34367359429797,1.00460241382139,1.18821215709493,-1.04718376839983,-0.0355727659827232,0.664899774367373,2.12279575423083,-1.41674061492574,-0.3493332192312134,1,1,0.9999021,1,0.9999745791246897,0,0,1,1,1,1,1.0,1.0,1.0,78.53083361200707,1,0.75,High Risk
-16.9174682656955,9.66990017304097,-23.7364434105216,11.8249902296814,-9.83054822917941,-2.51482887310345,-17.2906566748216,1.8204078670595,-6.26490348784789,-12.9166361091709,9.56711029521397,-13.7170673789468,0.899540705915631,-13.2729650621928,-0.402260044266312,-7.75409405936683,-11.6446032058862,-4.74130270962407,0.58462597267458,0.996745095162688,-2.33611095619483,0.972754726208974,1.24186581168063,-1.05108624820763,0.0380090796054737,0.672317065099677,2.10847085205046,-1.42124325273233,-0.3493332192312134,1,1,0.99988294,1,0.9999745791246897,0,0,1,1,1,1,1.0,1.0,1.0,80.13863789162176,1,0.75,High Risk
-17.4677100117887,10.1148157246654,-24.2021422329158,11.8054692105913,-10.1980458075926,-2.5799380080012,-17.6567879964837,2.25690247596699,-6.24214930949065,-12.8306571996417,9.44266526535108,-13.5474858999444,0.960728558325579,-13.0287170264518,-0.426674498701321,-7.65266166506753,-11.4853277896478,-4.72136957553102,0.550519004149565,1.00151850195952,-2.32802441621057,0.940830319350178,1.29681706144136,-1.05510390359967,0.11179202805362,0.679694612203418,2.09354057112569,-1.42549145377361,-0.3493332192312134,1,1,0.99988294,1,0.999974579124578,0,0,1,1,1,1,1.0,1.0,1.0,81.83909068931446,1,0.75,High Risk
-18.0185611876771,10.5586001882538,-24.6677412485732,11.7861803616399,-10.564656569212,-2.64568119936245,-18.02346767268,2.69365540308048,-6.21946362785238,-12.7447607871859,9.31813768535999,-13.3778574339457,1.02192386777466,-12.7843458873548,-0.451145843251939,-7.55136493140559,-11.3259968724596,-4.70125277749548,0.516317073274611,1.00770320533757,-2.31947946208034,0.908838783150801,1.35290370698024,-1.05922233762791,0.185750941504222,0.687037383632165,2.07808058379956,-1.42951702264525,-0.3493332192312134,1,1,0.99988294,1,0.9999753199153338,0,1,1,1,1,1,1.0,1.0,1.0,83.632172362662,1,0.875,High Risk
1.19239598990768,1.33897371069007,-0.678876186687009,3.1236723071222,0.643244863589275,-1.18432299431215,0.397585526006899,-0.253498538261658,0.41113497684127,-0.859862301810301,1.124059382453,-3.76387384832398,0.367975966769142,-0.971757538368114,-0.0138825132357776,1.45757852763076,2.61145033447876,1.2919552295122,-1.56381522671193,-0.185454650142832,-0.377503243008699,-0.889596747960403,-0.0742075893964193,0.0354455164139561,0.550577974200231,-0.0271712789934873,-0.0249206212266212,0.0736053986634045,-0.3408667316047716,1,1,0.99711835,1,0.997928374324397,0,0,1,1,1,1,0.9450028930737574,1.0,0.9134951124144673,1.5053724568006333,0,0.625,High Risk
-15.9036352020113,10.3939171427504,-19.1336024646827,6.18596883540498,-12.5380209157442,-4.02703044708406,-13.8978265981985,10.6622517826007,-2.84495398482036,-9.66878891236125,7.39441941053863,-11.6356300484755,1.42327692545531,-8.64045910049478,-0.674719538892936,-7.69556878829619,-13.6841395944616,-4.77740603940726,1.26834277321029,1.50156541071894,1.57754822493456,-1.28013712313136,-0.601294526869194,0.0404039214626868,0.99550197117886,-0.273742711729157,1.688135896398,0.527830799573719,0.045995842156275064,1,1,0.99987197,1,0.9999744897419354,0,0,1,1,1,1,0.9999999999999423,1.0,1.0,63.07075757565615,0,0.625,High Risk
-16.5986647432584,10.5417508026636,-19.8189818085279,6.0172946473619,-13.0259010501237,-4.12877900260013,-14.1188648469369,11.1611439952369,-4.09955143059712,-9.22282550730978,6.32936467621872,-8.95219071159749,-0.138363691274054,-9.82505442102721,0.0572235922374037,-7.54168742379503,-14.2595985921417,-5.03505152375192,1.43226792970939,1.53491982113512,1.72585282658181,-1.15160577552799,-0.680051901875725,0.108175914514646,1.06687834149611,-0.233720431391328,1.70752055210726,0.51142316911239,0.045995842156275064,1,1,0.99983466,1,0.9999744897418872,0,0,1,1,1,1,0.9999999999996909,1.0,1.0,64.74899553420956,0,0.625,High Risk
-17.2751911945397,10.8196653713117,-20.3638859739149,6.04661174671427,-13.4650333517322,-4.16664724489873,-14.4094479851747,11.5807967244857,-4.07385571204177,-9.15336803834587,6.21088301172371,-8.77857203246194,-0.0613674966661798,-9.57466229922106,0.0492885399107771,-7.41848727872681,-14.1027718764864,-5.01642333521081,1.39031436050276,1.54497046707519,1.7298040916597,-1.20809608165502,-0.726839224163999,0.112539673508366,1.11919347248491,-0.233188990129274,1.68406299250578,0.503739738280361,0.045995842156275064,1,1,0.99983466,1,0.9999744897419354,0,0,1,1,1,1,0.999999999998967,1.0,1.0,66.90501219164764,0,0.625,High Risk
1.12533553530785,1.13014648418496,-0.962975334759173,2.67568785863118,0.990074518469203,-0.243317741184431,0.316192138064781,0.122960131988498,-1.1433427947576,-0.369908966047961,1.83449419801385,-0.491243315415958,-1.12990700459946,-2.23862224442526,0.27846874170613,1.47792560308038,1.77645429510255,1.14928218583042,-1.30699464468423,-0.138813697509247,-0.166736918429935,-0.52193383894905,-0.112376257435029,-0.592076750460089,0.520791314299405,0.0433535805717847,0.0151590212632604,0.0636117222853327,-0.33831081081188347,1,1,0.9948388,1,0.9990554172708492,0,0,1,1,0,1,0.8360938869837228,0.0,0.7880944644838663,0.9253300945373333,0,0.5,Medium Risk
-18.474867903441,11.5863805198184,-21.4029168131391,6.03851541556808,-14.4511581398683,-4.14652350569915,-14.856123673178,12.4311404723263,-4.05335328722588,-9.04039624894471,5.96620250720685,-8.46396612952571,0.0786921317878341,-9.09253265181295,0.0108220973904713,-7.1863755078292,-13.7974745003699,-4.95849390971089,1.32116655982617,1.5779244011474,1.74113559593371,-1.25113794883836,-0.396219126116475,0.0957055555718895,1.32275094272025,-0.217954564863573,1.62879253147016,0.482248274865402,0.045995842156275064,1,1,0.99983466,1,0.9999744897419354,0,0,1,1,1,1,0.9999999999878952,1.0,1.0,71.36824677613583,0,0.625,High Risk
-19.1798264145873,11.8179219897853,-21.9191735807843,6.0862356342864,-14.7088447898427,-4.30888760741835,-15.3579518065836,12.8571650181242,-3.99986076978115,-8.9286556608751,5.8492930661792,-8.26164983722413,0.153829148314596,-8.82935922766409,0.0088788388257268,-7.0709530089254,-13.6297209427085,-4.9588298158479,1.27209136353211,1.572949614923,1.74680154191934,-1.35314876613352,-0.762965072731218,0.117027851903743,1.29799375563032,-0.224825057048525,1.62105238966989,0.4846144027264,0.045995842156275064,1,1,0.99983466,1,0.9999744897423972,0,0,1,1,1,1,0.999999999961215,1.0,1.0,73.81992300903553,0,0.625,High Risk
-19.8563223334433,12.0958932259299,-22.4640827464876,6.11554110191771,-15.1480215209615,-4.34672408349599,-15.6485074722661,13.2768048056341,-3.97416161954102,-8.85919405880884,5.73081553744459,-8.08803351213651,0.230824969324902,-8.57897327333454,0.000946636693186,-6.94774606726094,-13.4728970076501,-4.94021082886802,1.23014255193802,1.58292955492187,1.75072984045421,-1.40963570908141,-0.809809278333882,0.121396659905885,1.35030007077468,-0.224291873525585,1.59762136835254,0.476919818025438,0.045995842156275064,1,1,0.99983466,1,0.9999744897423972,0,0,1,1,1,1,0.9999999998704323,1.0,1.0,76.37117469159925,1,0.75,High Risk
-20.5327510764355,12.3739891389716,-23.0090029136283,6.14482097803751,-15.5872960035928,-4.38449066917613,-15.9390026942523,13.696416119399,-3.94845491908543,-8.78972336330438,5.61234710799626,-7.91442236630349,0.307819968365149,-8.32860088836825,-0.0069792945896379,-6.82452417207669,-13.3160791903173,-4.9216120866876,1.18820420779718,1.59275393136331,1.75460760918813,-1.46611525253641,-0.85677863566488,0.125776576475404,1.40258698975375,-0.223754856770293,1.57424873519633,0.469200693158523,0.045995842156275064,1,1,0.99983466,1,0.9999744897423972,0,0,1,1,1,1,0.9999999995672098,1.0,1.0,79.02288460862782,1,0.75,High Risk
-21.2091195927913,12.6521968313004,-23.5539329441267,6.17407791004356,-16.026658125511,-4.42219459449987,-16.2294437253382,14.1160019049786,-3.92274144947115,-8.72024451506225,5.49388683652872,-7.7408158639401,0.384814230466723,-8.078240669038,-0.0148996037313368,-6.7012888702885,-13.1592668578419,-4.90303149501704,1.1462752482696,1.60243883702914,1.75844007534189,-1.52258816196329,-0.903860197993699,0.130166452450156,1.45485651906738,-0.223214403323927,1.55092845004664,0.461459566763514,0.045995842156275064,1,1,0.99983466,1,0.9999744897423972,0,1,1,1,1,1,0.9999999985545214,1.0,1.0,81.77505171140538,1,0.875,High Risk
-21.8854339051741,12.9305051249875,-24.098871851647,6.20331419234722,-16.4660991227874,-4.45984212550286,-16.519835984614,14.5355647151916,-3.89702188761405,-8.6507583293562,5.3754339072439,-7.56721354069937,0.461807829323489,-7.82789139878016,-0.0228148529460228,-6.57804150255676,-13.0024594617382,-4.88446723880536,1.10435473489394,1.6119982189969,1.76223176917351,-1.57905510076487,-0.951042744820554,0.13456529188962,1.50711039768212,-0.222670856855594,1.52765527810284,0.453698638993223,0.045995842156275064,1,1,0.99983466,1,0.9999744897423972,0,1,1,1,1,1,0.9999999951727032,1.0,1.0,84.62767563787162,1,0.875,High Risk
-22.5616992591298,13.2089042844176,-24.6438187771226,6.23253182330679,-16.905611362323,-4.49743871970001,-16.8101841919321,14.9551067734604,-3.87129682308601,-8.58126551626339,5.25698760960799,-7.39361499215009,0.538800829120431,-7.57755201800709,-0.030725531904052,-6.45478323655342,-12.8456565242928,-4.86591773720169,1.06244185030067,1.62144422472126,1.76598663639159,-1.6355166467436,-0.998316503452087,0.138972227361725,1.55935014018173,-0.22212451669,1.5044246600224,0.445919826109776,0.045995842156275064,1,1,0.99983466,1,0.9999744897423972,0,0,1,1,1,1,0.9999999838802414,1.0,1.0,87.58075655868576,1,0.75,High Risk
-23.237920244511,13.4873857909274,-25.1887729688701,6.26173255148578,-17.3451881651558,-4.53498915241687,-17.1004924771637,15.3746300252798,-3.84556677176243,-8.51176669710133,5.1385473219039,-7.22001986441493,0.615793286019405,-7.3272215995796,-0.0386320690669864,-6.33151509399145,-12.6888576275064,-4.84738160696153,1.02053587929144,1.63078748322503,1.76970812949114,-1.69197330547661,-1.04567292278161,0.143386499863412,1.61157707182701,-0.221575644736264,1.48123260638065,0.438124804842523,0.045995842156275064,1,1,0.99983466,1,0.9999744897423972,0,0,1,1,1,1,0.9999999461756495,1.0,1.0,90.63429517641583,1,0.75,High Risk
-23.9141008948243,13.7659421584186,-25.7337337663194,6.2909179135006,-17.7848236618953,-4.57249762015164,-17.3907644695894,15.7941361803271,-3.81983218698836,-8.44226241787632,5.02011249777419,-7.0464278465108,0.692785249374773,-7.07689932873899,-0.0465348409616521,-6.20823797273981,-12.5320624040465,-4.82885763250639,0.978636193358608,1.64003733516462,1.77339928248294,-1.74842552125898,-1.09310448820022,0.147807442391992,1.66379235724108,-0.221024471156944,1.45807561131952,0.43031504868091,0.045995842156275064,1,1,0.99983466,1,0.9999744897423972,0,0,1,1,1,1,0.9999998202918045,1.0,1.0,93.78829270490647,1,0.75,High Risk
-24.5902447690465,14.0445667815106,-26.2787005866145,6.32008926518927,-18.2245126736673,-4.60996782569686,-17.6810033715155,16.2136267471409,-3.79409346877414,-8.37275316035861,4.90168265513877,-6.87283866404082,0.769776762734501,-6.82658448658054,-0.0544341798176028,-6.08495266503583,-12.375270529796,-4.81034474126699,0.936742237936608,1.64920202229571,1.77706277243531,-1.80487368611576,-1.14060456917063,0.152234466415679,1.71599702403257,-0.22047119903665,1.43495058143483,0.422491857762666,0.045995842156275064,1,1,0.99983466,1,0.999974489739169,0,0,1,1,1,1,0.9999994000315056,1.0,1.0,97.04275099666314,1,0.75,High Risk
-25.2663550194138,14.3232538097233,-26.8236729135114,6.34924780743689,-18.664250613469,-4.64740304866878,-17.9712120192706,16.6331030618556,-3.76835097141465,-8.303239351259,4.78325736701241,-6.6992520739678,0.846767864669643,-6.57627643636006,-0.0623303798952992,-5.96165987257541,-12.2184817176797,-4.79184198325342,0.894853521838799,1.65828884445902,1.78070097046593,-1.86131814726914,-1.18816729293127,0.156667050663465,1.76819198236914,-0.219916008250323,1.41185477685432,0.414656383638367,0.045995842156275064,1,1,0.99983466,1,0.9999744896333396,0,0,1,1,1,1,0.9999979970845414,1.0,1.0,100.3976729301285,1,0.75,High Risk
-25.9424344479142,14.6019980426299,-27.3686502881266,6.37839460769688,-19.1040334039646,-4.68480620428185,-18.2613929340355,17.0525663121462,-3.74260500983864,-8.233721369876,4.6648362538527,-6.52566786025865,0.92375858946558,-6.32597461208273,-0.0702237027595964,-5.83836021908828,-12.0616957125199,-4.77334851403019,0.852969608454831,1.66730429040185,1.78431598423494,-1.91775921336107,-1.23578743924962,0.161104731783341,1.82037804128869,-0.2193590586868,1.38878576213598,0.406809649908512,0.045995842156275064,1,1,0.99983466,1,0.9999744893526948,0,0,1,1,1,1,0.9999933139199997,1.0,1.0,103.8530616312738,1,0.75,High Risk
0.288028928428076,0.965681439446855,-1.45949519977085,1.92186300234526,-1.91241402974899,-1.13028190025527,-2.81426265960526,0.648663224885543,-0.695262639845074,-3.46568908576121,2.35161910622909,-3.82670531942496,-0.767569849115369,-4.8528669146236,1.66486300420352,-2.61736133003734,-4.83555830647772,-1.92175160139324,-0.385884175181753,0.330916894188196,0.603127128021142,0.380690182113136,-0.0641251755885565,0.271380100640141,0.33721953478356,0.626155869423677,0.565124825956713,0.305925255390835,-0.26003573652968553,1,1,0.99982184,1,0.999978373133129,0,0,1,1,1,1,0.9999992962382321,1.0,1.0,3.9697945770879444,0,0.625,High Risk
-27.1436784229495,15.3658043803315,-28.4074244550982,6.37089534679314,-20.0878775718571,-4.66631306343841,-18.7094788213717,17.9035743750222,-3.72227873753244,-8.12096173759343,4.41994345577668,-6.21094112120869,1.06383739513242,-5.84352838067721,-0.108836449172905,-5.60659732565665,-11.7562556050179,-4.71494676131661,0.783577593799492,1.70388764553958,1.79682638880552,-1.96097371657716,-0.90224745220798,0.144011442167384,2.02438803943008,-0.204214065769385,1.33215305903359,0.385890728011147,0.045995842156275064,1,1,0.99983466,1,0.9999744940395742,0,0,1,1,1,1,0.9999214294228306,1.0,1.0,110.83031795121244,1,0.75,High Risk
-2.78724793061533,-0.0713403777285035,-1.50528777523306,3.36177713733967,-3.35742166883665,0.565834734346537,0.303653111125521,0.966914484943676,-2.24588195188782,-3.65142656863483,0.987277021963291,-3.83478156926117,-0.961354142524746,-3.18216808481143,-1.1260022842247,-2.95430081252595,-5.84121800175148,-2.91043029785417,-1.15585017273094,1.60739677185147,0.882940442444742,-0.246201930041865,1.75222678458672,0.219924964544368,0.15628169505776,-0.265894317684036,0.220694023253282,0.256076869786525,2.565454827483327,1,1,0.99954504,1,0.9993242797253526,0,0,1,1,1,1,0.9999972411768207,1.0,0.9866666666666667,5.014085296131423,0,0.625,High Risk
-27.84818067198,15.5981926625554,-28.923755945104,6.41844174657532,-20.346228155413,-4.82820246578157,-19.2108964179086,18.329405525597,-3.66873493861418,-8.00915938639777,4.30309581759563,-6.00866000668561,1.1389688287939,-5.58044712038062,-0.11073711578577,-5.49107326163426,-11.5885435992809,-4.71542017123115,0.734573493016404,1.69785626318366,1.8021491336386,-2.06293427611466,-1.26984343615924,0.165409188492223,1.99949911253199,-0.211058522431997,1.32480949279508,0.388090177732107,0.045995842156275064,1,1,0.99983466,1,0.9999744939656622,0,0,1,1,1,1,0.9997484965637887,1.0,1.0,114.58556396388899,1,0.75,High Risk
-28.5242675938406,15.8769229879536,-29.4687320925264,6.44759140152748,-20.7860000418837,-4.86561341755669,-19.5010840750712,18.7488719520883,-3.64298981925263,-7.93964241937325,4.18467368942509,-5.83507521523889,1.21595964527928,-5.33014378246253,-0.118631138153322,-5.36777527618834,-11.4317569116986,-4.69692444373293,0.69268841200477,1.7068890619925,1.80576978392608,-2.11937616760819,-1.31744962200248,0.169845630469178,2.05168733506275,-0.210502000459411,1.30173396497076,0.380246181418509,0.045995842156275064,1,1,0.99983466,1,0.9999744940377588,0,0,1,1,1,1,0.9991609161334373,1.0,1.0,118.43623544115596,1,0.75,High Risk
-29.2003285905744,16.1557014298057,-30.0137124857248,6.47673117996833,-21.2258096535165,-4.90299739658728,-19.791248405247,19.1683273897301,-3.61724178604255,-7.87012194292549,4.06625507293473,-5.66149242261771,1.29295014454242,-5.07984568135779,-0.126522740416921,-5.24447151974264,-11.2749725851252,-4.67843652929376,0.650807370688892,1.71586182428358,1.8093709332884,-2.17581520342142,-1.3651041075509,0.174286359566544,2.10386807204715,-0.209943999130567,1.27868097084218,0.372392714338541,0.045995842156275064,1,1,0.99983466,1,0.999974499614072,0,0,1,1,1,1,0.9972045550812005,1.0,1.0,122.38739775040193,1,0.75,High Risk
-29.8763655139763,16.4345245512223,-30.5586968214292,6.50586178736296,-21.6656542956569,-4.94035632949796,-20.0813910746494,19.5877726234404,-3.59149104711596,-7.80059820772759,3.94783971729026,-5.4879114860488,1.36994034924206,-4.82955244300835,-0.134412095441135,-5.12116240451142,-11.1181904509172,-4.65995586983801,0.608930080519071,1.72477883837961,1.81295397464878,-2.23225158753151,-1.41280344282556,0.178731069561437,2.15604185816706,-0.20938462411377,1.25564890085966,0.364530452975509,0.045995842156275064,1,1,0.99983466,1,0.999974497397949,0,0,1,1,1,1,0.9907295679459923,1.0,1.0,126.439059116158,1,0.75,High Risk
-30.552380043581,16.7133892350242,-31.1036848245812,6.53498386355181,-22.105531524316,-4.97769196369245,-20.371513594495,20.0072083651213,-3.56573779124378,-7.7310714411342,3.8294273949908,-5.31433227604015,1.44693027992913,-4.57926372815218,-0.142299360010106,-4.99784830436345,-10.9614103561188,-4.64148195920404,0.567056279787444,1.73364399368955,1.8165201713562,-2.28868550494101,-1.46054449877578,0.183179482716819,2.20820917836653,-0.208823971247713,1.23263629519904,0.356660010884047,0.045995842156275064,1,1,0.99983466,1,0.9999744916686258,0,0,1,1,1,1,0.9697134946838141,1.0,1.0,130.59122914058557,1,0.75,High Risk
1.10280432542075,2.82916799881581,-3.93287026485548,4.70769143992869,2.93796685530025,-1.80090371765217,1.672734122106,-0.300240348680253,-2.78301108805298,-1.88484243991678,3.79256535985687,-1.46047112296734,-1.31277627644381,-7.07736060637589,-0.299466316598551,2.4932276042067,6.24498710234308,2.97174936407353,-2.67995024218857,-0.0308799718381793,-0.106994395673876,-0.250050303584088,-0.52162653336055,-0.448949514169716,1.29164648168516,0.516326673768638,0.0091462814112417,0.15331763551135,-0.3506111796276574,1,1,0.9985775,1,0.9995014527249085,0,1,1,1,1,1,0.9999107469681536,1.0,1.0,5.775386245139756,0,0.75,High Risk
-1.06067628419757,2.60857946990866,-2.97167900258071,4.36008935234848,3.73885304346426,-2.72839507263672,1.98761635466291,-0.357344707416169,-2.75753451251209,-2.33593332652232,2.11151686706104,-2.59194964968951,-1.9505893546741,-7.31157981735935,0.0777527657738322,2.29060783198994,6.50927165018434,2.56997142628646,-3.28615008214787,-0.0890615369649179,-0.0631678773494982,-0.207385284031508,-0.183260817119722,-0.103679373403096,0.896178353364318,0.407386872028391,-0.130918311231478,0.192177382137495,-0.3506111796276574,1,1,0.9982284,1,0.999565978741615,0,0,1,1,1,1,0.9999604108365506,1.0,0.9933333333333333,6.1748440979626755,0,0.625,High Risk
0.269614090485094,3.54975512877325,-5.81035344453706,5.80936957402456,1.53880793351049,-2.26921913566818,-0.824203333436328,0.351069915343584,-3.75905945636624,-4.59238980599474,5.47939151009669,-5.65785754091816,-2.6480760898503,-10.3848897408947,-0.225946407826958,-0.701882908954806,0.409735840500415,0.939603694029483,-1.95429995537505,0.310524633435283,0.371121111209288,-0.322289520392532,-0.549855883222537,-0.520628958812409,1.37821038664663,0.564714292689441,0.553254713878568,0.40240000915925,-0.3506111796276574,1,1,0.999808,1,0.9999354496574014,0,0,1,1,1,1,0.9999999999800484,1.0,1.0,9.919399144199296,0,0.625,High Risk
0.92376442016477,0.34404807190464,-2.88000365579163,1.72168007534123,-3.01956477860235,-0.639736122583852,-3.8013245024591,1.29909588513018,0.864065471140902,-2.89525166830126,3.02816223099618,-2.54917730779636,-1.56043182473423,-2.97131675769274,1.07889539651163,-4.70201182527384,-4.90809850732764,-1.5088732903485,3.0016850593747,0.170871765618069,0.8999311755668,1.48127100376248,0.725265549161058,0.176959582872624,-1.81563797523647,-0.536517111308732,0.489035020411905,-0.0497285787992942,-0.23231997043180527,1,1,0.99916613,1,0.9986241979944964,0,0,1,1,1,1,0.999997982428989,1.0,0.9866666666666667,4.505866485107545,0,0.625,High Risk
-2.83098405592803,0.885657038258755,1.19993009832405,2.86129223993172,0.321668777779154,0.289966026429405,1.7677604489638,-2.45104966190813,0.0697358066743391,3.24508640095346,0.675287853392807,-0.677096334427304,-0.222741128141729,-0.913786970583513,1.60333192308268,-1.0245020918608,0.0220452070437295,-0.940684674142594,0.484758940230455,-1.01692314354721,0.546589339675499,0.334970736976198,0.172105676221893,0.623590288019672,-0.527114316331261,-0.079214654387473,-2.53244529803097,0.311176714703215,0.06524512062771357,1,1,0.982796,1,0.9951873188775808,0,0,0,1,1,1,0.46754235613279593,1.0,0.7957576687592338,1.8950023750207001,0,0.5,Medium Risk
0.287952771527529,1.72873464521162,-1.65217304572257,3.81354418795523,-1.09092715391318,-0.984744665624589,-2.20231792699069,0.555087932252191,-2.03389204830362,-2.73415555507211,2.36843367282003,-3.65680265130054,-0.169534683304731,-4.74441333023745,0.765192829294304,-2.47951355643698,-4.93111196829858,-2.54740252736051,-0.90268980289448,0.265250210286539,0.262201510185118,-0.633527564205563,0.0928910102678184,0.187612655556196,0.368708354409639,-0.132474029018571,0.57656075692479,0.309842705461879,-0.35332684547010107,1,1,0.99992394,1,0.9999515768897251,0,0,1,1,1,1,0.9999996854686332,1.0,0.9933333333333333,4.14998569368009,0,0.625,High Risk
-2.17913506011513,0.0202179180614602,-2.18273279614299,2.57204626116115,-3.6637331119316,0.0815679330899005,0.268048730691862,0.660437428502318,-2.37402736257173,-3.58281002008802,1.97582106179607,-3.50054226479879,0.170681027067223,-2.73594037401519,1.67025110352247,-4.04629299726117,-5.07947908460579,-2.58685704537203,1.66926055335833,1.95796029993605,1.02642111100453,0.299613501640326,1.65680000734873,0.328432501784239,0.106456827905221,0.691774505774569,0.196778974067123,0.241085157494976,2.5107022117481774,1,1,0.9979134,1,0.9995337027626078,0,0,1,1,1,1,0.9999947366039147,1.0,0.9933333333333333,4.633560660879707,0,0.625,High Risk
0.539275913891047,1.5548897630737,-2.06618033324968,3.24161746276725,0.184735711234243,0.0283295594064726,-1.51552137985061,0.537035374444064,-1.99984603560986,-2.13317644293659,2.75617194535395,-2.24286436771513,0.615204246860345,-4.65280380668112,0.222163815521883,-0.775666019840941,-3.21861825150599,-0.370992501046414,-0.686196723569762,0.302734578907132,0.371773459120687,0.111954592156869,-0.305225078771695,-1.05383526243402,0.77117490696746,0.240878213732036,0.418434531995645,0.232169715166482,-0.277368074406458,1,1,0.99957126,1,0.9996734598357998,0,0,1,1,1,1,0.9999805373158757,1.0,0.955,2.5399355871205755,0,0.625,High Risk
1.08123377540659,0.416413936043849,0.862918740651629,2.52086280678918,-0.0050205000585141,0.563341022808024,-0.123372251574041,0.223121852791809,-0.673597550149872,0.644549730341658,1.1205051770709,1.23777331256672,0.342362114422749,0.0383719793321978,-1.19450308848281,0.0854063439558358,-0.219143226460215,-0.694259215394403,-0.655269928208246,-0.16524877677618,-0.159387123973102,-0.305154013019185,0.0536197364326817,0.0117614442207135,0.375145782072105,-0.106298753298543,0.0210082653765087,0.0105592082435436,-0.3472565335869919,1,1,0.9599729,1,0.9905890943469984,0,0,0,1,1,1,0.1167612370713322,1.0,0.5115605961327649,0.489210908810743,0,0.5,Medium Risk
0.333499490680108,1.69987344643198,-2.59656116696059,3.64394526899047,-0.585067615145778,-0.65465853161144,-2.27578851019488,0.675228968561644,-2.04241592376479,-2.83487115980611,2.80200512615164,-4.39273243849001,-1.36967144973756,-5.32728665168661,0.16315896154,-1.35938947657172,-5.09518287931609,-0.338012656200231,-0.124137989024621,0.32934171405761,0.469211944535006,-0.144362651206432,-0.317980934036568,-0.769644309522666,0.807854587509663,0.228164299217237,0.551001873896763,0.305473419992231,-0.2776076919807912,1,1,0.99980277,1,0.9999662729139971,0,0,1,1,1,1,0.9999998927134623,1.0,1.0,4.291775693849632,0,0.625,High Risk
-2.43923696855219,2.59145816263611,-2.84012564998452,1.28624391005241,-1.7770161908324,-1.4361387710222,-2.20605624197635,-2.28272485775905,-0.292885036315821,-3.71744992918956,3.90739912775712,-7.22000368560677,-1.21173934568755,-9.6576265944335,0.927517899548728,-4.73866234284944,-9.27663556929158,-3.08196108095709,0.17774563450317,0.513529864634298,1.77446009213068,-0.771389807551225,0.0657267026225069,0.103915744896627,-0.0575779255552146,0.24265246086543,-0.268649222026483,-0.743712586038479,0.1470745222625215,1,1,0.9998227,1,0.9999516799200703,0,0,1,1,1,1,0.9999999999949845,1.0,1.0,11.598450502155035,0,0.625,High Risk
-0.860826892469905,3.13178963278262,-5.05296813449749,5.42094070941518,-2.49414141557203,-1.81128662834635,-5.47911745062699,1.18947198655298,-3.90820579292615,-7.06074618169306,4.72997415443333,-8.62905440849263,1.17879796289388,-11.1820634139742,0.445243112696547,-6.53298227788478,-13.3892507167674,-4.48041256680694,0.432054206519352,1.0857595200589,1.19269353963797,0.09035581053399,-0.341880850908644,-0.215924151333767,1.05303194615504,0.271139003495332,1.37329957704625,0.691195095871691,-0.277368074406458,1,1,0.9998609,1,0.9999785677942888,0,0,1,1,1,1,1.0,1.0,1.0,21.42770853974798,0,0.625,High Risk
-2.01900071938148,1.49126972926361,0.0052218157286719,0.817253270463702,0.973252233873376,-0.639268312778292,-0.974072997078786,-3.14692889107659,-0.0031590736890201,-0.121653217684609,0.0243696057661544,-1.07381224038496,-2.00276910919169,-0.895433620751722,1.74893630108012,-0.103527023620705,2.03119574973193,0.31759835677742,0.38676063692414,-1.02996468249782,2.83959610796444,-1.18544284096841,-0.142811875801854,-0.0861029384113329,-0.329113253522425,0.523601226377288,0.626282771397878,0.152439938058669,-0.35029168952854645,1,1,0.9980021,1,0.9980728075128376,0,0,1,1,1,1,0.8532044039816475,1.0,0.804620335002688,1.766546278996224,0,0.625,High Risk
-3.21895201068387,2.70853541135777,-3.26304158740062,1.36186594394607,-1.64577567536596,-1.85298187130258,-3.06995821412732,-1.79687585578416,-0.213356097435365,-3.55198400939375,3.77974953895486,-6.98477147722078,-1.14097718858781,-9.37787845231763,0.921463506707037,-4.65207119462111,-9.09423129737693,-3.08254995409724,0.132330776389272,0.571654488206511,1.80787725006384,-0.890421395077162,-0.325814386573867,0.123039596922715,-0.0930137472776971,0.232105969675678,-0.310518998304807,-0.745294626799623,-0.11131309539350945,1,1,0.9997855,1,0.9999705663693734,0,0,1,1,1,1,0.9999999999825133,1.0,1.0,11.433313663553928,0,0.625,High Risk
-2.04448868873478,3.36830621710984,-3.93711139061868,5.62311973109633,-3.0792320390481,-1.25347411822809,-5.77887959312275,1.70742815771205,-4.46710312294842,-6.0677981503786,3.83978771072745,-8.27784094846266,1.49391490811495,-8.41668121212274,0.792297928201949,-7.86265882647354,-14.5708366290177,-5.18538553288232,2.41438956859515,1.11202761894884,1.48359421639379,0.834310712862216,-0.148485620188757,0.0016688545232818,-0.0389957310939217,0.389526401954901,1.30023645611458,0.549940374167289,-0.32293534979216604,1,1,0.9998771,1,0.9999745803943124,0,0,1,1,1,1,0.9999999999999993,1.0,1.0,21.011045340984037,0,0.625,High Risk
-2.85716975415491,4.04560138120513,-4.19729878550198,5.48719863078843,-3.07077616787415,-1.42268633776286,-5.65131373987331,2.01965739455388,-5.01549098658195,-6.31970750896333,3.77960220775921,-8.07709364590223,1.4408888557809,-7.89190877856627,0.530452788364339,-7.9540700449952,-14.2650559534715,-5.7710644259128,2.8921696850147,0.981608721582294,1.08032273397717,-0.561384150324839,0.102678427260093,-0.0671947227831213,-0.476931194262915,-0.103716356143308,1.16696149168342,0.663632066947765,-0.3493332192312134,1,1,0.99993205,1,0.9999741992971282,0,0,1,1,1,1,0.9999999999999962,1.0,1.0,21.141973846389995,0,0.625,High Risk
-3.51902954497457,4.14086717613266,-3.62820236883577,5.50567203744754,-4.05746250583351,-0.905945282755562,-6.65203112089008,2.63452416520597,-4.67940204045465,-6.54624181523522,3.53820204012168,-8.04228514248667,1.69750938374612,-8.05104890186539,1.07045739646232,-7.39595692479141,-14.3296261567476,-4.86801023649552,2.46384303909831,0.898723234092648,1.58255593340505,0.778710245469243,-0.13570727840987,-0.0042778002749602,0.0327061591060809,0.362014053476722,0.900925137512513,0.554897499272323,-0.31686503790905685,1,1,0.9998771,1,0.99997461584593,0,0,1,1,1,1,0.9999999999999942,1.0,1.0,21.283229725855186,0,0.625,High Risk
-3.89658259167336,4.51835470349753,-4.45402724041253,5.54745334718879,-4.12145857265685,-1.16340665785105,-6.80505305303552,2.92835625399971,-4.91712959933528,-6.60046062150676,3.36784560815482,-7.88897751950988,1.68260346667335,-7.62865191597326,0.779245995683184,-7.53340432942796,-14.0646239413114,-4.96010863308331,2.52578492424474,0.757286726552078,1.69104203001122,0.920020577187708,-0.151103893232396,0.0110068782298363,0.0803032669086078,0.412191351423526,0.635788870982512,0.501049550484962,-0.3351159098207734,1,1,0.9998965,1,0.9999745803943693,0,0,1,1,1,1,0.9999999999999871,1.0,1.0,21.444587049237125,0,0.625,High Risk
-4.19407367570647,4.38289736244467,-5.11836337307965,4.45522984017686,-4.81262068168969,-1.22464470658392,-7.28132786701771,3.33224979453268,-3.6796585127756,-7.52436833681058,2.95434436554049,-7.09982534281257,1.52036890797685,-7.68780276684597,-0.225002021021292,-8.52085016639749,-13.2772997431934,-5.25370461976771,3.62333181402755,0.579098497681141,1.55047296606276,0.614572855219804,0.0285207917962781,0.0137043244720008,-0.149512012856955,-0.131686656095248,0.473934221832509,0.47375748155095,-0.2955790100557857,1,1,0.99990535,1,0.9999746131934876,0,0,1,1,1,1,0.9999999999999418,1.0,1.0,21.55105563449515,0,0.625,High Risk
-4.84437152213983,5.64943864783758,-6.73039574613665,5.25284201867297,-4.4095661499774,-1.74076745609347,-6.31169852901067,3.44916731253577,-5.41628435913526,-7.8335555711125,3.6573495649865,-7.7814479532704,1.50772042676786,-8.60475886835984,0.0105926875670707,-6.55397325691037,-12.6243936527694,-4.98990973846596,1.64541389333247,0.284555090358885,1.19488835625662,-0.845752531858704,0.190673885417928,-0.216443252531192,-0.325033100382822,-0.270327592956951,0.210214051535782,0.391854886292055,0.09276120541364948,1,1,0.99988735,1,0.9999694581946742,0,0,1,1,1,1,0.9999999999999671,1.0,1.0,22.247081910171413,0,0.625,High Risk
-5.68501341827133,5.77651621042963,-7.06497672861513,5.90271545151069,-4.71556383098609,-1.75563332378958,-6.95867914257843,3.87779518702774,-5.54152882782373,-7.50211219093686,3.67670318691664,-7.64298306727846,1.68986512270453,-8.29965953059956,0.646996364810759,-6.79279505972775,-12.075932061394,-4.88217964265137,2.62662452479163,0.299488632233821,1.12864107441301,-0.962959729230981,-0.110045083655872,-0.177733240766768,-0.0891754157062679,-0.049446723229275,0.303444581632884,0.219380438614266,0.09276120541364948,1,1,0.9998876,1,0.9999698628511985,0,0,1,1,1,1,0.9999999999999469,1.0,1.0,22.769396504890025,0,0.625,High Risk
-7.92389070083426,-5.19836019923329,-3.00002392240282,4.42066620155728,2.27219396451756,-3.39448342909715,-5.28343533467969,0.131618922476372,0.658176428693037,-0.794993881662565,3.26606601582438,-2.71918495125522,-0.124103963275087,-5.274865818881,0.638575002552638,-2.99583037811248,-4.69843344927136,-1.71187122467509,3.02526099185501,-2.16981089222224,-0.734307916555449,-0.59992625988411,-4.90830117586834,0.410170234644792,-1.16766024989313,0.520507647303451,1.93742140287106,-1.55259283870249,-0.3041653064693941,1,1,0.9997888,1,0.9996738692652942,0,0,1,1,1,1,0.9999999926879108,1.0,0.9666666666666667,9.957818067830022,0,0.625,High Risk
-0.964567282813312,-1.64354066791439,-0.187726849232163,1.15825311047012,-2.45833564593802,0.852221660377025,2.78516254594393,-0.30360853861401,0.94000553101046,-1.96530880945923,0.159743522312315,-0.490697387341298,-1.1819769933833,-1.95887596969497,1.15274328622613,-1.34126935794233,2.49832484974359,0.777831088916474,1.4060448737262,1.78444933498197,0.447180121733859,0.536203895046365,1.63406050110051,0.203838849073356,0.218748854725954,-0.221885828382479,-0.308554718022245,-0.164500017914328,2.7490418256849924,1,1,0.99819344,1,0.9985997510178268,0,0,1,1,1,1,0.7703395125396528,1.0,0.8507848484848485,1.823907715746532,0,0.625,High Risk
1.08369268125484,1.17950120574809,-1.34615039129229,1.99882440095464,0.818034176163642,-0.771419407716543,0.230307373480955,0.0936831311994367,-0.167594341704434,-1.95980925751416,2.80433477984687,0.312424168769405,-0.595976467281167,-4.66257695501824,-0.299515020029103,1.00141391934549,3.90282478361756,1.61960922680862,-0.888087464222472,-0.0601585380014646,-0.311999618117422,-0.639699711353317,-0.120249014807271,-0.180217694458199,0.609282565276013,-0.339524442352566,0.0967012906089022,0.114971915513805,-0.3493332192312134,1,1,0.9916596,1,0.9991609184367047,0,0,1,1,1,1,0.9679911942178541,1.0,0.9746153846153846,1.8337254175524926,0,0.625,High Risk
1.15937314510686,2.84479469928473,-4.05067950821309,4.77770088131929,2.94898004123771,-2.01036111013216,1.74408581794948,-0.410286521869204,-2.45019774688553,-2.04216786301424,1.84409317018026,-2.42593281501277,-1.5842751343556,-7.2083115791564,0.459828383286257,2.37529619792022,6.4435098643744,2.59184606301795,-2.88977035831304,-0.059264385833904,-0.176541018596848,-0.433469859425429,-0.529323202003731,-0.597019604985794,1.33595405267787,0.547092070642555,0.0099789442639121,0.160769150049196,-0.3493332192312134,1,1,0.9983286,1,0.9995824754237841,0,0,1,1,1,1,0.9999303003920934,1.0,0.9933333333333333,5.92813570414058,0,0.625,High Risk
-4.44684654752268,-0.0147931576652609,-5.12630699550863,6.94512997633611,5.26925534782033,-4.29717716297717,-2.59124168468427,0.342670615268881,-3.88066304488519,-3.97652513857503,5.73008435556377,-5.03186814827248,-1.13543910933334,-10.7870505700202,0.265456230525684,-1.10421746262461,0.636412737308571,0.994101368746143,-0.688720555143152,-0.108006422684084,0.247912823388783,-0.0495861794607239,-0.226016961592253,-0.401235601042542,0.856123603036307,0.661272426708284,0.492559738814261,0.971834350005126,-0.3493332192312134,1,1,0.9998235,1,0.9999543406307039,0,0,1,1,1,1,0.9999999999964952,1.0,1.0,11.764754121589167,0,0.625,High Risk
-2.37753280180283,0.520539361927579,-8.09413945532841,8.00535147326105,2.64075021376276,-3.38158645291742,-1.93437244067366,0.562322111872781,-3.10402718606356,-3.05121035544102,5.73576265915634,-4.74769250131792,-0.784223284478966,-10.7163393018774,0.656516978131348,-1.14246727231018,0.91859080878698,1.12633522330277,0.0929734778841175,-0.634747080915274,0.148284201590387,0.7210995412337,2.66129069804724,-0.508619933518595,-0.401656629278738,0.587611216267645,0.500326371108344,0.551759687906722,-0.3493332192312134,1,1,0.99969983,1,0.9999427946126037,0,0,1,1,1,1,0.999999999995099,1.0,0.9866666666666667,11.715817717383455,0,0.625,High Risk
-2.14051149219032,4.10487145129475,-8.99685940156949,4.02839095079544,-5.13135934640223,-4.15356844523859,-9.36009513383968,1.92207487977653,-4.02618037499445,-13.6913151328525,9.09528815249629,-14.1681208819376,-0.140455389751523,-17.6206343516773,1.48274041096936,-13.2568330912778,-21.675483501012,-7.82346881553754,2.9951111673215,1.72557761649372,1.85426666080646,-0.165533725878965,-0.339938978813788,0.296313762529247,1.36422533027428,-0.518995630979066,2.35233346525926,1.13062483533989,-0.35029168952854645,1,1,0.9999268,1,0.9999656696905049,0,1,1,1,1,1,1.0,1.0,1.0,60.12565167304675,0,0.75,High Risk
-3.14025953779538,3.36734230912012,-2.77893140701488,3.85970067435928,-1.15951836286203,-0.721552487906327,-4.19534154281433,-0.59834584749232,-2.87014477203106,-5.29061006200618,3.82376208408163,-7.49227616878309,-1.52436747989794,-8.52767862203589,-0.391214524543396,-6.18087991000233,-9.6988394108884,-4.81823334077503,-0.871581688476025,0.0777814455070256,2.45233850455703,-0.292962575086153,-0.189330326319261,-0.166482104307702,0.0380396237066075,-0.0154765350217125,0.776691265853111,0.397557490298277,-0.35029168952854645,1,1,0.9999567,1,0.9999708079988826,0,0,1,1,1,1,0.999999999999921,1.0,1.0,13.724366166068512,0,0.625,High Risk
-2.74048250153169,3.65809481979987,-4.11063552027473,5.34024166876747,-2.66677476000958,-0.0927818149405728,-4.38869880914515,-0.280132705503576,-2.82189458229917,-4.46628416302479,3.96979981229186,-7.34671678644283,-1.16331176961366,-8.22556891234807,0.82500183194645,-6.77286703365235,-8.81578542555918,-4.56885928410549,1.12659865645629,0.185325269832133,2.41749541196206,-0.0977119508973041,0.382154506973307,-0.154756519767143,-0.40395592644091,0.277894930235294,0.830061638644528,0.218690442242457,0.09527718994414869,1,1,0.999938,1,0.9999743548126395,0,0,1,1,1,1,0.999999999999927,1.0,1.0,13.571094792279778,0,0.625,High Risk
-3.60054350412378,4.51904694695796,-6.34088353532231,6.21476727765717,-5.829557636648,-2.4780949557906,-9.93841155861772,2.83008605053969,-5.65916161145799,-11.2981564915382,7.2529532268294,-14.2750918465127,0.18890328374228,-14.5559572107641,-0.338288547453357,-12.1465401437589,-25.1627993693248,-9.04284515066473,0.787578807808201,1.38474276211824,2.26377035551642,0.620749345000528,-0.094068667085379,0.536719087381271,0.398142307216228,0.008276586749878,2.05352425334029,0.835749002954128,-0.33819100202471686,1,1,0.9998754,1,0.9999758463529246,0,1,1,1,1,1,1.0,1.0,1.0,59.4393107202523,0,0.75,High Risk
-4.59561704249556,5.08369023030901,-7.58101461744265,7.54603279503791,-6.94916456384443,-1.72918492987346,-8.19019171984817,2.71466961013434,-7.08316933143187,-11.1412776902967,7.38185937432083,-14.4686550955305,0.299659909360646,-13.602211465597,0.516112699650764,-13.5632729563133,-23.8156358284126,-9.17055721888169,3.66952343976659,1.68216030642087,2.24897122592187,0.566843572297808,0.0337440528595468,0.591783408003629,0.334228764687698,0.386801106292112,2.16389776726335,0.983103834042297,1.0049453746379777,1,1,0.99988997,1,0.9999785647339514,0,0,1,1,1,1,1.0,1.0,1.0,59.49083323245245,0,0.625,High Risk
-5.31417320646342,4.14594361146639,-8.53252245892907,8.34439167363678,-5.71800820787464,-3.04353608094129,-10.9891846672722,3.40412865609659,-6.16723364181153,-11.435623996076,7.67453383416429,-14.2960914258331,0.526938923712363,-15.4450258118019,0.991651201275811,-12.3913460034009,-22.5416517287861,-7.98672065349455,2.99255446334225,1.15001731865814,2.33146580801509,0.862996305559532,-0.614453237551036,0.523647877136623,-0.712593271662611,0.324637964828057,2.24509146635599,0.497320848969724,-0.000969202413043667,1,1,0.99986136,1,0.9999785736887262,0,0,1,1,1,1,1.0,1.0,1.0,59.77811401197023,0,0.625,High Risk
-5.93277795485543,4.57174320411303,-9.42724692838332,6.57705643811276,-6.11521812544893,-3.66179789602346,-10.8940785545016,3.70921000751656,-5.85952387304171,-12.981619145004,8.26529460055417,-14.1541653609607,0.479842781966758,-16.3375959447735,1.64604527960375,-12.3753974432385,-21.090612716108,-7.7245457358645,3.85637474254372,1.19107830456005,2.01427156558263,-0.167416617986259,0.0499675298711021,0.384429719031746,-0.0778835668224832,0.56549290579318,1.79201191700266,0.371007021212136,-0.3321606264039965,1,1,0.9999007,1,0.9999785397160142,0,0,1,1,1,1,1.0,1.0,1.0,60.171673157918825,0,0.625,High Risk
-6.49808616880785,4.75051466030858,-8.96655783136602,7.09885431317009,-6.9583762227814,-2.82212618665779,-10.3334056561063,4.03190730189525,-6.64877821018697,-11.6344144245911,6.87757089846463,-13.6976856184689,0.463040401836978,-13.0441824003561,-0.309229265664683,-12.3175797238757,-24.0190985475902,-9.33519307905321,1.95189049542104,0.568338010653019,2.15814308370257,0.1115103626317,0.216413836254987,0.584661255488016,0.760359507805524,0.0819723426822078,1.41506751068321,0.0351241448009389,-0.020338289671648805,1,1,0.99990034,1,0.9999748344366374,0,0,1,1,1,1,1.0,1.0,1.0,60.11576845523054,0,0.625,High Risk
-7.33434102050082,4.96089229123138,-8.45140959148547,8.1748251681484,-7.23746372952055,-2.38271066458273,-11.5088418575552,4.63579753722901,-6.55776036636164,-11.5198609264142,6.45582813287588,-13.3802218737527,0.545279226790884,-13.0268638593173,-0.453594543596495,-13.2515419788937,-22.8839985767803,-9.28783221397402,4.03823050489431,0.723313822249839,2.15375502636012,0.0339216178167887,-0.0140949200284419,0.625249955306557,-0.0533903339689031,0.164708739959664,1.41104749421382,0.315644799820923,-0.30787937887155964,1,1,0.999876,1,0.9999785674197731,0,0,1,1,1,1,1.0,1.0,1.0,60.46367811995461,0,0.625,High Risk
-7.89688615307576,5.38101952251685,-8.45116161458266,7.96392808742307,-7.86241943013129,-2.37681997521459,-11.9497234569249,5.05135567269165,-6.91207600938549,-11.589748311433,6.64520072606617,-13.542095596465,0.888247918839909,-12.623316046432,1.00275519562895,-12.4322791426353,-23.2415971479491,-8.49529893803197,3.45394255518458,0.645974321869431,2.55794395644985,0.926277883497588,0.0327949396062788,0.638072585685807,0.361887213739485,0.444576520477986,1.10192314818996,0.205958012508108,-0.3472565335869919,1,1,0.99992573,1,0.9999750084340369,0,0,1,1,1,1,1.0,1.0,1.0,61.021730553845906,0,0.625,High Risk
-8.42681446458936,6.24165891255794,-9.94646974501132,8.19961393161759,-8.21309336768256,-2.52204605104398,-11.6430282742756,5.33950009801351,-7.05101582770698,-12.2653238444006,7.04773274001302,-13.7429528415799,0.821627223133927,-14.1074642630375,1.02047093981622,-11.8478871921138,-21.6739867132891,-7.78404247450965,3.20430921695579,0.563869352833826,2.42746037443776,0.692666548056743,0.0203051671536146,0.499809093124917,0.467593621860553,0.483161969665241,1.19567086957704,0.198294350072086,-0.000969202413043667,1,1,0.9998869,1,0.9999749046140867,0,0,1,1,1,1,1.0,1.0,1.0,61.67583740373062,0,0.625,High Risk
-8.44028396323147,6.14765332384605,-11.6837061588856,6.70277957100753,-8.15583929706995,-3.71626415558662,-12.4073130564101,5.62657129554302,-6.23216089363823,-13.3866834395246,7.60555947435276,-13.351815018081,0.827049642773684,-14.9794773489142,1.53281308437662,-11.7714969677127,-20.2992165093576,-7.60911006016911,3.80913643570604,0.520732330180873,2.19285541971989,-0.282596814624446,0.0080684981124645,0.403858336982018,-0.0187883930291726,0.522721636106603,0.792690689790115,0.0677895462043786,-0.23247971548136076,1,1,0.9998876,1,0.9999748678839038,0,0,1,1,1,1,1.0,1.0,1.0,62.52068940686871,0,0.625,High Risk
-9.00135134450649,6.61328394324752,-12.4236347238918,7.51992923163014,-10.2662546389665,-2.11320754204122,-9.98428744767688,5.54194143253089,-7.38370453522347,-13.2151722995049,6.89518136811315,-13.2796997105282,0.755263578785977,-13.4170122721265,-0.210774362111057,-10.9226551270595,-21.90649321637,-8.82981976595275,1.85246698871594,-0.645393857931055,1.7758908996538,-1.22475761150578,0.0825935414630254,0.452088727391883,0.463827332847796,-0.296928065001458,0.526505578079938,-0.450890488772313,1.4800271520160526,1,1,0.9998764,1,0.9999778701162184,0,0,1,1,1,1,1.0,1.0,1.0,63.77919238172229,0,0.625,High Risk
-10.6457996485752,5.9183066586857,-11.6710425949575,8.80736917876038,-7.97550136587277,-3.58680634405361,-13.6167970541448,6.42816934590602,-7.36845129274034,-12.8881582878915,6.85495311388866,-13.2116950297251,1.03561234332246,-13.7789556397675,1.04044835530024,-11.2903278082585,-20.5780220491922,-7.54782411219534,3.11847976563045,-0.0461701790327979,2.57196959291347,0.206809359357246,-1.66780140024191,0.558418754024331,-0.0278978765982558,0.354253781525514,0.273328726801416,-0.152908080809092,-0.35332684547010107,1,1,0.9999293,1,0.9999745670829308,0,0,1,1,1,1,1.0,1.0,1.0,64.53459187531334,0,0.625,High Risk
-10.2817840384715,6.30238478416897,-13.271718028752,8.92511547634157,-9.97557831146449,-2.83251346361162,-12.7032526593299,6.70684583868978,-7.07842395823848,-12.8056831898117,6.78605830197451,-13.0642398936784,1.1795245105938,-13.694873039573,0.951479176238826,-10.9542857275047,-20.5835927904158,-7.51726213169106,2.87235363605874,-0.247647527731929,2.47941350799644,0.366932842343897,0.0428046480276363,0.478278891799746,0.157770817898023,0.329900959238367,0.163504340964582,-0.485552212695879,0.11911913859030795,1,1,0.9998878,1,0.9999776621426115,0,0,1,1,1,1,1.0,1.0,1.0,65.34654737690852,0,0.625,High Risk
-10.9407391093978,6.26158585106885,-14.1823387841287,7.18360208606589,-9.95136334372547,-3.86082033664669,-13.5473021949163,7.09647164642187,-6.29402944276594,-13.6081431627279,7.12716532148781,-12.6110036871047,1.21455639781013,-13.9062968240505,1.51406990634864,-11.1257390593549,-19.7162573051191,-7.5527890897252,3.65678707068496,-0.0883420818722748,2.26744826134981,-0.492029167950335,-0.239302865923644,0.454368210214217,-0.101611062526814,0.446996732737119,0.062292646721181,-0.439769899530758,-0.17165678786310185,1,1,0.99989617,1,0.9999779486402798,0,0,1,1,1,1,1.0,1.0,1.0,66.36427112146437,0,0.625,High Risk
-11.6822148930584,6.33288209288301,-13.2971092469499,7.69077191542072,-10.8898905208867,-2.79236003834138,-12.5617825809497,7.28712220991134,-7.57032240879292,-12.8357376825339,5.80470785195987,-12.15623949431,1.18498466280471,-10.4686770874209,-0.41674319706657,-10.999792348619,-22.6088681905866,-9.49874592104677,2.10273540686125,-1.00931993766307,2.13345628394787,-1.27150896701449,-0.0353038871622371,0.615053695038953,0.349023768265454,-0.428922796793546,-0.694935387398427,-0.818970428930229,0.33785004769418453,1,1,0.9998499,1,0.9999766196972957,0,0,1,1,1,1,1.0,1.0,1.0,67.26710507956027,0,0.625,High Risk
-12.8357595817777,6.57461542943546,-12.7884624825347,8.7862568391843,-10.7231209172666,-2.81353585641993,-14.2488465310891,7.96052082227957,-7.71875064933864,-13.0740681657723,5.97513066688423,-12.375374654316,1.47220511856229,-11.4706925061593,0.993143253686908,-10.9738046181506,-21.047629901985,-7.99078328442082,3.33103902941017,-0.617296150458597,2.67949007049737,-0.0473351062766089,-0.836982346024597,0.625349328179101,0.125864937720446,0.177623612238763,-0.817680255865793,-0.521029795905738,-0.20428471423481395,1,1,0.9998605,1,0.9999735015509262,0,0,1,1,1,1,1.0,1.0,1.0,68.3768146877478,0,0.625,High Risk
-12.9809425647533,6.72050777097643,-13.4556359425571,8.69861009281133,-11.4795517833437,-2.68151865053833,-14.0192907576919,8.21819051252864,-7.93089996826719,-12.6959474039839,5.58936163192341,-11.9608660326622,1.53867076186333,-9.88721406724695,0.6339792179337,-11.3502438549644,-21.7101876525534,-8.85945192496352,3.62971365041526,-0.84330261969681,2.54962823474498,-0.532227763596568,-0.235096473604284,0.673209169467055,0.22659797207791,-0.0061678581900246,-1.18569550568181,-0.747361321404312,-0.1149872315332861,1,1,0.9998872,1,0.9999738065560084,0,0,1,1,1,1,1.0,1.0,1.0,69.55092016962955,0,0.625,High Risk
-13.6807603221285,6.99038924197379,-13.7700011356219,8.694896899191,-11.4269679730732,-2.91984498997907,-14.5945615876748,8.62290473620712,-8.09069700355941,-12.7806339362021,5.3306013514672,-11.898065148453,1.59599290197592,-9.56016927087188,0.596403762858148,-11.3809956026059,-21.5368016259059,-8.48535580519493,3.51761050964655,-0.877391609905133,2.98955250855903,0.497598716647637,-0.509290299460639,0.732503456665873,0.280527953637944,0.280037142108891,-1.40668683562971,-0.663643363595055,-0.35029168952854645,1,1,0.99990904,1,0.9999734983274791,0,0,1,1,1,1,1.0,1.0,1.0,70.82951613412004,0,0.625,High Risk
-13.8972058704019,6.34428045616839,-14.2816664432471,5.58100899740718,-12.8871331616131,-3.1461763671985,-15.450467216827,9.06028147442157,-5.48612077680694,-14.6764702497464,5.1483517210937,-10.7495919949504,1.58548896754337,-9.79801207658904,0.733276999106463,-12.675268899047,-20.7406637223494,-8.15366802624724,5.2283417900513,-1.02522792390103,3.05808183846397,0.941180290424241,-0.232710298333368,0.763508019302571,0.0754562386388435,-0.453839571774416,-1.50896825698328,-0.686835738780169,-0.31343051934361343,1,1,0.9998758,1,0.9999699541199418,0,1,1,1,1,1,1.0,1.0,1.0,72.3424109860467,0,0.75,High Risk
-15.0209806030789,8.07523975163174,-16.2980905380446,5.66482005292134,-11.9181533731348,-4.24695712395156,-14.7166675516611,9.43508432139337,-6.7953981269244,-15.1241628144947,6.03766622940467,-11.6767222367813,1.32697878633103,-12.3816058947985,-0.0716392778020956,-9.48414337021449,-19.6718814509262,-7.64327282087749,1.16906441801605,-0.995786857833133,2.52511546344786,-0.832074336953531,-0.186116823393738,0.429780833741005,0.697102812320081,0.0560310740941657,-1.31088762047629,-0.707402991270252,-0.21706431819925445,1,1,0.999846,1,0.9999778870026428,0,0,1,1,1,1,1.0,1.0,1.0,74.22950338460136,1,0.75,High Risk
-14.9703456545046,8.40142101040258,-16.8672384869515,8.25233430637468,-13.5651304873758,-2.78243755853826,-14.2637353490007,9.64341914576661,-7.70149868394332,-14.2266980575287,5.61099879659254,-11.7939788348294,1.59838653001563,-11.6069703760766,-0.0441804437896824,-9.28695473739369,-19.8997264249367,-7.518050849236,1.24351749943488,-1.61466005601289,2.71404480183882,-0.101355310559619,-0.439665974014017,0.519513861479409,0.789327982433797,0.0643574266343142,-1.62138568643941,-1.10481920857705,0.7369730540086163,1,1,0.99982625,1,0.999973494968085,0,0,1,1,1,1,1.0,1.0,1.0,76.0108019702466,1,0.75,High Risk
-15.1404496225073,7.37804241221284,-16.356367356494,9.19493491430021,-13.4661632895942,-2.95843050082103,-16.1655386244192,10.0752539455532,-7.90182112627786,-13.0094028057641,4.82823533219729,-11.0584014244364,1.99812557552295,-8.59204740189288,0.540385309176116,-10.6157452968661,-21.0178983428443,-8.39739305199317,3.18355894967976,-1.69148198782553,3.14742810473234,0.341677595071206,-1.15016247089952,0.795189734964946,-0.194542181109758,0.145963568626439,-2.45868034756574,-1.18988788135128,0.07219403028337806,1,1,0.9998505,1,0.9999735186934724,0,1,1,1,1,1,1.0,1.0,1.0,77.32152984270685,1,0.875,High Risk
-16.5265065691231,8.58497179585822,-18.6498531851945,9.50559351508723,-13.7938185270957,-2.83240429939747,-16.701694296045,7.51734390370987,-8.50705863675898,-14.1101844415457,5.29923634963938,-10.8340064814734,1.67112025332681,-9.37385858364976,0.360805641631617,-9.89924654080666,-19.2362923697613,-8.39855199494575,3.10173536885404,-1.51492343527852,1.19073869481428,-1.12767000902061,-2.3585787697881,0.673461328987237,-1.4136996745882,-0.46276236139933,-2.01857524875161,-1.04280416970881,1.1011118944703924,1,1,0.9998925,1,0.9999692955068223,0,0,1,1,1,1,1.0,1.0,1.0,80.58662249443084,1,0.75,High Risk
-1.04800528916284,1.30021877705413,-0.180400575706546,2.58984264330545,-1.1647935523262,0.0318234062644092,-2.17577809872951,0.699071737631603,-1.14020827768059,-3.22678710680364,3.49080495043995,-2.45433920979968,0.177189485247745,-5.16060809721957,-0.686114234287445,-3.99614471325468,-4.69556272249452,-1.81916096350279,1.46108031890323,0.644993308471186,0.549014458224783,0.624321410729297,-0.136662719519743,0.131737918713915,0.0309213718346795,-0.176701082429858,0.504897671691263,0.0698824528615783,-0.19577829034598326,1,1,0.9996252,1,0.9998336348065642,0,0,1,1,1,1,0.9999996975263941,1.0,0.9934703196347031,3.731676488254913,0,0.625,High Risk
-18.2475132286673,8.71325017095966,-17.8801268207974,9.24945923683651,-14.5412125237225,-1.91156359308197,-18.0146601306809,5.52216218981207,-9.28392451240577,-14.5571590528859,4.39243558567834,-10.3800731219167,1.61182090128819,-6.91763950579126,0.158841037400664,-10.3282423879882,-20.2545556896053,-8.53452256380618,3.25653448060821,-0.526368288315335,0.598842606268504,0.615318868165234,-0.486498927270445,0.739268468431111,-0.236844752247958,-0.0460816699541002,-3.01147328474912,-1.02214746628442,-0.13787070988211234,1,1,0.9998553,1,0.9999735243924825,0,0,1,1,1,1,1.0,1.0,1.0,83.40751230506552,1,0.75,High Risk
-3.24018658731411,2.978121790406,-4.16231393691373,3.86912437879902,-3.64525645477793,-0.12627056104764,-4.74472973694714,-0.06533104369042,-2.16836609501902,-4.75830407509117,3.47109784646449,-6.5331067689397,-0.983468669556775,-6.07398900285949,1.12540670902583,-7.71804240456347,-9.85592743669396,-5.19390789281555,2.04269768780688,-0.224043462894117,2.60144102940002,0.23191011639882,-0.036489849092758,0.0426396452203885,-0.438330345949387,-0.125821080392006,0.421299802439127,0.0031458761215678,0.3348548280150188,1,1,0.99996114,1,0.9999745727876025,0,0,1,1,1,1,0.9999999999983653,1.0,1.0,13.406544374493414,0,0.625,High Risk
-2.14441147422114,1.0734990949761,-2.77366294436956,1.38439373061694,-4.01547712730958,0.747235431622141,1.52563753547227,0.192987836205386,-2.43186196584916,-4.15583783449678,4.35477463025116,-2.87240010922107,0.468875462284219,-4.55566674751092,0.699671492981511,-2.90114077639634,-4.67466711122835,-2.21362325223921,1.29616504982889,0.668123787084126,0.14465327974064,-0.885681640451265,0.625098628062992,0.0965268919194303,-0.189454895625625,0.532908314019749,0.423044721673666,-0.210266310409715,2.851638083762016,1,1,0.9995196,1,0.9999010708968259,0,0,1,1,0,1,0.9999980689011422,0.0,0.9533333333333334,5.137756897007585,0,0.5,Medium Risk
-7.22273130585545,6.15577293013926,-10.8264598371575,4.1807791786876,-6.12355510135628,-3.11413648152623,-6.89511228298774,5.16151637665229,-2.51647653288733,-6.40337055173194,3.18605794805635,-6.85557098142662,-0.837722614772195,-8.03661487513855,0.956969643768367,-4.55719345408278,-7.65470424350142,-2.58841864362628,0.718555009324824,0.818859416826789,0.91270032192132,-0.630358133073199,0.190886662173033,-0.0612634320139128,0.379774656663009,-0.266845465234688,1.19369457713473,0.257468457389868,0.045995842156275064,1,1,0.99991906,1,0.9999741045693913,0,0,1,1,1,1,0.9999999998053688,1.0,1.0,19.890386192121557,0,0.625,High Risk
-19.1397328634111,9.28684735978866,-20.134992104854,7.81867331002574,-15.6522076772063,-1.66834770694329,-21.3404780994803,0.6418997011947,-8.55011032700099,-16.6496281595399,4.81815244707108,-9.44531478308794,1.31705629332341,-7.24346097400378,0.830910291033798,-9.53325705039319,-18.7506411474674,-8.09264877340557,3.32675827497024,0.42720343146936,-2.18269194560955,0.520543072366642,-0.760556415188733,0.662766638397236,-0.948454306235033,0.121795925829793,-3.3818429293561,-1.25652362136258,0.20538146535028123,1,1,0.999744,1,0.9999642139501094,0,0,1,1,1,1,1.0,1.0,1.0,90.94395489106742,1,0.75,High Risk
-20.9069081014654,9.84315322329519,-19.947726046163,6.15578864849515,-15.142013159868,-2.239565648142,-21.2344631540976,1.15179506554623,-8.73967037069304,-18.2711681738888,4.67734929657245,-9.58356643737056,1.03516582361622,-8.19969002891841,-0.32651888245129,-8.37643882097816,-18.4854603221489,-7.58997395860914,1.1266403652792,0.396654845079575,-1.97719619445615,0.652931885295435,-0.519776859411322,0.541701730134149,-0.0538607606750096,0.112670774311131,-3.76537100922261,-1.07123831223447,-0.3493332192312134,1,1,0.9998567,1,0.9999708477204092,0,1,1,1,1,1,1.0,1.0,1.0,93.14593950596888,1,0.875,High Risk
-4.56634156694274,3.35345148012501,-4.57202780762531,3.61611930403552,-2.49313810882875,-1.0899997127127,-5.55143306976649,0.44778308394893,-2.42441402571208,-5.69992228265959,3.58682418337431,-6.63622904939297,-1.1281764439465,-7.24554959537009,0.638325536245456,-6.85681003898144,-8.85187850534679,-4.5918832274368,0.936939858866071,-0.249127726683026,2.67446587862872,-0.0208799797343963,-0.302447083877198,-0.0863964000107124,-0.516059779833395,-0.295102234035121,0.195985145691014,0.141115102721758,-0.3493332192312134,1,1,0.99993205,1,0.9999743141440068,0,0,1,1,1,1,0.9999999999986071,1.0,1.0,13.592438781435487,0,0.625,High Risk
-2.52401156950864,2.09815186657166,-4.94607520997003,6.45658840962748,3.17392137712693,-3.05880605463133,-0.184709664717417,-0.390419986932457,-3.64981179874133,-4.07758540918968,4.38921350258246,-5.84955800710779,-0.750964374574877,-11.5838983872121,0.838750052957938,-1.4610292465747,0.635694232941605,0.390150149131876,-1.06302761603247,-0.162797482259592,0.0279349679314103,0.2203664412615,0.976347942245667,-0.290539415419797,1.1610017911475,0.663953624390758,0.456022723280535,-0.405682084802192,-0.3493332192312134,1,1,0.9998307,1,0.999946370554615,0,0,1,1,1,1,0.9999999999983273,1.0,0.9933333333333333,10.436357133717662,0,0.625,High Risk
-3.84300903438536,3.37511020399082,-5.49289319668564,6.13637764344382,2.79719546082743,-2.64616226518954,-1.66893106391951,-2.61755205155675,-3.94584260288362,-4.56525209408734,4.09721607443527,-5.4509164388957,-0.965692752165388,-10.9044588731508,0.526947764497797,-1.13975413041553,0.835639563488731,0.389774231161906,-1.43960797610281,0.0547955667305956,-1.2778115827927,0.719652000906672,0.451125175067876,-0.25809365058648,0.656129466667281,0.556676326289228,0.739383212515096,-0.203049673816441,-0.3493332192312134,1,1,0.99974006,1,0.9999253905113071,0,0,1,1,1,1,0.9999999999961433,1.0,0.9933333333333333,10.777753605946367,0,0.625,High Risk
-4.07597468486268,0.963031254092613,-5.07607019842086,4.9559633578155,-0.161436852450419,-2.83266299767191,-7.619765445461,1.61889544068454,-2.99209215744034,-7.14219911358407,6.27866584548672,-9.40706094796316,-1.81887396082411,-10.7395718907673,0.224206083734093,-8.42708279627514,-13.5021528919623,-4.71296758855481,2.6304759946371,0.0588612515023862,1.03073825203134,0.165327776328984,-1.01750231442165,-0.477983380813876,-0.304986825039416,-0.106089275128594,1.89971434181658,0.51146170682063,-0.3493332192312134,1,1,0.99992645,1,0.999976866904361,0,0,1,1,1,1,1.0,1.0,1.0,24.361062472814115,0,0.625,High Risk
-4.42350762703846,1.64804777413239,-6.93438785672913,4.89460056642244,-5.07813111998958,0.0108488776042783,-3.40909567897227,1.40929050029893,-3.26067152936237,-7.78135276287243,6.28337707847689,-9.65660635996176,-1.61913485478932,-10.7321089251086,0.288220764475555,-7.89812205175049,-13.5706825019333,-4.59023530005094,2.59017338411194,-0.562264103606392,0.698359061079766,0.487477720585547,1.22869827965959,-0.535217333195035,0.388278095984062,-0.0094656471517041,2.300164247557,0.0812314897144668,2.2345429573290962,1,1,0.99992025,1,0.9999745061135706,0,0,1,1,1,1,1.0,1.0,1.0,24.762918486075996,0,0.625,High Risk
-1.10964552515211,0.811069300236989,-1.13813532731484,0.935264670223385,-2.33024787785051,-0.11610605479739,-1.62198623466478,0.458027900124116,-0.912189159098001,-2.96199570179906,2.77896789639267,-2.37959961108923,0.918962784041379,-4.01578678027745,-0.530009790602772,-2.81588776765893,-6.6493577879714,-1.74611328389964,1.08340676372199,0.168890572541282,0.641593528333926,0.841754904759402,0.176727750810022,0.0810041184974676,-0.258898742565752,0.707654245320429,0.418648658517389,0.0807557537005394,0.4624511863474793,1,1,0.9992459,1,0.9998020986270744,0,0,1,1,1,1,0.9999918511922735,1.0,0.9934703196347031,3.746566724324669,0,0.625,High Risk
-3.36531852073793,2.42650326490524,-3.75222652688429,0.27601659835291,-2.30587029698066,-1.9615783188747,-3.029283444673,-1.67446174770883,0.183961286375875,-4.98092843827312,3.65788166668826,-6.40982235504524,-1.0873102947816,-8.50943318717532,1.43257178733402,-5.36989001074152,-9.06907940021057,-2.81980659631422,0.874542948076265,-0.0368373256714411,2.07000816413804,-0.512625728150551,-0.248501692422131,0.126549624264963,0.104166256940212,-1.05599732614735,-1.20016496678239,-1.01206584314534,-0.0018877364479878425,1,1,0.999759,1,0.9997685143457663,0,0,1,1,1,1,0.9999999999668467,1.0,0.98,11.5689417205027,0,0.625,High Risk
-1.27813773524814,0.716241580332591,-1.14327922918382,0.217804800631468,-1.29389046969973,-1.16895152511977,-2.56418198278833,0.204532467641239,-1.61115462297744,-1.25028553742691,3.36736102310858,-4.58309584545642,-0.806939683730076,-5.20830522179452,0.525823682164556,-1.81591431259746,-5.24911146794949,-2.19669120679566,2.10905264474381,0.817203155491914,0.490182667533974,0.470427403079725,-0.126261344339209,-0.126644458784455,-0.661907559467122,-0.349792996571914,0.454851068382725,0.137843477172283,-0.2538855521217986,1,1,0.9994855,1,0.9990559778894711,0,0,1,1,1,1,0.9999988131036074,1.0,0.9534090909090909,4.09298324777326,0,0.625,High Risk
-4.61746102917986,3.66339525318756,-5.29744641020372,3.88095965427288,-3.26355091342907,-0.918546733700683,-5.7152620778107,0.831039550183167,-2.45703377841015,-5.72681709632961,3.52572598717089,-6.48911156043177,-1.01279063167124,-7.05231095228929,0.78444540329242,-6.77397674966222,-8.58807007314333,-4.51089174541971,1.14787783834912,-0.34645583270524,2.69817489528664,-0.0270808907137453,0.366775230313112,-0.123011441662663,-0.300456526768528,-0.239996239629945,-0.183463054061235,-0.0733597031884566,-0.3493332192312134,1,1,0.9999255,1,0.9999743175390956,0,0,1,1,1,1,0.9999999999963285,1.0,1.0,13.784590340240436,0,0.625,High Risk
-0.234922308660103,0.355412643473604,1.97218278594888,-1.2555927126284,-0.681386509254345,-0.665731671302037,0.059110489686438,-0.0031532770910343,1.12245113562848,-1.48124586053984,-0.473852105914046,0.9221844195147,0.913513839827119,-0.499349578859305,0.933898442932603,-0.560471962989049,-0.207706529097452,0.380541571066627,0.574335960915453,-0.0034694628125566,0.220670430492642,0.912107214037724,-0.286337679755902,0.451208246513352,0.188315252003614,-0.531845781256926,0.123184687838547,0.0395806345060398,-0.3493332192312134,1,1,0.9447916,1,0.9829121300023882,0,0,0,0,1,0,0.05132182080381914,1.0,0.438939901343233,0.6398842812607048,0,0.375,Medium Risk
-1.47689343619361,2.12231379246165,-1.22946956041319,1.20184879823143,-0.343264387787516,-1.31770390932283,-1.52814215893659,-0.620953383361586,-1.21304032250238,-2.97526724837752,3.53221960237349,-3.68263987014104,-1.15477748628793,-5.16522922685485,-0.240091425455286,-2.40492728839102,-5.67173864053893,-0.99429395124741,-0.289935891439032,0.276893466308702,1.18603560532412,-0.0402148700651311,-0.238930086824211,0.110144325976026,0.0454183699836296,-0.56923231725429,0.481018701576887,-0.0475554426964208,-0.3493332192312134,1,1,0.999723,1,0.9999125769557143,0,0,1,1,1,1,0.9999997714313008,1.0,1.0,4.107951101573758,0,0.625,High Risk
1.00199171536791,0.047938380305255,-0.349001552412107,1.49395843665091,0.186938875230095,0.190965634380865,-0.0011121042259357,0.147140194715723,0.580415339651519,-0.792937990748917,-0.984171728067149,-0.567380064895921,-1.10559224967424,-1.38121354248053,0.405490421163411,0.279890165223202,1.1321602098483,0.0929929763441439,-0.298920455435975,0.016003673251105,-0.334417439439,-1.01431467260935,-0.128427315817252,-0.946241837638308,0.456090274720588,-0.453205972393371,0.0466270924243456,0.0646983543716214,0.06995759958960096,1,1,0.9664914,1,0.9883075826859806,0,0,0,1,1,1,0.3189949515291654,1.0,0.5364583182777184,0.6767418417266752,0,0.5,Medium Risk
-1.51924353075082,2.30849245367643,-1.50359931953802,2.06410058377601,-1.00084505842829,-1.01689703316417,-2.05973051990126,-0.275166374590629,-1.56220609694371,-2.75579692797163,3.43824825990431,-3.52152936013651,-0.918761288376486,-4.45210024854037,0.499313753853031,-2.90790343439971,-5.24864639527919,-0.936814652613817,1.16012029433585,0.175018552247898,1.30787143187069,0.102825644139183,-0.0177462832428156,0.149695925673219,-0.0966024680642115,-0.369114567720136,-0.0192440931269227,-0.20831909164279,-0.3493332192312134,1,1,0.9999647,1,0.9999579273850642,0,0,1,1,1,1,0.9999996251214356,1.0,1.0,3.7974445884489083,0,0.625,High Risk
-1.3094413460044,1.78649494921925,-1.37107024042555,1.21433549160762,-0.336642221570741,-1.39011986486896,-1.7091091066305,0.667747590382643,-1.69980879955917,-3.84391103993778,2.96259879138962,-3.95604520140947,-1.53923191944683,-4.63463139323434,-0.248403490673103,-2.05855138409951,-5.63549400383391,-0.775271204300359,-0.23930965408033,0.253464129147281,0.533521286327158,-0.0221799534199139,-0.299555851230085,-0.226416167090146,0.364360460778096,-0.47510178544057,0.571426303828437,0.293425836896259,-0.3493332192312134,1,1,0.99957925,1,0.9999582763265935,0,0,1,1,1,1,0.9999995101043002,1.0,1.0,4.034504059011867,0,0.625,High Risk
-1.34650881762975,2.13243062687771,-1.85435531823997,2.11699770636107,-1.07037837875552,-1.09267135682306,-2.23098606430574,1.03642490791919,-1.89551573571367,-3.36401057980002,2.88704787664695,-3.78445965821089,-1.28890425847532,-3.98562600822203,0.531838297985603,-2.60370264991872,-5.15759639749234,-0.696010004579956,1.28596139472532,0.221918669151309,0.609508181503446,0.202874284952422,-0.0607913872259794,-0.186733353366053,-0.0174012274970924,-0.283751034119116,0.395451049081013,0.233138575967241,-0.3493332192312134,1,1,0.9999417,1,0.9999697133802543,0,0,1,1,1,1,0.9999992124662869,1.0,1.0,3.7062451198417667,0,0.625,High Risk
-0.481531150954278,1.05954227713479,0.647117402910268,0.905586233912649,0.81936824001549,-0.0911835663506086,0.504134851323607,0.161064336313081,-0.765053776949662,-0.55054534794377,1.48028602025778,-0.105359122514952,-0.804841454759319,-0.819901849432008,0.916881766469427,0.201150538864914,0.874890632270019,0.941476678511478,0.272698476205832,-0.0425151328862889,0.0706328691882125,0.192490772493404,-0.174659253437827,-0.438908072947488,0.239258996609831,-0.217823405004998,-0.0728522476980958,0.0104633125817071,-0.3493332192312134,1,1,0.9817545,1,0.9915835591404882,0,0,0,0,1,0,0.39827787445324747,1.0,0.49169351239906833,0.3750047461584438,0,0.375,Medium Risk
1.17671575912859,0.557090903443645,-0.490799622910899,0.756424293386678,0.2491915585394,-0.781870546568533,0.228750322026116,-0.0408400791377636,-0.432110564245139,-0.585778431385528,2.28193937592012,0.654566719272309,-0.310379432324912,-1.04370522504569,0.513750399321109,0.399177755263914,1.14313007770305,0.256013886486252,-0.511210088142662,-0.10277180482264,-0.0621660000083396,-0.128168129786567,-0.0401759895545737,0.110040347467026,0.437891432381746,0.368808854483266,-0.0182873480981415,0.0311734033163997,-0.35029168952854645,1,1,0.95813555,1,0.9805141335415137,0,0,0,1,1,1,0.25250035500549506,1.0,0.6154775288766391,0.39795884383603825,0,0.5,Medium Risk
-0.887286905534409,1.39000150924187,1.21968581996397,1.66142517591961,1.00922783931161,-0.733908444749524,0.855828927220991,7.68462281197611e-05,-1.27563149417191,-0.433393925731893,0.141178993422237,-0.46034845602669,-0.367867931021877,-1.16833941780754,0.152107630618373,0.882231823726865,0.601804858067329,-0.304092391463557,-2.19176427800358,-0.268347371086252,-0.0837343767453397,-0.346930257215667,-0.0506187067885922,0.23104442462061,-0.450759875468406,-0.376205380931623,0.0345043694610426,0.157775320404088,-0.3230551585793327,1,1,0.9702909,1,0.9914088764059485,0,0,0,1,1,1,0.49193823451049795,1.0,0.6567169719600163,0.8159182210891799,0,0.5,Medium Risk
0.364376991240021,1.44352346510311,-2.2209073739296,2.03698508634993,-1.23705503097364,-1.72816100636381,-2.05858236489925,0.358895084111675,-1.39330570864802,-3.50579032571994,2.81431415481622,-3.34217599575955,-0.150269366634614,-4.82032224395007,1.10260955786246,-3.15703267184314,-4.40585022452865,-2.55882785118576,-0.208809536741974,0.310979602822284,0.402729680639885,-0.132128891527171,-0.0329771760409112,0.460860836846427,0.560403798330262,0.409366102366135,0.539668285308506,0.296918378210685,-0.35029168952854645,1,1,0.99988806,1,0.9999579740085421,0,0,1,1,1,1,0.9999993482792959,1.0,1.0,3.9742691287378364,0,0.625,High Risk
-1.23280412810524,2.24411874456383,-1.70382579275654,1.49253586483501,-1.19298516971563,-1.68611021267902,-1.86461150490967,0.856122313785725,-1.97353527775248,-3.94238290411726,2.40165068027699,-3.39426561777896,-0.145161724970334,-4.32979551307589,0.758760885824274,-3.19904647594093,-4.48018356526203,-2.48566878350317,-0.0958074336903356,0.207889301735382,0.560475065574211,0.165681717805126,-0.0137535165177887,0.474935180269258,-0.218725074414735,0.302809125708237,0.46603094153746,0.250133538809307,-0.35029168952854645,1,1,0.99966574,1,0.9999395090837169,0,0,1,1,1,1,0.9999984184813772,1.0,1.0,3.850822915294985,0,0.625,High Risk
-2.79077103894771,-1.46426898705405,1.03116500769674,1.9213560843992,-0.0900138203463016,-0.483871347899329,0.780731181206493,-0.348775795673106,0.609133451935087,0.225933803313285,-1.06453419450651,-0.787372737955552,-1.57646958451914,-0.126756361711439,0.367012281940972,-0.635321654596588,0.327006411459276,0.0438160872305435,1.40357376229763,-1.37672077946455,-0.392667221970544,0.440019838749267,0.777659196131864,0.418551935584405,0.244563185949918,-0.159360689127314,0.0605395343366452,0.356958362771354,0.4796637154370851,1,1,0.97903675,1,0.9931762226656001,0,0,1,1,1,1,0.7317190558272223,1.0,0.7568137769387093,1.0399017735101268,0,0.625,High Risk
1.24384844934819,0.524525772902587,-0.538883626044331,1.20919597418592,0.479537596763788,-0.19742873374782,0.0491662598481355,0.0377916321310988,0.128118590882765,-0.552902906422504,-0.668358831257417,-0.818803693746743,-0.883832091051869,-0.994580854433906,1.50684875024006,0.62400331534091,0.705794271683871,0.524181774270524,-0.73174984602915,-0.171540654731681,-0.0516598862539047,-0.0840894090242923,-0.192846388954053,-0.917391985542652,0.681952813037122,-0.194418574345634,0.0459171449577401,0.0401359980627264,-0.3493332192312134,1,1,0.9819702,1,0.9894448619517919,0,0,0,1,1,1,0.3521093750982098,1.0,0.5092270886753225,0.5719193173348548,0,0.5,Medium Risk
-2.13905055735992,1.39436766175691,-0.612034894995233,1.04932705568948,-1.1621019076536,-0.768219363115428,-1.99723740081007,0.574996543366778,-0.98083177624058,-2.49561924548174,2.5555891530874,-3.53043627008024,-1.01623381526368,-3.45519657744236,-0.0563633864076254,-2.46773703008032,-7.14032596614864,-1.27128002161365,-0.0017219235416342,0.0254265126136498,0.696954881120808,0.740003045389771,-0.15511524943514,-0.0506074460808317,0.268368293338874,-0.469432841163864,-0.405813768055179,-0.152170846988601,-0.2745325997768477,1,1,0.99695706,1,0.9998082707216172,0,0,1,1,1,1,0.9999943281887325,1.0,1.0,3.929681534743759,0,0.625,High Risk
-1.55421636788274,1.69422928947167,-0.903333638062708,2.42543608490852,-2.89978748492542,0.133028430446298,-0.286225919411127,0.555944559014401,-1.39491838156524,-2.89261176082088,1.96223597455109,-2.38526266137636,0.458337202321203,-3.72454345377605,1.84397832505056,-2.01392370780293,-2.81560029569659,-1.09229027232613,0.139687230416985,-0.0323343863075664,0.493436338989664,0.733393182273647,0.202349959595007,0.492053700892718,-0.183790909215829,-0.19991711985608,0.395200622125666,0.0276930320930062,1.0843786005294531,1,1,0.9996146,1,0.9997422769157949,0,0,1,1,1,1,0.9999764205746737,1.0,0.9736506527243433,2.491491545224425,0,0.625,High Risk
-8.46184470133154,6.86619841481805,-11.8382692206767,4.19421096699453,-6.92309709702798,-3.22114664850055,-7.55349651116055,6.015618186942,-2.4661434402463,-6.24624318477127,2.94398521977131,-6.51238933713471,-0.698175946764313,-7.54364593187217,0.92645528395257,-4.3302948063467,-7.33969796421674,-2.55090085394741,0.645904895509124,0.814710155897088,0.918244480856236,-0.715366336614015,0.210747336284603,-0.0602114737129364,0.509534595479059,-0.257283692851139,1.17002651560613,0.229300914797861,0.045995842156275064,1,1,0.99991906,1,0.9999779581347507,0,0,1,1,1,1,0.999999997891897,1.0,1.0,21.840725699272685,0,0.625,High Risk
-9.16978982388629,7.09219680097303,-12.3540368689178,4.24306897383907,-7.1764377547738,-3.38661804868541,-8.05801194656602,6.44290866379074,-2.41298660229065,-6.13490688724113,2.82667122820047,-6.30984277729399,-0.623002385785158,-7.27986921938704,0.924233225976226,-4.21553713481175,-7.17167241498026,-2.55033668458713,0.596364320528384,0.816651661759946,0.926156961108813,-0.817706132334589,-0.150434415715838,-0.039383059739641,0.485639753958673,-0.264324608977439,1.1596904600617,0.232758088392131,0.045995842156275064,1,1,0.999912,1,0.9999780028642172,0,0,1,1,1,1,0.9999999932093826,1.0,1.0,22.98998790661204,0,0.625,High Risk
-9.84877583247984,7.36554648639464,-12.8985382309124,4.27332307326376,-7.61199101126967,-3.4270452374345,-8.35080815251842,6.86360392236365,-2.3875673251028,-6.06578236274727,2.70785640511515,-6.13603446645473,-0.545976095807375,-7.02898027290706,0.916068574603162,-4.09288449351717,-7.01462170672071,-2.5309672589153,0.554027499068527,0.832398066019608,0.931958309450931,-0.87446736131737,-0.192639469446569,-0.0354260265633338,0.538665050436448,-0.263933516556866,1.13409509350836,0.225973163975667,0.045995842156275064,1,1,0.999912,1,0.9999745434125785,0,0,1,1,1,1,0.9999999772141898,1.0,1.0,24.241516076579842,0,0.625,High Risk
-10.5273044341626,7.63974510878724,-13.4431145027514,4.30340291762786,-8.04820986720506,-3.46699653575204,-8.64319279153494,7.28410530047069,-2.36209663777244,-5.99659592015915,2.5891035399443,-5.9622614216576,-0.468955402702701,-6.77818372152522,0.907946622048306,-3.97013003226966,-6.85761265464239,-2.51173568202806,0.511761951503497,0.847085223070639,0.937415595523653,-0.931178206442092,-0.235696693319785,-0.0313933540844794,0.591558276561224,-0.263516323288921,1.10889729755393,0.219021143211497,0.045995842156275064,1,1,0.999912,1,0.9999745434094058,0,0,1,1,1,1,0.9999999236047242,1.0,1.0,25.5938395163661,0,0.625,High Risk
-11.2054613927303,7.91463349246877,-13.9877516388388,4.33334117975523,-8.48496952268505,-3.50656117309394,-8.93524303241605,7.70444915069923,-2.33658417970129,-5.92735916911943,2.47040101557896,-5.7885170305197,-0.391939257057427,-6.52746224116063,0.899859362283244,-3.84729284231041,-6.70063744821132,-2.49261610727828,0.469554313978012,0.860911741764656,0.942593331002491,-0.987848114682141,-0.279446305433771,-0.0272992246723051,0.644344195524188,-0.263077923082484,1.08402252771111,0.211933356664813,0.045995842156275064,1,1,0.9999008,1,0.9999745441049811,0,1,1,1,1,1,0.9999997440344486,1.0,1.0,27.046934148951777,0,0.75,High Risk
-1.10184700698197,-1.63244121283891,0.901066556872515,0.847752885502341,-1.24909072939532,0.654936785498635,1.44886782586722,0.0233079125519542,-0.136742416820243,-0.150129182778684,1.17235508293037,-0.795988136674965,-2.13695096583302,0.578869439330842,1.4121147225086,0.0134668068434063,-0.119204381070058,0.826814373772222,0.476859902488945,1.23027784051309,0.610653920616913,0.835795006603528,1.17995542066426,-0.0290908864225033,-0.300895693792436,0.699174952578756,-0.33607170899039,-0.177586827857027,1.7229594361275882,1,1,0.96712184,1,0.9909121658810103,0,0,0,1,1,1,0.20779542689437053,1.0,0.6741017850702868,0.8205132711652324,0,0.5,Medium Risk
1.03663855772541,0.407227280182074,0.75770616494457,3.16182144737059,-0.568122226356034,0.202180695126505,-0.68980405626803,0.41137993906161,0.336769232300548,-0.283731283967387,0.90311745288141,-0.158825775049249,-1.93070901899978,-2.37665364067708,-1.8101724846962,0.935791272330693,1.59150614830401,1.25947071382768,-0.666806394320072,-0.219461074162075,-0.0501076222906236,0.123760575662397,-0.132567901550036,0.350230553629671,0.507701400813083,0.189620904934317,0.0610156660255082,0.0631412801847289,-0.35029168952854645,1,1,0.9833808,1,0.9928414842727372,0,0,1,1,1,1,0.8850039241319828,1.0,0.8644891287355346,1.0700393681234237,0,0.625,High Risk
0.206075454303215,1.38735982061524,-1.045286987034,4.22868619369076,-1.64754917421782,-0.180896946218666,-2.94367757476862,0.859155533266087,-1.18174300683428,-3.09650359868717,3.20091235546057,-2.45083242908802,0.316619878616412,-6.39717031528651,-2.12972836543767,-2.42737307534442,-4.44847225233098,-1.21222044988735,0.0346554556282822,0.351484399563241,0.46919942584802,0.344930464195865,-0.203799378001586,0.376640378487856,0.715485489514387,0.226002880910544,0.628544616302757,0.319917987612491,-0.35029168952854645,1,1,0.9997452,1,0.9999165999315544,0,0,1,1,1,1,0.9999999056133293,1.0,1.0,4.340208624854158,0,0.625,High Risk
1.29623080363477,0.417447287721689,0.193963067987499,0.901644194576026,0.13053136701763,-0.371634020776762,0.158125823740231,-0.202668656827626,-0.0795117562857989,-0.0450882478448673,-0.876737591678351,0.687487636238951,1.5747177026257,-0.0077912302905812,0.948315691837591,0.37715383740261,-0.868182736046053,-0.0671351121445059,-0.0644929660672327,-0.0295593500917474,-0.112113509551068,-0.2200020323662,-0.121021883862135,-0.440454448442227,0.671540040565908,-0.413518433654353,0.0328380408333744,0.0206001971066775,-0.3486143665082136,1,1,0.8963049,1,0.974661366794093,0,0,0,0,1,0,0.038382280706581666,1.0,0.2639687166379318,0.42565324728391307,0,0.375,Medium Risk
0.385108461103674,1.2176203228402,-1.95387216540948,2.08707599095328,-1.14422540643716,-0.57688799482478,-2.58286504391682,0.643229999334504,-1.19123269237613,-3.09509360697848,2.82114488798301,-3.1005456578695,0.146199374342408,-4.51012391529804,0.574490022660784,-2.12346278453199,-6.05331938825344,-0.70637615273475,0.572791028207014,0.380545212283106,0.594623132460925,0.372143665842342,-0.310455791389476,-0.624065148802846,0.840216130296559,-0.159451766672991,0.599482364663208,0.288915549852885,-0.32137783555899985,1,1,0.99988425,1,0.999975956379159,0,0,1,1,1,1,0.9999987365374211,1.0,1.0,3.7536283805468065,0,0.625,High Risk
-1.73934096431325,1.34452078912347,-0.534379047474665,3.19529149873811,-0.416196142475576,-1.26196066822182,-2.34099093949748,0.713003645507275,-1.41626499933122,-2.9966693020716,0.747478135782509,-4.59661151187479,-1.92775970193864,-4.75707449850737,-1.2478148188713,-2.53549425081321,-5.35646454386042,-1.97474852459452,-0.603726269220942,0.0027494784537285,0.38318010845642,-0.21395221812466,-0.336639824887574,0.23707630076775,0.246002931555889,-0.044227636498999,0.510729074882634,0.22095159365596,-0.35332684547010107,1,1,0.9998852,1,0.9999223445155793,0,0,1,1,1,1,0.9999998397380908,1.0,0.98,4.313801829437544,0,0.625,High Risk
-1.64927881611351,1.26397355628777,-1.05082567399718,2.23799063903423,-2.52788923751396,-0.889939993137591,-2.35525367110661,0.85465864123984,-1.28124261677782,-2.70501138232752,1.17447506014201,-4.38191956749248,-1.22666589816604,-2.95382425341893,1.99416119386347,-3.30425391022094,-5.58579436647491,-1.64370403169872,2.11863332532912,0.0874063699474628,0.679176431149171,0.731907051356776,0.333045475501739,0.392505235969248,-0.274197297543759,0.802348667525187,0.390808552793314,0.11214553148245,0.09575642509281522,1,1,0.99974686,1,0.9998993561174445,0,0,1,1,1,1,0.9999981338123504,1.0,1.0,3.987695180841885,0,0.625,High Risk
-2.04260819938332,1.57357807373238,-2.37265243271278,-0.572676430720841,-2.09735276458226,-0.174142123011242,-3.03951978687359,-1.63423295064356,-0.594808638750073,-5.45960189444545,2.37853722491518,-2.33027064686235,-0.24623272486659,-4.05852343611281,-0.316983146603949,-2.52266081131673,-5.60340034818128,-0.778439963776289,0.860211793588662,0.825565985313424,-0.723326195587733,0.501221637302624,-0.696892260580304,-0.600513726439022,0.127547028812739,-0.786072220292301,0.606097322391548,0.171696507911815,0.692484057707408,1,1,0.9988213,1,0.9998611252945837,0,0,1,1,1,1,0.9999925332492594,1.0,0.9666666666666667,4.761996741700792,0,0.625,High Risk
-2.98646550822273,-0.0008912294816884,0.605886830263541,0.338337780759695,0.685448451171472,-1.58195443740193,0.504206377175919,-0.233402618007887,0.636767742518801,1.01029102209398,0.0045179679664243,0.0443966388940644,0.420853062352676,-0.931614224984722,1.14797368277192,0.48306309357216,-0.152470829644753,-0.285666258848129,0.0725498490088206,-0.764274258309323,-0.875146363670133,-0.509848660993286,1.31391790371009,0.355064731381086,0.448551563224067,0.193489780350156,1.21458768687535,-0.0139228973515758,-0.3461782545024921,1,1,0.9666267,1,0.991469597480595,0,0,0,1,1,1,0.09878520392177392,1.0,0.710940162353766,0.9385388878650064,0,0.5,Medium Risk
-5.75385192191905,0.577609830544052,-6.31278151817008,5.15940136394611,-1.69831984974091,-2.68328644007023,-7.93438913772177,2.37354992013064,-3.07307886895315,-7.14513662527302,6.25006758982915,-9.15082268467043,-1.37614146959781,-9.98258470738767,1.2022169675584,-7.56504249195105,-13.691474448179,-4.36686728138342,2.18142273556017,0.0175000205275833,1.17785240817647,0.175331359039045,-1.21112332108691,-0.446891081681294,-0.405520352964176,-0.165797490498776,1.50551591304239,0.359492050360598,-0.3493332192312134,1,1,0.9999435,1,0.9999718701908699,0,0,1,1,1,1,1.0,1.0,1.0,24.609895069373973,0,0.625,High Risk
-6.15960693036327,1.46871292315117,-6.85088814665684,5.17470627250374,-2.98670392387712,-1.795054145699,-6.54507152628193,2.62123613805269,-3.60587012643541,-8.12216107491307,6.02903256317613,-9.22585530778592,-1.54675863096913,-10.3093341893072,0.308062393533042,-7.78732622111619,-12.8221770045808,-4.36767713342358,2.64398422133793,-0.289829585956863,1.06131418230601,0.125737468595024,0.589592331660844,-0.568730604518481,0.582824720935876,-0.0425826450995479,0.951130233081124,0.158996023697089,-0.3500121356918243,1,1,0.99994504,1,0.9999732368216051,0,0,1,1,1,1,1.0,1.0,1.0,24.540945571163356,0,0.625,High Risk
-7.34795494690262,2.39704134824746,-7.57235581757844,5.17781925521834,-2.85483828261718,-1.79523877381611,-8.78323473517424,0.437156561210431,-3.74059750992972,-8.33286306292127,5.76318940883843,-8.70787929219866,-1.71694948774786,-9.57719439289905,0.146369002626258,-7.58649078643175,-12.5039309695675,-4.37563101237668,2.46519487038601,0.0731637913502985,-0.175273369741836,0.543325051876651,-0.547955067054245,-0.503721690122004,-0.31093277648824,-0.16398601754964,1.19789504657005,0.378186688214491,-0.3500121356918243,1,1,0.9999287,1,0.9999751639407116,0,0,1,1,1,1,1.0,1.0,1.0,25.412234528699905,0,0.625,High Risk
-7.4279242314783,2.94820920837905,-8.67855038407896,5.18530347959595,-4.76108997261691,-0.95709501604379,-7.77337978477431,0.717309273781191,-3.68235923846278,-8.40315026242229,5.70520550718269,-8.6407464115182,-1.60292501896209,-9.46613912320431,0.137324186945341,-7.30324272860725,-12.4480392359586,-4.33283424125087,2.35202964025176,-0.123085015912889,-0.299847070706951,0.610478813685703,0.789022761446755,-0.564511939509452,0.201195825477742,-0.111225430586455,1.14459850910478,0.102279545438297,0.16760176113040404,1,1,0.9998672,1,0.9999748216777063,0,0,1,1,1,1,1.0,1.0,1.0,25.653618364991736,0,0.625,High Risk
-6.00342167645829,-3.93073139597263,-0.0070454551172806,1.71466918264498,3.41466660221529,-2.32958262254194,-1.9015116901208,-2.74611109114189,0.887673207764977,-0.0492328559624844,-0.153131026660117,-0.814309846145704,-1.89479558623308,-0.83148260879597,1.38728869521525,1.18890675852063,0.536817322665437,-0.0514032140040002,-1.23138550165184,-4.12818582871798,1.10167131666753,-0.992493706726384,-0.698258928361953,0.139897673540465,-0.205150795631722,-0.472412262665941,1.77537805651063,-0.104284625925588,0.8923251147013461,1,1,0.9937597,1,0.9963077557111997,0,0,1,1,1,1,0.99744825959064,1.0,0.8276111111111111,4.67801723948689,0,0.625,High Risk
-1.22966891678814,1.95609915073809,-0.851197959645561,2.79698655025108,-1.91397684079333,-0.0449344462262948,-1.34073935355915,-0.5555479867039,-1.18446766006311,-3.24510859732028,2.33832327000211,-2.82004218823068,0.763325773164453,-5.41958986916794,0.0414327925041231,-4.18075778829053,-4.2850705920981,-2.53645157282245,0.93023918577297,0.270459255150975,1.20805425987967,0.277611797272191,0.0192658003152734,0.508528831195383,-0.201182897226566,-0.249600419347595,0.562238742839488,0.0753085014191344,0.32926375128057606,1,1,0.99993575,1,0.9999608011647346,0,0,1,1,1,1,0.9999998747153905,1.0,1.0,4.027704802739172,0,0.625,High Risk
-7.90142134976781,2.72047248689249,-7.88593567244075,6.34833355148109,-5.48011903551053,-0.333059239585013,-8.68237644547782,1.16443107786426,-4.54244738562489,-7.74848004950582,5.26658587269696,-8.67967880327782,-1.1663656781569,-8.10797466085831,0.701364761025326,-6.28830575777651,-13.7531307979331,-4.32923927421315,1.50425021091709,-0.614719344485925,0.0777390506575033,1.0924365947863,0.320132727437797,-0.434642552856739,-0.380687072327338,0.213630359032603,0.423620329379796,-0.105168533503988,0.2595350371495978,1,1,0.99990773,1,0.9999774968258424,0,0,1,1,1,1,0.9999999999999998,1.0,1.0,26.12022344357399,0,0.625,High Risk
-8.7620833940977,2.79103028235041,-7.68276685719257,6.99121396498416,-5.23069545140333,-0.357387950702527,-9.68562145610769,1.74933494530821,-4.49567886484426,-7.86450647898838,4.77414774007074,-8.24589788162945,-1.33349186005079,-7.97425052332349,-0.39879894749855,-7.24434047432354,-12.7600939511044,-4.82474022298701,2.83699299496563,-0.460389538640294,-0.0905267878788197,0.34858962816605,0.0511323900482543,-0.41542987238242,0.219665266254896,0.330020364891881,-0.0282517554687547,-0.156270272972183,-0.323294776153666,1,1,0.9997776,1,0.9999748145688758,0,0,1,1,1,1,0.9999999999999991,1.0,1.0,26.69009659754984,0,0.625,High Risk
0.0168278084833761,2.40082554709233,-4.220359820602,3.46221746352071,-0.624142188342754,-1.29430258598001,-2.98602831443748,0.751882724799937,-1.60667229891344,-5.97492543825504,3.26492215161104,-5.09503162409832,0.307807541258315,-10.0181060613614,0.273282636641356,-3.56253351747421,-4.37710568381017,-1.79263494349375,0.0802807729992116,0.590418382570863,0.285831617664336,-0.771508088806938,-0.265199774294598,-0.873077150100989,0.939776315964547,-0.219084743497804,0.874493632152321,0.470434221788752,-0.3493332192312134,1,1,0.99987626,1,0.9999704057975709,0,0,1,1,1,1,0.9999999999484659,1.0,1.0,8.72335692023761,0,0.625,High Risk
-0.0754834663888726,1.81235458422751,-2.56698081016962,4.12754860722303,-1.62853157024518,-0.805895445766318,-3.39013454458215,1.01935326231828,-2.45125125188341,-3.55583492739064,4.31571103012142,-5.47980167679906,-2.11550315600957,-5.5887855765974,0.280108069299552,-3.50723062361012,-7.45709493793125,-2.32549168188332,-0.440434552920779,0.338598140549314,0.794372451897782,0.270471232297866,-0.143624140755259,0.0135659145316466,0.634203128800614,0.213693187250942,0.773625466697089,0.387434054572014,-0.3333587142756628,1,1,0.9998611,1,0.9999747872219185,0,0,1,1,1,1,0.9999999995934834,1.0,1.0,7.251203868441968,0,0.625,High Risk
-1.27124419171437,2.46267526851135,-2.85139500331783,2.3244800653478,-1.37224488981369,-0.948195686538643,-3.06523436172054,1.16692694787211,-2.26877058844813,-4.88114292689057,2.25514748870463,-4.68638689759229,0.652374668512965,-6.17428834800643,0.594379608016446,-4.84969238709652,-6.53652073527011,-3.11909388163881,1.71549441975915,0.560478075726644,0.652941051330455,0.0819309763507574,-0.221347831198339,-0.523582159233306,0.224228161862968,0.756334522703558,0.632800477330469,0.250187092757197,-0.35328690920771216,1,1,0.999926,1,0.9999756512889493,0,0,1,1,1,1,0.9999999933724648,1.0,1.0,6.927211512570642,0,0.625,High Risk
-2.33565492855671,2.22537994112476,-3.37945038583039,2.17853822878821,-3.56826371512658,0.316813583664713,-1.73494800330036,1.4491394338594,-1.98003348126993,-5.71150474047788,1.83721490161197,-4.5403416445233,0.747845860345767,-6.28431406964108,-0.128887216546494,-3.5632394063049,-7.36832064555377,-2.69295315786876,-0.450550113544917,0.274027122680488,0.78554012192761,0.29741198434836,0.308536146370564,-0.598415746387816,-0.121850330815637,-0.491018310202025,0.701606041424924,0.206966343288918,1.4205221210566268,1,1,0.9997676,1,0.9999638927022475,0,0,1,1,1,1,0.9999999912935921,1.0,1.0,7.5452916171134135,0,0.625,High Risk
-10.3630494651588,4.54367201286394,-9.79589773551539,5.50800333404763,-6.03715599427489,-0.133492972364907,-11.7243461176622,-3.19834557193323,-4.76784222430147,-9.33212806886128,5.2241240042156,-7.74312234505579,-1.56034320038539,-7.14041803349475,1.18597782557697,-6.59870406570123,-12.1205390025684,-3.90409153348034,2.51343040062446,0.924396179705582,-2.45714487251707,1.68725664165106,0.977178353536712,-0.543368976583511,-0.289124786926125,-0.107586425389056,0.330641897772597,0.163577149556086,-0.3493332192312134,1,1,0.99997354,1,0.9999706815369929,0,0,1,1,1,1,0.9999999999999969,1.0,1.0,30.791444856027095,0,0.625,High Risk
-2.63059770314604,5.12575923008793,-6.09225454651378,5.52739306209755,1.60514485494011,-2.31988352953118,-3.20707570564086,-1.48258321071708,-5.07487063178104,-6.77833138248069,5.72525459149638,-6.94917182528041,-3.12779501198771,-11.090424813263,-0.800272569362332,-1.70750085360527,-1.68547301699574,0.274890838662414,-2.02888535240153,0.948863770149954,-0.527474204141788,0.220546094514546,-1.37110989476897,-0.504898994517705,0.382306792598482,0.395527722278956,0.782035950782542,0.62852786395406,-0.3493332192312134,1,1,0.99982697,1,0.9999632757047832,0,0,1,1,1,1,0.9999999999999045,1.0,1.0,13.835684319287907,0,0.625,High Risk
-0.264868683737295,3.38613996883911,-3.4549969895002,4.36762905773351,3.33606042827178,-2.05391842272465,0.256890458421417,-2.95723544083265,-2.8557972336327,-2.8084555425423,1.84750351109611,-2.4148223375383,-2.57322454244165,-6.5991261303635,0.123470382678038,2.57237180761341,6.60936580903842,2.53066979960508,-3.60265725092653,0.482513022122587,-1.39450379366468,-0.166029306744804,-1.45208118338289,-0.251814670710545,1.24346054282121,0.45278677690471,0.13221807596169,0.42459946550375,-0.3493332192312134,1,1,0.9984692,1,0.9996946245680659,0,0,1,1,1,1,0.9999484108121086,1.0,0.9866666666666667,6.619781068054017,0,0.625,High Risk
0.340390790889508,2.01523346310003,-2.77732956104823,3.81202413104427,-0.461729071578821,-1.1520219714746,-2.00195866818811,0.548681056661142,-2.34404166261939,-3.07669858515182,3.55473755027372,-3.96968929955842,-0.932183689489454,-5.87606732124924,-0.0667394504128529,-1.49528077472825,-4.42475717388751,-0.619323237398381,-0.231198386269899,0.326772803133095,0.29976881646527,-0.583282924090166,-0.187696049565752,-0.329255753153177,0.732328138266652,0.0580797142765515,0.55314334331356,0.318832445723953,-0.3463379995520477,1,1,0.9998098,1,0.9999646986015358,0,0,1,1,1,1,0.9999999378424168,1.0,1.0,4.448692478097201,0,0.625,High Risk
-0.443793956538852,1.27139528958141,1.20617786290079,0.790371244425149,0.418935334538855,-0.848375714713356,0.917690595034239,-0.235511404707869,-0.285692136421657,-0.867899742347565,0.614977120327696,-0.657947690982211,-0.948412031653891,-1.63514452424164,1.26320316314475,0.0685328870737372,1.32579410174258,0.376383480838994,-1.09619645414336,-0.0672050359210024,0.119278777095323,0.513479449681292,-0.264243409026182,0.443311288026016,0.0295163920697956,-0.335141048988331,-0.188814985117408,-0.123391459240302,-0.3329992879141629,1,1,0.988588,1,0.9944529812610733,0,0,1,1,1,1,0.7224108088776036,1.0,0.5946099321059354,0.6704041448685539,0,0.625,High Risk
-1.32278906321956,1.55276821126964,-2.27692070362638,2.99211739124618,-1.94706392017319,-0.480288250384527,-1.36238752318047,0.953242226598613,-2.32962885992389,-3.39355348115172,3.1284396921776,-3.57039373078107,-0.595198191474463,-3.98841505479623,0.995905842419722,-2.84378455855144,-4.82624611607161,-0.703883464864473,2.15221455770756,0.988493486888991,0.614968996752659,-0.195199717277462,0.590711261700839,-0.233377663885038,-0.164285286785183,-0.27749787053455,0.428610084734921,0.246393746180351,0.7249522390295645,1,1,0.99992824,1,0.9999698958050399,0,0,1,1,1,1,0.9999993427973561,1.0,1.0,3.8007723083231673,0,0.625,High Risk
-0.451382569628168,2.22514650025341,-4.95305045271638,4.34222824814605,-3.65619018970243,-0.0201214656089607,-5.40755361778584,-0.748436141338482,-1.36219775131112,-4.17062288702767,3.76230638231684,-4.22622469486547,-2.04669403006077,-4.71049793587464,0.217572360008267,-4.73908378383857,-6.13188675183675,-2.42587063860491,2.31416486951171,0.724381267691587,-0.575924092076688,0.495889440695266,1.15412793921228,-0.0161857864909953,-2.07992826296301,-0.554376906341192,0.455179270612071,0.0013206564598543,0.10162705566398006,1,1,0.999907,1,0.9999632231138136,0,0,1,1,1,1,0.9999999981311807,1.0,1.0,8.06998105023125,0,0.625,High Risk
-4.38422089880268,3.26466481012305,-3.07715801666012,3.40359359659281,-1.93807528041028,-1.2210812776781,-3.3103166090276,-1.11197501012863,-1.97759328056305,-3.28820356526528,2.88609147657536,-6.84897793447677,-1.02923459062256,-7.46010298330266,0.0559060176229105,-4.33478342671028,-9.87456039324105,-3.54190332932228,-0.531558760456647,-0.141533268810834,2.07638272101207,-0.990302787008607,-0.330358452316133,0.158377625833497,0.0063514462492984,-0.493860013315231,-1.53765237842389,-0.994022490842227,-0.17105774392726872,1,1,0.9999174,1,0.9999720501316697,0,0,1,1,1,1,0.999999999949754,1.0,1.0,11.372540606740499,0,0.625,High Risk
-2.3269223698887,-3.34843873033788,-3.51340796089061,3.17505971028128,-2.81513703435586,-0.203362788049123,-0.892144430418318,0.333225702638422,-0.8020052289805,-4.35068531246963,3.06424584128211,-2.71873063246571,0.0687877027069899,-5.58687312563725,-0.966076477695954,-2.50204941657576,-4.46049463214891,-0.870525745045081,0.595629103995644,3.20917094389277,1.22664839880046,-0.695902072928095,-1.47849021051453,-0.0615525997443275,0.236155012156618,0.531910616094765,0.302324354380578,0.536375347733134,5.196056431038621,1,1,0.9998306,1,0.9998533327829413,0,0,1,1,1,1,0.9999995602872578,1.0,0.9933333333333333,6.281693863978945,0,0.625,High Risk
-7.62692409246447,-6.97642000754641,-2.07791115073952,3.41675415987856,4.45875840248762,-5.08040779918275,-6.57894786782983,1.76034141396682,-0.599508728352202,-4.00174208524931,2.61176184321338,-2.21069105518154,0.145323220628924,-5.28167813117348,-1.44622731547596,-2.34217826208892,-4.44208205885268,-0.812202197039381,0.254771833248553,2.87526030369363,1.22479498325958,-0.656639147267532,-0.330810728527997,-0.0789460153087798,0.270305924800976,0.431119110160139,0.821381426988655,-1.05608777393768,-0.27752781945601346,1,1,0.99960905,1,0.9997994034477006,0,0,1,1,1,1,0.9999994699503708,1.0,0.9466666666666667,10.702712301264595,0,0.625,High Risk
0.326006629816884,1.28663756547088,-2.00718128715265,2.41967479633278,-1.53290169734535,-1.43280331503216,-2.45952963994058,0.617737791926574,-1.12586103037287,-3.23678401592309,3.5617949640183,-3.91467935228848,-2.12495645598654,-4.45889502952153,0.578201875425492,-2.3433041192933,-5.07145010804216,-0.749172320846648,0.22842274838649,0.222666683155765,0.556894674408544,0.169775528574355,-0.174357059251063,0.308061323046213,0.710996128051644,-0.23102981819073,0.580495233837149,0.30098403791885,-0.3282868089522755,1,1,0.9999037,1,0.9999697314883774,0,0,1,1,1,1,0.9999998182064291,1.0,1.0,3.995392665843888,0,0.625,High Risk
-8.25711081724667,-4.81446073955621,-5.36530689032661,1.20422986423394,-3.3474200965739,-1.33160147516446,-1.96789279857039,1.29543781710486,-1.67441524280437,-3.42605225253339,0.144562690111297,-4.28352931016896,-0.24089504151477,-3.65749040377527,0.923104767832095,0.844221069436753,-3.94831185243281,-1.8075159915996,0.105878827218844,-1.23398725720348,0.436390207477188,-0.077552722802211,-3.09162435615504,-0.390200885685448,-0.288688941339997,-0.340004217403437,0.0398191045440342,-1.00790031022705,0.9214386499828369,1,1,0.9915878,1,0.997374684872185,0,0,1,1,1,1,0.9999672998856763,1.0,0.9204345323741007,8.16297792286199,0,0.625,High Risk
-3.21538175967748,-0.364223121381638,-1.26188334354906,3.79494903930385,0.71120593031272,-1.31647560298004,-5.16514055601052,0.625278383544947,-1.582300584728,-3.25263359468289,5.04075120270381,-5.31444220386187,-0.656470662006063,-6.23304367078495,0.974771279276835,-6.8903177453801,-9.51641148491956,-4.36412771489086,2.59857755637223,0.0196261688931224,0.40134124079647,0.152191258747201,-0.93467547449829,-0.256148382367333,-0.469403308828214,-0.282495914081921,0.86607691066145,-0.433465943783225,-0.32972451439827505,1,1,0.9999162,1,0.9999708923356218,0,0,1,1,1,1,0.9999999999952567,1.0,0.9933333333333333,10.839583434997841,0,0.625,High Risk
-3.97521647515777,0.581573270980264,-1.88037210743636,4.31924127992395,-3.02432976021596,1.24079277107972,-1.90955892631241,0.660717557074542,-2.7526105653686,-3.55038539904852,4.83896418696128,-6.04023537903875,-0.374460483695606,-6.22194535944177,0.958758443736388,-5.07364263456328,-10.441008666182,-3.75552460094433,0.606452965011177,-0.656511434265513,0.578984295739867,1.39731081981072,1.04532195036713,-0.303999869268857,0.0052949592507338,0.235435243641064,0.962014797484666,-0.67355739317081,1.46305424050078,1,1,0.9999099,1,0.9999758412252693,0,0,1,1,1,1,0.9999999999966178,1.0,1.0,10.902620415255516,0,0.625,High Risk
-2.7560071191969,0.68382137690334,-1.39016888269883,1.50188726081003,-1.165614355805,-0.13120694925796,-1.47874061646082,-0.246921578045176,-0.100522731731488,-2.30110989675506,1.91445404493049,-3.8309980112302,0.719488566785256,-6.35301985790071,1.43871619241123,-3.29723907467834,-4.86297149937169,-2.00235399924327,1.54523326964355,-0.106944639579729,0.320473875601072,0.61102668559867,0.174863684107414,-0.502151101117601,-0.174712784335661,1.17924208342707,-1.16631532833921,0.821214803121569,0.05202621777699543,1,1,0.99989986,1,0.9999596231434588,0,0,1,1,1,1,0.9999977037696983,1.0,0.9866666666666667,4.4038829610669685,0,0.625,High Risk
-1.52230450950001,1.50515204317029,0.372364350808073,2.28686855813503,-0.526518744404641,0.998593092488712,-1.0875560400314,-0.027248402908359,-0.533001251290556,0.169572797878818,2.79039639060721,-2.31695189213093,-0.78253178710191,-3.43173796295146,-0.527701760836688,-3.2935576903327,-3.90149898369755,-2.52544048175208,0.79514422023384,0.412800620721233,0.332216175668172,0.493980864616249,-0.0801982925908616,-0.253327337787628,-0.477799682605952,0.991739677999628,-0.952553959120801,-0.39036399798095,-0.2772882018816802,1,1,0.9992539,1,0.9981741480421046,0,0,1,1,1,1,0.9997158717521434,1.0,0.9415706214689266,2.420909529723169,0,0.625,High Risk
-1.64440309669641,3.1298519330804,-2.57697682172296,3.41557336328899,-0.448525407316687,-1.24189285626533,-1.9916521878557,1.00266488963021,-2.8090712430123,-4.15369240632128,1.39818511854919,-5.65326970240352,-1.23369413839885,-6.332512814541,0.458714800173025,-1.98360960777769,-4.92916202340023,-1.03848208531443,-0.133819199948815,0.290186829391141,0.417762091477206,-0.648575871519649,-0.318617393380036,-0.680412931832076,0.389868676205949,0.0557502963989842,0.394681955439504,0.298820725838569,-0.3268890397686648,1,1,0.9998435,1,0.9999699390524942,0,0,1,1,1,1,0.9999999843518503,1.0,1.0,5.70277588388627,0,0.625,High Risk
-1.59945740179415,2.60772002929222,-2.98719294171061,3.06415614684784,-2.49791431686821,-0.54110279282052,-2.2777862276701,1.26816610842127,-1.99733105335741,-3.83477508791878,1.11335409263987,-4.97692104108215,-0.795530934675206,-4.54955674371782,1.81376325403563,-3.17746049642958,-5.36934877847861,-1.1214541569793,2.03059193793375,0.22533293042937,0.662933039629134,0.184086858369512,-0.0894518031771282,-0.505999935132595,-0.0622588885489331,-0.0527144132804191,0.322854004983613,0.135267636745646,0.36552587752967597,1,1,0.9999105,1,0.9999751696194242,0,0,1,1,1,1,0.9999998850833355,1.0,1.0,5.109935812819979,0,0.625,High Risk
1.14086473658976,1.22131743135767,-1.45295546048243,2.06757505760281,0.854742052227546,-0.981222507744598,0.325713913670098,-0.0377214068783676,0.113219371615132,-2.12697274994354,0.915947028928619,-0.468571538051367,-0.523377293666349,-4.86186658087283,0.421013353871263,0.866440624739209,4.08248488419359,1.1963181517001,-1.10076358353881,-0.0677120411898438,-0.377597095255037,-0.79345965987036,-0.132333171548173,-0.33158626897425,0.664877856718148,-0.309312434134138,0.099941947375597,0.122988311929089,-0.3493332192312134,1,1,0.99963427,1,0.9994400879900307,0,0,1,1,1,1,0.9721069566714502,1.0,0.9946153846153846,1.9112320102598745,0,0.625,High Risk
-5.26775974325256,2.50671895922695,-5.29092481764433,4.8861341982102,-3.34318841087649,-1.10008548506579,-5.81050918581537,1.72634335514407,-0.749277159995058,-4.83482799462627,3.54601225001006,-7.75128547808951,-1.19569394502348,-10.0185024459282,0.29639612212368,-7.47716172698803,-9.78580026201852,-4.24397714797126,2.68112678165858,-0.286043269744833,0.764265624858483,0.473261684078133,0.54848172305712,-0.15685005182413,-0.71018694460215,-0.366422677340972,-1.48676592030738,0.677664104601632,-0.3489338566073247,1,1,0.99992824,1,0.9999784506466393,0,0,1,1,1,1,0.9999999999998863,1.0,1.0,17.00294812999625,0,0.625,High Risk
-5.34466537543542,-0.285760408166142,-3.83561578178611,5.33704802681048,-7.60990870021268,3.8746680317393,1.28962992438915,0.201741916806601,-3.00353243733788,-3.9905513318108,4.98601380361468,-6.11638322304304,0.0423244061770454,-6.04339314434942,1.82140103177852,-4.7454624675489,-10.0756455907271,-3.6045960155148,1.43529381015392,-1.56216235780532,0.276010822180054,1.34204455689584,-1.01657869464831,-0.0713612973880671,-0.335869334726878,0.441044176004645,1.52061262049821,-1.11593680318009,5.2463761216486064,1,1,0.99968576,1,0.9997855466334704,0,1,1,1,0,1,0.9999999999994578,0.0,0.9666666666666667,14.985772189928609,0,0.625,High Risk
-0.639191253440691,-0.0855947885921835,1.26545195854416,1.40116573166082,-0.260542078671007,1.00979457835355,1.30199897093176,-0.135257522932592,-0.431520921685507,-0.0913533730643921,-0.921051995675577,-0.61381552858098,0.198913055533638,0.0160870050482155,2.20626377523102,-0.527140627794259,-0.0572786796405291,0.448655661077036,1.16443546519237,0.861306751100051,0.340330752683629,0.76016976216338,0.353376975218638,-0.778892742566353,-0.0706811598435952,-0.0333546437243291,-0.0619624216383359,-0.0626865318467909,0.8055436165303174,1,1,0.9376264,1,0.9809995754579259,0,0,0,0,1,0,0.23291462363674736,1.0,0.4659220450599426,0.571844859332367,0,0.375,Medium Risk
-6.13398694801985,2.94149944882418,-5.59398556768425,3.25884522291112,-5.31551221858167,-0.637327763117765,-4.47648804491816,1.69599358704814,-1.60674315131804,-5.11725920989043,3.97722223959189,-8.06609609331146,-0.760887591756867,-8.66077095912039,2.22023798968633,-6.23759654204862,-11.0463816554829,-4.15587936834903,1.76361087438004,-0.815086315781228,0.86833985051032,0.793736498280638,0.217346586657621,-0.0219850652442062,0.145881913923651,0.665087660642875,-1.68418604869422,0.31019546302906,0.8243935323778669,1,1,0.9999176,1,0.9999782602679824,0,0,1,1,1,1,0.9999999999984048,1.0,1.0,17.243876487319838,0,0.625,High Risk
-1.34804164426498,2.52282067569291,-0.782432259389823,4.08304665188122,-0.662280329645865,-0.598775712530929,-1.94355185121781,-0.329578950885032,-1.85327422572214,-3.16213595485783,1.53319383793753,-4.63512694781183,-1.11357273401976,-6.4358707376348,-0.293191947937035,-2.84993079536978,-3.65425828769231,-1.18303413658687,0.831623853010765,0.348896285038196,1.07987140816824,-0.352026410347836,-0.218357652796912,0.125865683985355,-0.0741801756408069,0.17911552652805,0.612579819202836,0.234206089600607,-0.3493332192312134,1,1,0.9999745,1,0.9999667280252049,0,0,1,1,1,1,0.999999988833503,1.0,1.0,4.451029705369077,0,0.625,High Risk
1.07952397806913,0.872988038728802,-0.303850487243895,2.75536885087579,0.301687623167546,-0.350283737195093,-0.0428479677130716,0.246624608381391,-0.779175595769242,-0.157696445821874,1.92856763203456,-0.935863286411531,-2.43144644518658,-1.63347202401986,0.534336652706283,1.42560550367097,1.59352878606579,1.17846784575361,-1.56869755794851,-0.252115099030468,-0.023254784527163,-0.158600833910515,-0.0388061577093773,-0.0603272546840962,0.358338898397498,0.0769835703935526,0.0189358319830432,0.0605741494833015,-0.35332684547010107,1,1,0.993093,1,0.9976191031894377,0,0,1,1,1,1,0.8834290805564122,1.0,0.8965222113609208,1.0343501226602634,0,0.625,High Risk
1.08043336974687,0.962830680816555,-0.27806547765439,2.74331806279958,0.412364075681078,-0.320778352962878,0.0412895489552235,0.176170299597767,-0.966951551053629,-0.194120466505581,2.14005681553663,-0.276308752749667,-1.19130573752489,-1.88027540328199,0.398271956336376,1.36743302249318,1.52266169956075,1.02631748255981,-1.57707047840184,-0.172658644566365,-0.008996174092574,-0.0570361435998535,-0.0536915092211487,-0.0263732767799466,0.40029973123052,0.0728277709127376,0.0270429343018625,0.0632375727147923,-0.35332684547010107,1,1,0.98797554,1,0.9960799394005302,0,0,1,1,1,1,0.8344272774996616,1.0,0.8401223544973544,0.8137049323430591,0,0.625,High Risk
-8.7444146436792,-3.4204679837707,-4.85057473189452,6.60684578567387,-2.80054617200457,0.105511583647205,-3.26980129883546,0.940377922978903,-2.55869060182863,-3.62477471396623,5.26786160380362,-5.58369692598496,0.173895592410693,-6.67997675520914,2.08419914311417,-4.3488914455328,-8.76078602293495,-3.40754854415232,1.33293006548133,-1.81831542477292,0.102912553839685,0.311626102287519,-4.12919549979785,0.0346387321763146,-1.13363123097119,0.272265246225774,1.84130726881613,-1.79636258672205,2.5236016244997845,1,1,0.99986255,1,0.9999755590247119,0,0,1,1,1,1,0.9999999999998224,1.0,1.0,14.97983413909051,0,0.625,High Risk
1.1939160689293,-0.571085006532232,0.742522413618004,-0.0145876823031251,-0.624560898094263,0.832161659907577,-0.833350424512102,0.272896998506182,1.16942539891152,-0.371671945168217,-0.245676823310174,1.37594135044076,0.870456831276252,-0.819319364809584,-1.55090356200859,0.125852995600752,-0.397245548944671,0.272377065433488,1.22602219788409,0.062908129152134,-0.0495024276847497,0.207265101065706,-0.265271877292053,-0.67929377017329,0.511811527633814,1.24660443744052,-0.0286711040907993,-0.0061120075977227,-0.22589023218719617,1,1,0.9020699,1,0.9817476398395747,0,0,0,0,1,0,0.012322601664321463,1.0,0.42481333672791666,0.6102986696149211,0,0.375,Medium Risk
-2.92382666427262,1.52483716405302,-3.01875803326242,3.28929147538496,-5.75554237361289,2.21827630310359,-0.509995431790455,-3.56944356866613,-1.01659168855188,-4.32053577559936,1.27720226474415,-3.70174966668488,-0.97186959353265,-4.85777667212588,0.0906055221312176,-2.80150199048762,-4.18680753704806,-1.64840609367465,1.1764455977519,-0.447039406719925,-0.511656805196235,-0.12272408639124,-4.28863899895194,0.563796657800838,-0.949451350280346,-0.204532177495445,1.51020648735902,-0.324706012560446,5.055041488543499,1,1,0.9998578,1,0.9999516575489523,0,0,1,1,1,1,0.9999999936224049,1.0,0.9466666666666667,7.838593047496886,0,0.625,High Risk
1.22761441351286,-0.668973794096954,-0.271784826118016,-0.589439741635524,-0.604795004349645,-0.350284967097775,-0.486364540645055,-0.0108086285956747,-0.794944156080669,0.264544748886681,0.881268050432366,-0.324703760782435,-0.263263800489225,-1.11273543930467,-0.540849503339651,1.53341124817574,0.831442610720144,-0.473346676550517,1.19012126352217,0.273799209937263,-0.0260547222626376,-0.295254768133076,-0.180458520061445,-0.436538663158256,0.494649059264358,-0.28373826696629,-0.001128278642713,0.0350745013143425,0.03808846220327756,1,1,0.95681256,1,0.9852396728977142,0,0,0,1,1,1,0.09377547495905249,1.0,0.5221073184311247,0.6138159289839066,0,0.5,Medium Risk
-3.5934760029271,0.78144226309285,-1.82244751422669,0.605760683474701,-1.19465586719981,-0.517194856719497,-1.72252312325165,0.128889523769538,0.0149633080909052,-2.85611682977408,1.61826162043188,-3.58137450130299,0.623706919914784,-6.16045662030601,0.494733399107095,-2.54310504010287,-5.30127339068683,-2.19271270602319,-0.09472379272847,-0.478219313417121,0.351792125839819,0.391248950287018,-0.252874890557857,-0.498042480147132,0.0101721931231225,0.909928721553306,-1.47876724603751,0.722673039450917,0.05202621777699543,1,1,0.99955505,1,0.9996101101184143,0,0,1,1,1,1,0.999986575963203,1.0,0.9933333333333333,4.600025190947357,0,0.625,High Risk
0.286302363835244,1.39934474808556,-1.68250270884931,3.86437703955242,-1.18537340204974,-0.341732013808781,-2.53938012266357,0.768378375007388,-1.54788162780199,-2.65971794652165,2.6215881261205,-3.46236188507757,-1.05430017332918,-4.95582330430277,-1.40027445820489,-2.33994291742419,-5.19779447735003,-1.34281449785555,0.288846910516582,0.270360155086889,0.352456413618901,-0.243677652080658,-0.194078546536702,-0.172201087463232,0.742237197555102,0.127789797006944,0.569730790365159,0.291205858831994,-0.32325483989127707,1,1,0.9998939,1,0.9999789319314919,0,0,1,1,1,1,0.9999997657492803,1.0,1.0,3.953210484951037,0,0.625,High Risk
-1.82429505976067,0.403326526860602,-1.99412200641801,2.75655816357726,-3.13906432572579,0.408185014718199,-1.20904511871624,1.09563435393431,-1.44722489217345,-3.95100289197434,2.56070020158284,-3.4119829114195,-0.781669619949492,-4.7327675351632,-0.433973654922625,-3.30608841178359,-4.23102187544855,-0.750809770409941,2.69080834203374,1.50368830479002,0.838760421033887,0.341727095787049,0.947506491293615,-0.145493002452622,0.0493257725258454,0.831065451615044,0.33242130393302,0.252712728641008,1.6023918599755702,1,1,0.99986684,1,0.9999688138488269,0,0,1,1,1,1,0.9999991648818314,1.0,1.0,4.136405487358364,0,0.625,High Risk
-0.758468652663917,-0.0454102784513458,-0.168438290153528,-1.31327481447103,-1.9017625315847,0.739433414882114,3.07189204639003,-0.483422244220096,0.61820276215476,-1.7690597207318,-0.651414013964987,-0.0054232908009888,-0.517194341398293,0.217469760178719,0.883558824493356,-1.17397764863161,0.24334710955825,-0.342300728238465,0.68705620239513,-0.0324998988871344,0.0426194565214976,0.397223782011498,0.0722288654476503,-0.242275996603303,0.560916469624214,-0.540954584325348,0.150606446374032,-0.117140114799884,1.839413577253552,1,1,0.94241315,1,0.9868217114289729,0,0,0,1,1,1,0.08947461511297791,1.0,0.7408467635125766,1.1217411359609932,0,0.5,Medium Risk
-1.73933378422429,-1.30465465035444,0.314102907291187,0.0537401062585881,-0.0586957001779964,0.0712595573040713,0.694861852921962,-0.313269934817745,-0.649377114028123,0.517567879914365,-1.35655775612738,-0.238382663867126,0.0695790190825196,-0.431690053731737,-0.674723889299605,-1.65416180710569,-0.0539606012956825,0.520745840192804,-1.55456174696529,-1.46399432399357,-0.665172078751849,-0.632078028662709,-0.421175799634968,-0.400774352865197,-0.001640301894043,-0.495162312868153,0.0316326197006312,0.0662796878513276,0.9246335509739471,1,1,0.9640069,1,0.984778968042579,0,0,0,1,1,1,0.14672738599960508,1.0,0.6934811262045504,1.0964684768306354,0,0.5,Medium Risk
-13.1926709562391,12.785970638298,-9.90665002092758,3.32033688288942,-4.80117593230105,5.76005855618556,-18.7508891580107,-37.3534426378925,-0.391539743919107,-5.05250236713858,4.40680552357904,-4.61075647740608,-1.90948796970811,-9.07271093398351,-0.226074450896345,-6.21155748212485,-6.24814535335983,-3.14924669470095,0.0515761185277783,-3.49304991519446,27.2028391573154,-8.88701714094871,5.30360690376998,-0.639434802306313,0.263203123457008,-0.108876929971315,1.26956635541013,0.939407362758877,-0.3493332192312134,1,1,0.9999342,1,0.9999363251678436,0,0,1,1,1,1,1.0,1.0,0.9733333333333334,118.32339901139297,1,0.75,High Risk
1.23260446981971,-0.548931183157109,1.08787266901823,0.894081819978967,-1.43305489904701,-0.356797142170886,-0.717492197160233,0.003166531089953,-0.100396732730679,0.54318725600578,-1.03941706835478,0.285261608751792,-0.206006567752438,-0.498521775750102,-1.06410845071827,-2.1560365431533,0.564761098405632,0.837856659648528,-0.728989760343786,-0.576274061414969,-0.448670516618872,-0.517567967949267,0.0128333352729761,0.699216728009832,0.527257980520248,-0.322606503047991,0.080805437438631,0.0354271820131481,-0.275091707450292,1,1,0.952266,1,0.9911615782780949,0,0,0,0,1,0,0.14226646950470265,1.0,0.4784452938161912,0.7998836417166623,0,0.375,Medium Risk
1.14043132434726,1.13424300279892,-1.42945474072655,2.01222598912655,0.622800198240135,-1.1529230868157,0.22115947772768,0.0373717733484629,0.0344859259841517,-1.87964382107016,2.19166507997652,-0.487849732811135,-1.75713709936308,-4.46105120749925,-0.402884205654366,1.4109171085787,3.61925125200524,2.28492676267757,-0.443999191918561,-0.0997118777920308,-0.367136001490949,-0.891627120817809,-0.160578066799212,-0.10832596200032,0.668374321480191,-0.352393242949003,0.0719927692746503,0.113684370071235,-0.3493332192312134,1,1,0.99914515,1,0.9987553885387197,0,0,1,1,1,1,0.9783305905730603,1.0,0.976577559556283,1.9311402103260824,0,0.625,High Risk
-0.440095203221886,1.13723897606434,-3.22707975693117,3.24229293383089,-2.03399815309639,-1.61841464754635,-3.02801259904704,0.764554819893569,-1.8019372093973,-4.7117686842189,4.66325458481107,-5.17173460782892,-1.62407024790733,-6.71387819491558,0.607986267670607,-3.27520749888835,-6.8238312134789,-1.35530868624906,0.291250739005026,0.895840844006848,0.764186724577691,-0.275577693085964,-0.343571526478397,0.233084829252444,0.606433640125543,-0.315433462199896,0.768290751269875,0.459623327730251,0.5544243986290619,1,1,0.9999008,1,0.999977211444073,0,0,1,1,1,1,0.9999999997370641,1.0,1.0,7.336213755388325,0,0.625,High Risk
0.315641749332386,1.63677796226183,-1.51964988293973,4.02857099852445,-1.18679426720391,-0.789813099852487,-2.27980740468004,0.472987926704315,-1.65763500271185,-2.89499040084744,1.60198538284757,-2.82494562476694,1.26920363552044,-5.59136368933409,-0.974827287131074,-2.73779549628906,-4.9615343155062,-2.22479740778771,-0.136117269757132,0.388884849068478,0.345920750226663,-0.1080015945344,-0.165441941824109,0.279894580016653,0.808783092569154,0.117362632970147,0.58959490284462,0.30906407378289,-0.33819100202471686,1,1,0.99984777,1,0.9999578837189679,0,0,1,1,1,1,0.9999996933098115,1.0,1.0,4.172068877313156,0,0.625,High Risk
-1.51251575792702,1.13313858781029,-1.60105247993576,2.81340096831714,-2.66450340578315,-0.310371093924795,-1.52089516380539,0.852995775116439,-1.49649450564954,-4.05629261571005,1.55375586796783,-2.74355135914945,1.50454067059684,-5.42878849870488,-0.0160171233729703,-3.72718761269833,-3.94629958919926,-1.68028644319238,2.30361261010114,1.24958556268985,0.729827756052255,0.48528591471162,0.567005413227757,0.323585691602658,0.0408708540928058,0.825813553299941,0.41448227186994,0.267265082454707,0.9170855973824494,1,1,0.99984026,1,0.9999690932511095,0,0,1,1,1,1,0.9999989912315568,1.0,1.0,4.065756740979243,0,0.625,High Risk
-2.27175453696818,-0.457654560738072,-2.58905463865543,2.23077826688105,-4.27898250263823,0.388610079538804,0.102485457456358,0.813127838070308,-1.0929208385062,-5.03202838566819,3.51034756034463,-2.22739840581069,0.656823927974733,-5.19918574342056,-0.128311029598493,-3.94352099869908,-3.82052232662867,-0.570821093891663,2.78338340771804,2.28575790271371,1.09634200952947,0.658398654570846,1.71167573455248,0.333540036403021,0.538591373646869,-0.193528512332835,0.258194100840055,0.247269213953463,2.9407358851515997,1,1,0.99949956,1,0.9997874045308561,0,0,1,1,1,1,0.99999927173414,1.0,0.9491666666666667,5.268428654175612,0,0.625,High Risk
0.196706751987779,1.18975728641634,0.704882217511495,2.89138777331251,0.0455553693851548,1.24573045976205,-1.19871420021049,-2.42161641083942,-1.23208864617238,0.324238886093679,-1.27393508028395,-0.868686295319925,-1.18194465496857,1.0275841718551,1.68813234484864,0.256215978185418,0.120608339589106,-0.0523460171330233,0.329826631850516,0.646616407050903,-1.32813178943378,0.189310618105111,-0.005524183595721,-0.814707739467747,0.400924279960331,0.286281378755055,0.135214945600326,0.257314769060283,-0.35029168952854645,1,1,0.97195363,1,0.9900636822576222,0,0,0,1,1,1,0.25190516829341275,1.0,0.7406289758550164,1.2481732984281921,0,0.5,Medium Risk
-3.17081841545902,0.185734554774403,-3.39985157931162,3.76115529034876,-2.14804702797609,-1.59894442520531,-2.51956531805231,1.31621501070214,-2.40010611621824,-4.99341703829647,4.44719176626515,-5.29376010254684,-1.41957829927441,-6.42527621352443,0.914083034195792,-3.51519716625381,-6.34745330751181,-0.90351216582405,1.19160626766329,1.93225372509724,1.09205113380931,-0.0410804286307278,0.904395217733676,0.180015601586537,0.0499703397242655,-0.257099837784436,0.859281566487016,0.225924185725605,1.349555382791593,1,1,0.9999137,1,0.9999732442792428,0,0,1,1,1,1,0.999999999658161,1.0,1.0,7.631555414878992,0,0.625,High Risk
-4.19873460983989,0.194120636801706,-3.91758567828042,3.92074784640417,-1.87548574659158,-2.11893292738694,-3.61444510993627,1.68788446543007,-2.18987113590881,-4.68423332514029,4.37690666362302,-5.00744082816051,-1.30474507803596,-6.19247526385522,1.00240426741391,-3.31693430074553,-6.18883415213498,-1.04041264854272,1.23304434947994,1.0033504305956,0.801312235949018,-0.183000576489906,-0.440386862411508,0.292539411877521,-0.144967421927777,-0.251743981877142,1.24941367428483,-0.131524643545312,0.6007504630001586,1,1,0.99990475,1,0.9999684764713084,0,0,1,1,1,1,0.9999999995490978,1.0,1.0,7.798592533814495,0,0.625,High Risk
-1.11149523246612,-0.257575207100777,2.25020963478583,1.15267090326627,0.432904474488939,1.25412602800986,-0.58416279009186,-0.609681605347911,1.01460246273104,0.334532824069685,0.82637484441332,0.196886900487791,-1.88599349809323,-0.472025637126337,-0.578141395688259,-1.24300710102788,0.570459827436018,-0.159056766164096,0.407187527410462,-0.510613591931657,0.862912790109336,0.927825035064447,-0.343058085886885,-0.256268230425974,-0.600742165862083,-0.18033128765631,0.0267622260788268,-0.358335321215398,-0.17349385593299016,1,1,0.9609853,1,0.9854998287020468,0,0,1,1,1,1,0.6402007176903395,1.0,0.5612890371043651,0.7635921694488105,0,0.625,High Risk
-2.86979494599423,1.33566696241079,-1.00953019777159,1.69388472852407,-0.741479894623347,-0.796772696354505,-2.61424187718441,1.06663646767929,-1.13549652218517,-3.9433368210052,2.57283021584331,-2.28866350030302,0.562084177710423,-5.33871420959882,-1.85325189141529,-2.619233053885,-5.23142512742468,-1.23485373672039,0.397308037124058,0.0115572104606548,0.528421372720921,0.228027080989586,-0.749297963439339,-0.0671789627433331,0.215792485177395,-0.453651011768872,0.349191042793996,0.198862268219404,-0.28751188505323255,1,1,0.9993886,1,0.9998711247669698,0,0,1,1,1,1,0.9999983009058132,1.0,0.9933333333333333,4.054242054228885,0,0.625,High Risk
-1.54878809850026,1.80869795041448,-0.953509033832342,2.21308539346999,-2.01572779170327,-0.913456844516923,-2.35601298316433,1.19716896702387,-1.67837405659509,-3.53865023182429,3.1020899271543,-3.99337305447702,-1.93741062327519,-3.82289410599595,0.830970110708369,-2.47535885382925,-5.21187516766885,-0.413871678166879,0.933262164554872,0.390785963777347,0.855138263312025,0.77474482148342,0.0590371520063436,0.343199807900813,-0.468937928609185,-0.278337986906642,0.625922215184372,0.395573378256676,-0.04605724265008526,1,1,0.99991155,1,0.9999753360379429,0,0,1,1,1,1,0.9999996105355313,1.0,1.0,3.8779711097314724,0,0.625,High Risk
-2.25053480921229,2.36575487772312,-2.95549117924385,0.0897905975142065,-2.83074456678034,-0.844461639207772,-0.174061560679368,-0.407138137833787,0.174216293591102,-2.9989262562074,2.60516857519668,-3.67771661422902,-0.961254636207547,-4.62948099682303,1.94218161282,-4.18037888438458,-4.60568646763486,-2.55718413666009,1.58958220191211,-0.48653714178381,0.256559618287662,-0.466245243122949,0.291104927494009,0.242566552797207,-1.27909371150404,-1.12353433717278,-0.630976512544474,0.326839204012689,0.8898091301708466,1,1,0.99972373,1,0.999573567574375,0,0,1,1,1,1,0.999996314796748,1.0,0.98,4.839058685731856,0,0.625,High Risk
-0.430330205681344,0.985632693552081,0.645789437298841,0.317131047127407,0.616332206255463,-1.34746245720975,1.0782335690849,-0.161518267508932,-0.492855874580938,-1.03963769713185,-0.39560772252726,-0.664683930228673,-0.985700496668287,-0.660967626671015,0.344105202877093,0.530852433867815,0.278141865207384,0.355529916892446,-1.08122326117298,-0.115281935429531,-0.0163780179250957,-0.207609058231514,-0.164119225784612,0.255280162145255,0.454797817761532,-0.505032215885219,-0.0394559687978208,-0.006357582233934,-0.23295895063002728,1,1,0.9766842,1,0.9923489029668757,0,0,0,0,1,0,0.32579716967060873,1.0,0.4232170800732295,0.5908006022865585,0,0.375,Medium Risk
-0.734303155037818,0.435519332206195,-0.530865546585229,-0.471119606930407,0.643214386605141,0.713832369657908,-1.23457207133269,-2.55141159871634,-2.05772382572102,0.166830707878014,0.567551954604602,-0.85805991589575,-0.448067929957678,-0.264936238828755,0.88886293915465,0.838120616560385,1.42505965449185,-0.169664182600728,2.50202738858443,0.864536120628702,-1.00487737851609,1.15035358786928,-0.152555282700309,-1.38674463324096,0.0047160148280004,0.21914583821982,-0.0582573076118087,0.158047988697071,-0.23371773961541592,1,1,0.9419409,1,0.9907619146188359,0,0,0,1,1,1,0.17995436770631543,1.0,0.6607863933731628,1.1952233353732182,0,0.5,Medium Risk
-2.86636370525907,2.34694943137396,-4.05330668845935,3.98335888025187,-3.46318571327039,-1.28095301603103,-4.47476383461874,1.21665528478137,-2.30982869782019,-5.51550707258062,3.04839203447565,-7.12825076846601,0.0059558009251745,-7.49518733635876,-0.25108802193356,-7.5680148993231,-12.2236328477344,-4.89517519350497,2.52496746940249,0.270013154062001,1.04973156228305,0.475840283409025,0.404480059350581,0.282029789710327,-0.506901095688855,-0.371741093052833,0.615256964379468,0.803162841917988,0.14399943005857802,1,1,0.99987876,1,0.9999775135206028,0,0,1,1,1,1,0.9999999999998475,1.0,1.0,15.69054486266114,0,0.625,High Risk
-4.79366743133161,3.41891065333381,-5.07444453285381,4.03598694267746,-3.52787459906065,-1.92324150219959,-5.06598083804842,1.99688475994042,-3.09737916358313,-6.44720227383046,3.77557843937585,-7.49878345527601,0.231306922054262,-8.65826843157538,1.34330765668858,-6.17333085967808,-10.7080182544535,-3.50489419159365,1.88404425730219,0.342122343012083,1.16861781897539,0.289530903898366,-0.371888203724815,0.144761276597316,0.0847348250689305,-0.19743147093529,0.328671522253493,0.835394921353057,0.04543673448283079,1,1,0.9998578,1,0.9999785524066283,0,0,1,1,1,1,0.9999999999998244,1.0,1.0,16.20717456335053,0,0.625,High Risk
-5.14072311805277,3.56875123426923,-5.89624545735196,4.16471993013258,-4.09119263947502,-1.98996029061886,-5.47243601705169,2.42282066166249,-2.90973525837833,-6.28780335064533,3.70431215185119,-7.26754953396678,0.329269938095914,-8.45897495556967,1.35448720090917,-5.9762209822112,-10.5760149147501,-3.52516124688807,1.73797600497073,0.318995199686566,1.13113028151049,0.118021510216711,-0.332704205017834,0.139940733895169,0.324757896441424,-0.180769130367976,0.177810382911191,0.661555355551591,0.04563641579477522,1,1,0.9998672,1,0.999978552381917,0,0,1,1,1,1,0.9999999999993321,1.0,1.0,16.481551485282388,0,0.625,High Risk
-5.62246941906299,3.48062317879011,-6.20067659397487,4.31123366835313,-5.22628632428769,-1.34176357284987,-5.22094094197327,2.68284353707778,-2.92148438224053,-6.56125741097377,3.21126387844398,-6.86166051434144,0.326461834627394,-7.7552536640417,0.50465219263742,-6.27661678567251,-10.6117146970978,-4.14677374512684,2.19728771323892,-0.156288522686099,0.949568986169808,-0.428985749759671,-0.35067550041691,0.197549503550848,0.15923422951036,-0.377790861014248,-0.213561786254573,0.459528918054306,0.5244722018374046,1,1,0.99986386,1,0.9999754437194731,0,0,1,1,1,1,0.9999999999975988,1.0,1.0,16.81818936193904,0,0.625,High Risk
-6.61629292560656,3.56342789803106,-7.05890129814843,4.28434595524384,-5.09629887292392,-1.76861780360559,-4.93755412732933,2.74845954534783,-3.79675959454545,-6.8254901042394,3.25959475409854,-6.94389061823948,0.43597516308899,-6.94701030902337,1.01100406527995,-6.16683742461485,-10.564346602529,-4.01018815310236,2.14350179519978,-0.54163415582255,1.21597610572025,0.0411777442210425,-1.05909770217904,0.275662062254882,0.057424927985318,-0.265838484019501,-0.514636936427821,0.388590269335523,0.6640893751489167,1,1,0.9998561,1,0.9999784915846271,0,0,1,1,1,1,0.9999999999972451,1.0,1.0,17.500003644714823,0,0.625,High Risk
1.141572041228,1.29119504187036,-1.43290045302393,2.05820222243243,0.940823737515849,-0.958273875563986,0.391154204412105,-0.0925192025989645,-0.0328285936060586,-2.15530254380865,1.0804386160969,0.0444153214634158,0.441176590070526,-5.05382476474338,0.315185256694669,0.821195361600931,4.02736603913411,1.07797898032715,-1.10727585500251,-0.0059125766066523,-0.366507064917023,-0.714464900739845,-0.14391066716844,-0.305177619493244,0.697514060032721,-0.312544722619217,0.106247471401345,0.125059863331359,-0.3493332192312134,1,1,0.9889114,1,0.9968894284693941,0,0,1,1,1,1,0.9620856489093507,1.0,0.9703729603729604,1.88735562816341,0,0.625,High Risk
1.14020795371139,1.15643107873873,-1.47157796740819,2.07627840454674,0.774809058745551,-1.00253195191231,0.264947929409663,0.0131622605764724,0.248835339320523,-2.10066651278309,0.763204840843787,-0.94491647902938,-1.41903447142202,-4.68361969585018,0.51928230124953,0.908454083367609,4.13366666889167,1.30620452511785,-1.09471647432252,-0.125097258302807,-0.387894980568907,-0.866811936205838,-0.121582639900783,-0.356108586349469,0.634572810783188,-0.306311023397994,0.0940868179231164,0.121064728484123,-0.3493332192312134,1,1,0.9996381,1,0.9996963329198151,0,0,1,1,1,1,0.9790765219499077,1.0,0.9844444444444443,2.0127895670978715,0,0.625,High Risk
1.08256623409747,1.09486151295003,-1.36702004784737,2.01255429562949,0.708142047645968,-0.807712094137058,0.151952109111841,0.158352530916403,0.0098722842273316,-1.92527812380296,2.60593702345612,-0.309218873424363,-1.76754891562268,-4.42919458671376,-0.171939794624445,1.05551393649543,3.9705869371836,1.76224857169611,-0.880812102847679,-0.135789404251701,-0.32528376499397,-0.734343617700577,-0.106725343342181,-0.224999064492694,0.569167327221417,-0.33503264926341,0.0891401408869493,0.11233722000597,-0.3493332192312134,1,1,0.9996991,1,0.9994523370750015,0,0,1,1,1,1,0.9781722303618413,1.0,0.9946153846153846,1.9178065136014593,0,0.625,High Risk
-1.29835900258265,1.07967115744319,-0.180677930886891,1.28783908383189,1.85827347944352,-2.22369500209375,0.525166986044906,-0.0968743110676978,-0.168893374133313,-2.544410418956,0.706999574201444,-0.835695915134352,-1.02211731659325,-4.99399178918475,-0.455706843211384,1.31536513941655,3.63919954823548,1.62342609471098,-1.53933883157799,-0.18757199362802,-0.332983053581271,-0.851270427572191,-0.370799798865314,0.29824168728035,0.442929877216587,-0.522832450531743,0.0001048565072203,0.135698346061769,-0.3493332192312134,1,1,0.99836916,1,0.9983313356412309,0,0,1,1,1,1,0.9820566919146553,1.0,0.9453968253968253,2.316887472435048,0,0.625,High Risk
-0.715413746430203,0.608590312773943,1.15550089022062,-0.267565092666965,-0.563747540811752,-0.618897959603515,0.698307698659261,0.0698369023541396,-0.133341030527008,-1.02533539256113,1.50062918076179,-0.417898026653376,-1.59029515148629,-1.07499904137371,0.288234297659522,1.37776850908719,0.22388685433899,1.31107267514226,-0.896071786353489,-0.186977992930248,0.130748607589043,0.239389294462508,-0.0902274074581911,0.411572390517299,-0.216125965872995,0.353896329216255,-0.0623612631790606,0.0084330017316634,0.16185093934640582,1,1,0.97399354,1,0.9891337970358623,0,0,0,1,1,1,0.2800170435435932,1.0,0.5062682224098128,0.6765381105242427,0,0.5,Medium Risk
1.11855963468941,1.29185826269199,-1.29880532614411,2.13577170090141,0.77220369761071,-1.14729144173341,0.390577698285265,-0.107072317539989,-0.0383392686455211,-2.15251889070952,1.35275258963919,0.092848590126307,0.273152694590986,-5.01220235869184,0.303552415334761,0.731437272149243,4.15208557256771,0.985358288437165,-1.22925431837217,-0.0235757902669068,-0.346373779572415,-0.663587986293548,-0.102325808556082,0.0179105750224893,0.650301613577378,-0.332365629546077,0.105948676665863,0.12812372864866,-0.3493332192312134,1,1,0.9927327,1,0.9988346680706758,0,0,1,1,1,1,0.9706361738545566,1.0,0.9573263653908815,1.900822328595517,0,0.625,High Risk
-1.41085190223088,2.26827061391536,-2.29755364869312,1.87133052690782,0.248957097554545,-1.20879869131782,-1.35864849113679,1.10291613180529,-1.31736377078276,-4.62691916410905,3.35763973653551,-2.99881490434833,-1.95678634545881,-6.76663337149207,-0.869899592420961,-0.868576751992314,-0.370333268936992,0.419265507331837,-0.894893657235367,0.0580625903425241,0.155380926745126,-0.614880421672272,-0.196125537805858,-0.464375543427361,0.118473100986687,-0.484537034984231,0.373595915880442,0.187657248903867,-0.3493332192312134,1,1,0.9998092,1,0.9998114973008936,0,0,1,1,1,1,0.999998350705228,1.0,0.9935353535353535,3.927145888444713,0,0.625,High Risk
-0.356326154090313,1.43530513012275,-0.813563965472736,1.99311717679272,2.0558775401316,-0.54357866590526,0.487691066602944,0.0854488054265826,-0.536351998021526,-2.23120932812687,0.273983570211148,-0.535839387011391,0.595677221650834,-5.14182349291966,0.732366764261792,0.623912780633594,4.09098324669186,1.63408402811385,0.26084733041578,0.303261648412104,-0.312862941766726,-0.687873797330169,-0.267002508610821,-1.15848006325515,0.271459963711122,-0.155397186179697,0.114328416432227,0.101525594435204,-0.3493332192312134,1,1,0.99687564,1,0.9994718892985437,0,0,1,1,1,1,0.9666149660379983,1.0,0.9604444444444444,2.0599459306568524,0,0.625,High Risk
-7.13906006793885,2.77308160372497,-6.75784506920828,4.44645597412376,-5.46442818500108,-1.7134014508064,-6.48536540922127,3.40939479860676,-3.05349271362056,-6.26070551479114,2.39416766551329,-6.16353737959229,0.60285052085239,-5.60634642932959,0.206621733749977,-6.52508103976033,-11.4083675448063,-4.69397773642436,2.43127449162965,-0.616949301183343,1.30325030896469,-0.0161181523663711,-0.876669888453567,0.382229800649027,-1.05462388774771,-0.614606036944453,-0.766848111948171,0.409423944116944,0.07359179946698877,1,1,0.99983585,1,0.9999715350474453,0,0,1,1,1,1,0.9999999999544353,1.0,1.0,17.93047995063464,0,0.625,High Risk
-4.31247908052279,1.88647569827836,-2.33863356144698,-0.475242891532036,-1.18544386151204,-2.1120788975769,-2.12279296550593,0.272565132222544,0.290273064048255,-3.8337413849476,2.50978140392157,-3.61123136485112,-1.02429952994167,-5.29192495475268,1.6498073488757,-3.26265841898301,-4.33311795972043,-1.86304896791862,-0.0095336065683719,-0.718705614884897,0.550540662080627,-0.0678702198276179,-1.11469186343039,0.269069433187685,-0.0205724593187757,-0.963488862263668,-0.918888353795928,0.0014535621767338,-0.11370927113684205,1,1,0.9974469,1,0.9995267142632428,0,0,1,1,1,1,0.9999953100279599,1.0,0.96,5.06873050810905,0,0.625,High Risk
-0.114360703589856,1.03612940153875,1.98440526119199,3.12824327369048,-0.740343559582751,1.54861869623,-1.70128395465886,-2.20384174839674,-1.24226477538834,0.269561809170344,1.29341829662131,0.933215784460268,-0.135325960632637,0.521483689902165,0.386884188055331,0.0598689535627266,0.306339379229928,0.265051988857439,0.223718288348024,0.732852498432027,-1.03293465200213,1.19642831010463,-0.112856718234204,0.254718993156121,0.69666788609654,0.482370416673402,0.129969314476127,0.223924333790406,-0.35252812022232355,1,1,0.9725533,1,0.9871530075914766,0,0,0,1,1,1,0.33231885565978303,1.0,0.745388028650229,1.031494278424812,0,0.5,Medium Risk
-0.88525408859895,1.79064923163963,-0.945148961205205,3.85343274655953,-1.54351007486649,0.188582114329739,-2.98838275644296,1.34405855095688,-2.29453470924744,-1.88617599041763,1.90428359307622,-4.00241403073237,-0.936955588407958,-2.80191542309724,0.798328052783254,-2.34873992555213,-6.42673430721498,-0.827308425201024,1.73238175785046,0.370040520565647,0.746159905151139,0.550802011985416,-0.0348823420887786,-0.56760840448119,-0.528317952733951,0.258782456503747,0.506892694941992,0.176735548819463,-0.3230950948417215,1,1,0.9997166,1,0.9998880875707873,0,0,1,1,1,1,0.9999984772296089,1.0,0.9883333333333333,3.930658720960877,0,0.625,High Risk
-1.46489654758402,1.97552752738073,-1.07714453940265,2.81919063998449,0.069850228405671,-0.789043629709432,-1.19610144945515,0.673654375004339,-1.36372387646135,-2.9328952580311,0.301368829965399,-3.24614143685335,-0.465640147552938,-5.42936187944371,-1.30498291640657,-0.953623442669269,-2.72734300093373,-0.63643691865914,-0.927124072666602,0.048968800272123,0.174099465690177,-0.272505290211891,-0.0315494503920774,-0.406165929676999,0.157768979757404,-0.104392920359594,0.0737955599806211,-0.0415702518454821,-0.3493332192312134,1,1,0.9997863,1,0.9999279927386452,0,0,1,1,1,1,0.9999888376502069,1.0,0.98,2.8626611451090738,0,0.625,High Risk
-0.433222446537596,2.42837911824053,-3.99645439738162,4.87129854095106,-1.7963078560437,-0.586867589935922,-4.65454261848565,1.28522967071729,-2.74353881589949,-5.63894131284807,4.3437434980468,-6.65573446968769,-0.293108662762872,-9.50514082568186,-1.39614905931922,-4.85032315924603,-10.0062528282393,-2.78959811229388,0.98258385892977,0.745029329890697,0.713558821786954,-0.408953595906886,-0.320889532152165,-0.804230275167984,0.962851575679124,0.199558010666927,1.09453318209808,0.541147567735467,-0.3493332192312134,1,1,0.9999281,1,0.9999751369205808,0,0,1,1,1,1,0.9999999999998421,1.0,1.0,13.297585576633002,0,0.625,High Risk
-0.937843305478391,3.46288948991687,-6.44510395393435,4.9321986662268,-2.23398306982245,-2.29156112129773,-5.69559392853253,1.33882463362261,-4.32237655329329,-8.0991193981365,7.18296700883659,-9.44594338249901,-0.314619967520224,-12.9914655817567,-0.136358931959623,-6.36752437517144,-12.7343938853776,-3.84512965889743,1.00766725992114,1.12953228130351,1.06655024941577,-0.521657289347299,-0.319917292909547,-0.405859088093617,0.906802159957716,1.16578389011737,1.37449533233535,0.729889341911333,-0.35332684547010107,1,1,0.99991477,1,0.999971709509312,0,0,1,1,1,1,1.0,1.0,1.0,24.61110809933887,0,0.625,High Risk
-1.92745281973369,1.82762056700016,-7.01949468454197,5.34830323951426,-2.73918788004738,-2.10721929638307,-5.01584797563431,1.20586815982046,-4.38271250852199,-8.33770697381781,7.19030608944843,-9.42484446049178,-0.223292646427513,-12.8754942229841,-0.071918160688794,-6.2999613976222,-12.719207160428,-3.74017615583058,0.844059610296466,2.17270905626492,1.37693832294098,-0.792016725563067,-0.771414187530036,-0.379574271539528,0.718716522008066,1.11115125599517,1.27770725705846,0.819081152045361,1.6924081954000978,1,1,0.9998325,1,0.9999745035919131,0,0,1,1,1,1,1.0,1.0,1.0,24.849635462817137,0,0.625,High Risk
-4.86810843844627,1.26441977404559,-5.16788542660662,3.19364784504611,-3.04562137708228,-2.09616609885545,-6.44561018266068,2.4225355920307,-3.2140554159387,-8.74597261185534,5.41604190908794,-8.16412507731485,-0.165010607208302,-10.1935303551514,-1.89521031032574,-7.36047460938421,-14.6687710766351,-4.87711900477519,1.38560952778492,0.66730977994879,1.26920538901712,0.0576572516592633,0.629307399675982,-0.168431773502721,0.443743902404587,0.276539471570389,1.44127396787951,-0.127943726430018,-0.3041653064693941,1,1,0.999889,1,0.9999740495178319,0,0,1,1,1,1,0.9999999999999998,1.0,1.0,23.865615817106864,0,0.625,High Risk
-1.43086372778891,-0.802528699267131,1.12332029999445,0.389760264731692,-0.281213534404278,-0.055123492429819,1.32623248909333,0.195699815379613,-0.546889550453909,-0.71347376073502,1.27462907751277,0.0236821347785728,-1.52169610821701,0.727242085814848,0.166504662441577,0.348037591565135,-0.5663900830288,0.216016101767291,-1.14037564250718,0.634184289933654,0.325575470468413,0.0140018451191784,0.844946015847872,0.114962884542335,0.156364810543393,-0.619437446641754,-0.120351072821334,0.0355941733717493,1.0617347397549601,1,1,0.9242005,1,0.980240931329523,0,0,0,1,1,1,0.1045416728642087,1.0,0.5499507719872754,0.6618140240717293,0,0.5,Medium Risk
-3.00345942213401,2.09615030972986,-0.487030347865578,3.06945315960973,-1.77432868427117,0.251804209642436,-4.32877649482139,-2.42547814428288,-0.985222033510513,-3.99521073403213,1.8806015528528,-2.32517912777326,0.636458662971611,-5.41749934539643,-0.262909464785021,-3.81808566437699,-3.70070702592749,-1.99141207812339,0.779950535234061,0.692537380835205,0.163966694003732,1.24564832133152,-0.269241340185825,0.537102119409512,-0.220756683145222,-0.0595547732936557,0.460709677482052,-0.0335506071081744,-0.34533959299232575,1,1,0.99988604,1,0.9999245988948889,0,0,1,1,1,1,0.9999998585869869,1.0,1.0,4.8778149350871844,0,0.625,High Risk
-7.03030814445441,3.42199090467553,-9.52507177254752,5.27089100906596,-4.02463027558805,-2.86568161775739,-6.98919473439446,3.79155093755913,-4.62273033596451,-8.40966487562735,6.30904400603177,-8.57676143258937,0.246746716929862,-11.5340460181508,-0.3642651387587,-5.45249465771382,-11.8875700201872,-3.56358481007011,0.876018768156628,0.545698040621445,1.10339774484256,-0.541854751589521,0.0369432219896495,-0.355519004066217,0.353634382097,1.04245799282131,1.35951563156376,-0.272188101257294,-0.35332684547010107,1,1,0.9999248,1,0.9999709535868304,0,0,1,1,1,1,0.9999999999999996,1.0,1.0,26.29756397398691,0,0.625,High Risk
-6.71340697159693,3.92110415204576,-9.74667821737542,5.14826254938013,-5.15156271985187,-2.09938865681113,-5.93776683170198,3.57877960420447,-4.6849517505833,-8.53775768653457,6.34897930341209,-8.68160893168352,0.251179384774619,-11.6080022570993,-0.351568782034355,-5.36356643348466,-11.9390915052116,-3.58360287020043,0.897402406121681,0.135711322729059,0.954272201927517,-0.45108644858101,0.127214424071711,-0.339449869297565,0.394095513633807,1.07529509891805,1.6499059092424,-0.394905372194808,0.6567411028693634,1,1,0.99988556,1,0.9999779192207514,0,0,1,1,1,1,0.9999999999999998,1.0,1.0,26.370927989788775,0,0.625,High Risk
-1.7567118508365,3.26657425418237,-4.15338789695403,3.92452561357555,-1.7537718434176,-1.0057867792296,-4.31321717578502,1.56071190324579,-3.29567366751075,-6.2133552491157,4.52299197543382,-6.6528440527591,-0.12468523386066,-8.60448620191387,0.110359314846888,-5.94548061159606,-9.33893779428438,-2.39019258818085,3.18415235636348,0.874720103498016,0.911427441871296,0.0530612807310541,-0.367700953962814,-0.776337755840596,0.292093831084717,0.025999713844171,1.0629681996854,0.501148168228208,-0.3493332192312134,1,1,0.99988604,1,0.9999758430814539,0,0,1,1,1,1,0.9999999999997122,1.0,1.0,13.006054869137415,0,0.625,High Risk
-2.20763091845218,3.25907610397605,-5.43636546967173,3.68473739367705,-3.06640091036945,-0.671323195313701,-3.69617839443207,1.8222724578951,-3.04965272773018,-6.35388725151755,4.35148149710451,-6.4532473302497,-0.0614319367541572,-8.44287285721034,-0.328820639839654,-5.44079518325917,-9.5180378916264,-2.43806861829455,2.33675362049059,0.808336360421968,0.920899033968287,0.0376745089378149,0.026753977510545,-0.791488823729947,0.176492777047381,-0.136312279131778,1.08758482385547,0.373833528935625,0.6082185440668785,1,1,0.99989927,1,0.9999785523046961,0,0,1,1,1,1,0.9999999999990266,1.0,1.0,13.09071390945155,0,0.625,High Risk
-3.36526491864606,2.92854110729003,-5.66099919906905,3.89115992835328,-1.84037510965314,-1.80088720390662,-5.55867935318221,2.40232168278639,-2.84892272106495,-5.99567612703198,4.22130410784879,-6.11966735264192,0.0230135705891201,-8.14932178394224,-0.301351931335019,-5.37528289323615,-9.31500138499105,-2.48756256913711,2.35591891159776,0.57637946532203,0.875260063301294,-0.102501391250503,-0.606282749133978,-0.743164794295893,0.096318936065612,-0.135060497401362,1.23869473001415,0.0998237563444676,-0.3493332192312134,1,1,0.9999237,1,0.9999758670018808,0,0,1,1,1,1,0.9999999999978062,1.0,1.0,13.232616089622965,0,0.625,High Risk
-3.58696386180132,2.60912703784891,-5.56857720803735,3.63194695349796,-4.54358971050144,-0.15789907530677,-4.08912766842153,2.41730514407718,-3.23990097529344,-5.822449155685,3.36918605153883,-5.69192578583088,0.287371390782189,-5.41378669142638,-0.555549924912204,-5.86366171303999,-11.1432410242579,-3.48093955285599,2.79433340410919,-0.178533964286313,1.02442283357462,0.428756482022381,0.182032121144153,-0.534597882665306,0.16893349468844,-0.149843614233619,0.685517241438814,-0.299728379437129,0.8863746116054034,1,1,0.9999007,1,0.9999785752570913,0,0,1,1,1,1,0.9999999999678151,1.0,1.0,13.318821922708658,0,0.625,High Risk
-0.670238130057305,0.94520635153406,0.610050626297701,2.64006508673377,-2.70777462644103,1.95261056051566,-1.62460819938343,-5.22990786160988,0.21020202822781,-2.06990438955593,-0.529805728295342,0.999716276092526,-0.0861120244186652,-1.50855714024168,-0.450669492347937,-0.328387382736473,2.27027117814029,0.709666017682026,0.913175997078955,1.4749287568126,-2.50445018690737,1.43647237841825,0.351542386126581,0.648466904268149,0.579681417358758,0.0757375933335965,0.346717084034013,0.282208626038179,0.9396895218945535,1,1,0.9866545,1,0.994455024034205,0,0,1,1,1,1,0.8246418576457645,1.0,0.8166515342024574,2.8541090786687606,0,0.625,High Risk
-0.41982017420894,-1.15597800832635,-2.09251550244986,2.78675032975706,0.736296592040403,-0.167291965690249,1.60002746290919,-0.117426851332358,-0.796953814299879,-0.133950251206468,1.03303201224459,-0.284367998317494,-1.20827980965211,-0.429211904447448,0.248945360461687,-0.928921529997167,1.67998551904683,1.31533886586358,2.22616065557659,1.27535802653094,0.48063971759843,0.533516931196614,1.28464540597639,0.516131270391061,-0.60294109971583,-0.305023689896282,-0.0213631449369425,0.129096385608294,1.4488768673527288,1,1,0.9963219,1,0.9985237149598103,0,0,1,1,1,1,0.8022142129398012,1.0,0.810747532164799,1.0658884968022369,0,0.625,High Risk
-1.36029263351035,-0.45806896998712,-0.700403917726715,2.73722917151503,-1.00510597388675,2.89139936351597,5.80253735302589,-1.93319735249124,-1.01771714252211,1.987861862693,0.504116141204789,-0.863430853145281,-0.184450076491427,-1.01691553500414,-1.55941019827384,1.15431268558106,-2.04385766822656,-0.151698807119589,-0.94351353548825,-1.49340137472525,-0.936989532415364,-0.0538115862306455,0.580105893889531,0.216927302487974,0.151642929701357,-0.33211456915886,-0.469800301881959,-1.495005896766,2.959026693325705,1,1,0.9927407,1,0.9984084294629952,0,0,1,1,1,1,0.8880366117387145,1.0,0.8404325520447015,3.1206527855167057,0,0.625,High Risk
-3.85988078691481,2.63288131193679,-5.2642653095088,3.44611314661501,-0.675231056544998,-1.90495945391597,-3.2910408690196,-0.985766040904484,-1.16811416733417,-3.93629417027159,4.25656448730292,-6.60065448140166,0.0056263764660214,-9.9585309187018,2.47135790380837,-5.7001414199952,-6.38809273753128,-1.83815930102503,2.99317350708135,-0.178626358366056,1.66411901528299,0.785075271950043,0.0684124857414983,0.778960915978384,-0.863165919910699,-0.0068096144164965,-1.06573404007904,1.77332644564776,-0.3486143665082136,1,1,0.999959,1,0.9999759253665856,0,0,1,1,1,1,0.999999999997284,1.0,1.0,11.754915958060689,0,0.625,High Risk
1.91782653091941,0.951966571156228,-2.05920551344214,3.83399771227534,1.66819219140891,0.769825697337707,0.23246305671161,0.107940567202011,-1.14364568858013,0.541699242973355,0.301977229683697,0.257697090947377,0.709147651977866,-2.420715975085,-1.99774018079568,1.50669615001484,0.799832475247662,1.16276426158317,-1.15062735713932,-0.115922317627863,0.0152553539964535,0.239994342022941,-0.111915984520572,-0.380575889863537,0.370994788995014,0.189116547062326,-0.0058232806791896,-0.0121050906997506,-0.3165455478099458,1,0,0.38857725,1,0.9137837078584977,0,0,1,1,1,1,0.7247191182645392,1.0,0.681627447910047,1.2487959709634653,0,0.5,Medium Risk
-2.40558049004183,3.73823496480673,-2.31784304058402,1.36744244056479,0.39400112765787,1.91993798476143,-3.10694204753682,-10.7644025337266,3.3535248599039,0.369936028027435,0.382172176843061,-2.26293253493218,1.21060458321664,-1.88061870491121,-0.934160416330735,0.235476804417352,3.32156931100987,1.90627082950488,-0.581355690647057,-2.14087382269319,10.0059980130045,-2.45496409501601,1.68495694696092,0.118263083149952,-1.53138011163519,-0.695307571119466,-0.152501562016877,-0.138866256312262,-0.3254113980602764,1,1,0.9716241,1,0.9949159355464667,0,0,1,1,1,1,0.9963402271060201,1.0,0.8873426573426573,11.011177815214731,0,0.625,High Risk
-1.85506070184998,1.55496360697718,-1.40580882850107,0.669327345741316,-0.280229520106465,1.17865246733203,-3.45997906611492,-2.81515495312599,1.24222876512242,-4.15635447965382,2.20944075185923,-5.12231410931103,0.66129710617156,-3.10393771952109,-2.41086973192388,-2.42501563217886,-3.96062268909989,-0.125017788038036,0.60039728842723,0.536916458029193,-0.0953083066630984,0.94662891847112,-0.297402959067305,-0.368343891207103,0.198731156287359,-0.0785905919566464,0.366709355889324,0.0737667168278096,-0.19853389245081576,1,1,0.9987581,1,0.998904054058635,0,0,1,1,1,1,0.9999957683037685,1.0,0.9866666666666667,4.295061113696857,0,0.625,High Risk
-3.95120850670532,2.88180518239049,-6.42149029451106,2.43418142416554,-1.32732453838007,-2.12210598673342,-3.2275333300383,-0.68556047558208,0.775985124963588,-4.72309174576035,4.921657447038,-8.75277008726404,1.52019774197935,-8.5520227319441,0.351975957711389,-4.5340297530839,-6.46540863418339,-1.89030997911689,0.174840185624481,-0.669351428982036,1.41047856462921,0.279402820830601,0.570821171370176,0.65627101478476,-0.298600548903483,-0.407571358894306,-1.37870253026193,1.37913029153249,-0.1429026789431108,1,1,0.99991786,1,0.9999677218276456,0,0,1,1,1,1,0.9999999999802471,1.0,1.0,12.108710332089512,0,0.625,High Risk
0.0073790751145725,2.36518252886777,-2.60028738169342,1.11160176466249,3.2764413263667,-1.7761407852846,2.11453088108345,-0.830084106599812,0.900489974281822,-3.37617706712688,2.05681205985716,-3.9842567303491,1.02196791340796,-5.96790496861639,-1.15160831490592,1.67973960141233,5.58611468683053,2.78913115591619,-2.24107485298106,-0.0063884972816308,-0.563944162060269,-0.902099515410175,-0.404382448597275,-0.0129439005065412,0.589836154947909,-0.734449052212668,-0.447529183217452,-0.362374775122343,-0.3493332192312134,1,1,0.9927112,1,0.998871800636743,0,0,1,1,1,1,0.9985883356030548,1.0,0.9,4.705243009234044,0,0.625,High Risk
1.95485173775774,1.63005630331209,-4.33719968092597,2.37836729179698,2.11334786136033,-1.58385066673113,0.65374545254113,-0.192892012453504,1.21760825458778,-2.8290982053899,3.50456779253823,-3.9181998797616,-1.01579192974001,-4.7045087050312,-0.968553075532043,1.85477191713001,6.02439676670687,3.53125033477791,-1.1962847755939,-0.230640095367639,-0.474437304644058,-0.974624666273666,-0.0481545042172499,-0.0235242678879109,0.362192024107476,-0.570709266940076,0.0256187202949634,0.0818803891570235,-0.3493332192312134,1,1,0.99852693,1,0.9995750071087485,0,0,1,1,1,1,0.9990418639331164,1.0,0.96,4.641801965557393,0,0.625,High Risk
-5.10025566317088,3.63344238024837,-3.84391862443125,0.183208447320966,-1.18399737637674,1.6021393332506,-3.00595315203476,-8.64503780175356,1.28545810732477,-3.71748137540216,3.71921153916465,-5.03402974701745,0.918999158233287,-4.22036591807154,-1.05049995739584,-1.69104526842648,-2.37242320724166,0.450098503348706,0.407805060819919,-2.80630192287329,8.28043932580154,-2.79714954096118,1.09070659271567,-0.159259597476933,0.532156369375709,-0.497125808167425,0.943621624807946,0.553580691756943,0.6898882006521311,1,1,0.99964225,1,0.9996911244128821,0,0,1,1,1,1,0.9999999486710094,1.0,0.9741414141414142,11.310064464543762,0,0.625,High Risk
-1.10847821852891,3.44895257232738,-6.21697180605649,3.02105161812575,-0.529900931709915,-2.55137517507643,-2.00174290819286,1.09243237369483,-0.836098368778531,-4.09564897273592,2.42595071598052,-6.06726194524698,1.83243272022382,-3.50170251648822,-1.00400820464185,-3.5012811030282,-2.941876323532,-1.12574106196719,0.37371480785248,-0.0685983809223332,0.825951491439622,1.14416978988846,0.208559481945769,-0.295497424488562,-0.690232196243341,-0.364749075788586,0.229327220125504,0.208829891689567,-0.28144157317012336,1,1,0.9996278,1,0.9998434789118954,0,0,1,1,1,1,0.9999998488221737,1.0,1.0,5.656481015890931,0,0.625,High Risk
-1.66293711018596,3.25389242362715,-7.0404847120185,2.26645647990886,-4.17764891282786,-0.746924828187599,-0.248336733243902,1.09115651568673,-0.307137450847617,-5.56794705115052,2.71273940377591,-5.94840312668093,2.14472605490538,-4.21175592358692,-0.137195538810617,-2.63940913979839,-2.53235540606601,-0.667067027160165,0.626059293435215,-0.842178336511866,0.450381285220709,0.521161529635377,0.308325446158517,-0.318011840652356,-1.25536156975299,-0.691963403718384,0.264878381232973,-0.130444804408444,2.045764245016877,1,1,0.9998516,1,0.9999542913543396,0,0,1,1,1,1,0.9999998564989917,1.0,1.0,6.842774544043577,0,0.625,High Risk
-3.29112509261551,4.4011941515981,-8.39421162258901,4.45357956949695,-4.79005451824953,-4.24018208232724,-9.21900099642753,1.97402995723142,-2.91294270907847,-13.540168238225,9.41303953977606,-18.0475965708216,-0.728186553999085,-15.3930448312636,0.3494850489774,-13.30388757707,-21.2979057823155,-7.26231079476482,2.27422550991903,1.4908691418867,2.10234346771868,0.597370314627801,-0.328086184026121,0.445752402449364,0.585280580866405,-0.399005421878678,2.11600444233121,1.05074380386505,-0.3493332192312134,1,1,0.99994254,1,0.999977339030452,0,0,1,1,1,1,1.0,1.0,1.0,60.49972582258389,0,0.625,High Risk
-3.82193880087939,5.66724730913206,-9.24496345774236,8.24614693395311,-4.36828608664298,-3.45073451820581,-8.42737802930292,2.30560850484611,-5.33807918394682,-12.0111608836062,8.62125508140256,-18.6837146333443,-0.962073428413392,-15.2976561861343,-2.41413212341002,-12.105602245184,-21.3381950868483,-8.04543571561822,0.15601503277122,1.11524688892983,1.99051970513882,0.0833533215963405,-0.0622635530228708,0.390187802079359,0.329883884451897,0.0980170825531413,1.86957016296191,1.00084956292018,-0.05037035898808392,1,1,0.99981683,1,0.9999785696653001,0,0,1,1,1,1,1.0,1.0,1.0,61.219464531119556,0,0.625,High Risk
-3.63280894927825,5.43726336227612,-9.13652148062595,10.3072263079132,-5.42183029451154,-2.86481514933136,-10.6340876212042,3.01812657999175,-4.89164032107494,-11.2350479111446,8.78878366710272,-18.5536970096458,-0.339533407676443,-15.6231873302985,-0.188978574214972,-12.4279613630565,-20.1590474539227,-6.88889109280947,2.58609321670737,1.35406479520345,2.30988016889674,0.978660126299279,-0.0961301444473713,0.432376722544823,-0.435627929953396,0.65089278643537,1.69360750804844,0.857685371687245,-0.3192212773900005,1,1,0.99988854,1,0.9999758922903376,0,0,1,1,1,1,1.0,1.0,1.0,61.35738849726342,0,0.625,High Risk
-3.7656801220835,5.8907352377921,-10.2022676310229,10.2590359766218,-5.61144841660942,-3.23537557925717,-10.6326834778618,3.27271632618119,-5.26890524285018,-11.1821254546586,8.87947566765026,-18.4311310279993,-0.232822027713119,-15.0216572999306,0.141186252914787,-12.1863624982841,-20.1655673800665,-7.05165135326307,2.50082720798487,1.19413732146866,2.24560593428534,0.546320674537693,0.381853427747185,0.382024544024505,-0.82103649456311,0.394355120127285,1.4129609931535,0.782407053763083,-0.35328690920771216,1,1,0.999923,1,0.9999725390560754,0,0,1,1,1,1,1.0,1.0,1.0,61.56443165607213,0,0.625,High Risk
-6.18585747765758,7.10298492227346,-13.0304552638937,8.01082339822486,-7.88523736131971,-3.97454999359808,-12.2296077786617,4.9712317023058,-4.24830701294998,-12.9654812039222,8.68830799242781,-17.1829184301947,0.0695769150313325,-14.1161560074304,0.959031717400206,-12.3753337375636,-18.716764511809,-6.52201457322122,3.51795494036344,0.483930108481186,2.50277241039945,0.481691289576756,0.480957977547458,0.360318638811951,-0.293354295977635,-0.199193157971208,-0.203917328209747,0.398927185850218,-0.17401302734404558,1,1,0.9998827,1,0.9999785940089198,0,0,1,1,1,1,1.0,1.0,1.0,63.40790128829239,0,0.625,High Risk
-5.83919161928092,7.1515323543223,-12.8167600806187,7.03111476501099,-9.6512721679897,-2.93842725771624,-11.5432071690832,4.84362653179436,-3.49427572506535,-13.3207888671784,8.46024444901677,-17.003289445516,0.101556614891384,-14.094451660329,0.747030766392512,-12.6616957230679,-18.9124938172188,-6.62697484523061,4.00892074227194,0.0556838813863639,2.46205591127559,1.05486518382957,0.530480596078193,0.472669814042592,-0.275997967880675,0.282435024801752,0.104886020210564,0.254417096767513,0.9088986635927297,1,1,0.9998963,1,0.9999780844559825,0,0,1,1,1,1,1.0,1.0,1.0,63.350666612931896,0,0.625,High Risk
-6.75050851563533,5.36741605145469,-10.0546349530569,9.06447791765316,-7.96811808353808,-2.26379841398236,-10.317566180676,4.23766573099145,-5.32410880613734,-11.0923923688428,7.15408284221914,-17.1504052507291,-0.0953992277686904,-11.0301103643432,-1.95905455483077,-12.4485623424367,-22.6679054064789,-9.26460873295655,1.9823563171714,-0.0812198922441237,1.90903201764938,-0.34873973066671,0.425000563135111,0.674908669807175,-0.784208393488163,-0.247422102935353,1.1595813739152,0.197817874685768,0.4839368955126948,1,1,0.99990976,1,0.9999780026356642,0,0,1,1,1,1,1.0,1.0,1.0,61.69746405551036,0,0.625,High Risk
-10.8502815883108,6.72746568826853,-16.760583409542,8.42583167857118,-10.2526968683093,-4.19217104406337,-14.0770860104531,7.16828793346092,-3.68324217370244,-15.2399619587112,8.03070840755191,-16.0603057628826,0.270529742348469,-14.9529810390579,-0.241094883743813,-11.866730636746,-15.4869899240937,-5.74865155747378,4.1300314273319,-0.646818272966729,2.5416369467068,0.135534921100722,-1.02396689219897,0.40626452579196,0.106592778669641,-0.0262323892202069,-1.46463002356247,-0.411681819907858,-0.04182399883686434,1,1,0.999826,1,0.9999775991221709,0,0,1,1,1,1,1.0,1.0,1.0,71.01937093354228,0,0.625,High Risk
-10.6323749061596,7.25193622855414,-17.6810718207918,8.20414440620562,-10.1665907519072,-4.51034377036334,-12.9816061559658,6.78358879797499,-4.65932958355558,-14.9246547735487,8.38914233451929,-16.4655039422141,0.33851695978655,-14.224403603167,0.556584472572111,-11.683998043525,-15.8416159780561,-5.75319975278369,3.81304079276336,-0.810146481561289,2.71535704420309,0.695602689761576,-1.13812206664164,0.459442241911828,0.386337323495895,0.522438449202614,-1.41660373652915,-0.488307035713995,0.3995515730849988,1,1,0.99987316,1,0.9999775990151175,0,0,1,1,1,1,1.0,1.0,1.0,71.03277744600149,0,0.625,High Risk
-13.0865194204794,7.35214833905529,-18.256576111808,10.6485054461688,-11.7314764509112,-3.65916740569145,-14.8736579646075,8.81047267511276,-5.4182040716445,-13.2025771482197,6.35722736343626,-15.5316111795156,0.659694875353275,-11.4123295951252,-2.44757607431839,-9.83374302098841,-18.1746174349071,-7.269904593126,0.623796611777714,-1.37629840858733,2.7611570593153,-0.266161809571132,-0.412860724865388,0.519952215674181,-0.743908960008006,-0.167808225140728,-2.498300252188,-0.711066151912636,-0.23228003416941637,1,1,0.99989784,1,0.9999762616482489,0,0,1,1,1,1,1.0,1.0,1.0,75.28651005825321,1,0.75,High Risk
-12.8336314219519,7.50878980635543,-20.4919522106577,7.46577999198461,-11.5753037055975,-5.14099947650773,-14.0205637048257,8.33212047126021,-4.33771253089739,-15.5637913387301,7.61081978841573,-15.5923232225286,0.504789055226229,-13.2478885958622,-0.796526030140245,-10.3423283585648,-16.0445243414767,-5.8821359384126,1.57369789640089,-1.37892322363159,2.96684240389381,0.615344322057327,-0.766494757432984,0.431261005079751,-0.104974994617143,-0.0100913270781415,-2.4008113496639,-0.720556600051925,0.0621300921613812,1,1,0.99988794,1,0.9999776234051996,0,0,1,1,1,1,1.0,1.0,1.0,76.74352479292061,1,0.75,High Risk
-10.0406314557065,6.1391827154247,-12.9729718943545,7.74055544506762,-8.68470452840193,-3.83742916671056,-11.9077019040753,5.83327300056002,-5.73105424359056,-12.4389449056023,6.98988561330738,-16.218610393127,0.25330336584704,-8.72864506518152,-0.147529091109699,-14.1298545174931,-20.6850275533272,-8.48444905730181,4.85125513655685,-0.0822752254211996,2.82343143164188,1.15300501339169,-0.567342849673059,0.843011621641402,0.549937644887907,0.113891875585392,-0.30737499959267,0.0616306406149363,-0.3493332192312134,1,1,0.9998609,1,0.9999770838947191,0,0,1,1,1,1,1.0,1.0,1.0,65.0316681830763,0,0.625,High Risk
-10.3008197578448,6.48309458751086,-15.0763627200288,6.55419115286706,-8.88025172157215,-4.47167242014489,-14.900688599735,3.84017023811699,-4.35844142237671,-14.5331616869738,7.58874088021049,-15.8357188077344,0.135035383391472,-11.5670059165135,-0.077026912374336,-11.4674297370042,-19.1729963590355,-6.96985638421183,2.21175583268581,0.113244363257218,1.50874842459643,1.04164209875775,-0.682789602968657,0.573543946252624,-1.6023889741646,-0.393520821299559,-0.468892515546761,0.105920160381125,-0.3493332192312134,1,1,0.99988234,1,0.9999659248537982,0,0,1,1,1,1,1.0,1.0,1.0,66.86540398358865,0,0.625,High Risk
-11.3206331107815,7.1919501426236,-13.1790825454686,9.09955188204157,-10.094748875094,-2.44011507020033,-14.1843372950953,4.45250293397358,-6.24196000276902,-12.618162687238,6.05731930477932,-15.7176066468772,0.117817409556609,-8.65374335706751,-2.50255377627617,-11.2313644545234,-21.5851521412337,-9.09089206099764,1.17118873250237,-0.180934725269677,1.08223532776525,-0.350562500439559,0.483043945803059,0.661132920850802,-0.396521511995203,-0.413315388408682,-0.997547797965388,-0.235035882545031,-0.20184860222909248,1,1,0.99989486,1,0.9999768898000583,0,0,1,1,1,1,1.0,1.0,1.0,67.54797226735705,0,0.625,High Risk
-12.3810482122443,8.21302215295327,-16.9625296493409,7.11609059812684,-9.77282635905051,-3.66683564785878,-16.1473633736285,2.07870595319163,-4.25065683444105,-16.7460441053944,7.42580096307482,-15.5648376012203,-0.426338420425742,-14.0295376738875,-1.68188923012087,-11.1337609764854,-15.8335888785336,-5.74853293843859,2.27108150670047,0.53779490001906,0.1677033350947,1.5034133341063,-0.767755381526479,0.371951476263823,-1.41563947948017,-0.517022160118675,-0.434620522533755,0.292721057342818,0.03405489970200101,1,1,0.9998362,1,0.9999704728058615,0,0,1,1,1,1,1.0,1.0,1.0,72.3709902562441,0,0.625,High Risk
-11.3977267217611,7.76395304621262,-18.572307456296,6.71185525207739,-10.1742155991554,-4.39591833120843,-15.8937882429266,2.08301258152135,-4.9888371802491,-15.3460988468775,7.09318207259894,-14.9797547574476,-0.148288045224015,-9.93567958156078,-1.16199939019334,-11.6468338293624,-18.3838524599849,-7.40273080415809,1.94169681013401,0.208879130047717,0.339007373241803,1.34292261443867,0.239217367154604,0.534644166424257,-0.174964905765612,-0.500240426616998,-1.72206026726614,-0.574339363297002,-0.3077995063467818,1,1,0.999889,1,0.9999642201180386,0,0,1,1,1,1,1.0,1.0,1.0,71.9953051371073,0,0.625,High Risk
-13.5120737201635,8.21517673687939,-16.5826057272747,6.20736889019759,-11.3184715177058,-2.99720698778128,-17.6404704062016,0.0403490750758574,-5.62023218946632,-15.1237521803455,5.93465734341534,-14.1750301634055,-0.169044491655796,-6.55255368427192,-1.57000723316824,-12.1725530183154,-20.1645422294456,-8.66881519685045,2.55087034384644,0.694574465326517,-0.907905601256761,1.5140282763652,-0.141879203311202,0.789185965955202,-0.0313427677694401,-0.255056581600699,-1.86583088908172,-0.442204311521227,-0.17169672412549075,1,1,0.99987423,1,0.9999742358668307,0,0,1,1,1,1,1.0,1.0,1.0,74.39034541761373,1,0.75,High Risk
-26.4577446501446,16.497471901867,-30.1773174564996,8.90415677106517,-17.8925996927224,-1.22790388102871,-31.1973285494605,-11.43892041491,-9.46257260540015,-22.1870885620007,4.41999660154863,-10.5923050053728,-0.703795803703315,-3.92620731586873,-2.40024649210124,-6.80988994039049,-12.4623149481086,-5.50105078380738,-0.567939572890149,2.81224110932946,-8.75569832116533,3.46089334478551,0.896537503959012,0.254835536763482,-0.738096558530353,-0.966564233789852,-7.26348214633855,-1.32488430656137,-0.3493332192312134,1,1,0.9999014,1,0.9999572507294168,1,0,1,1,1,1,0.9999999999999991,1.0,1.0,154.4835084920588,1,0.875,High Risk
-15.1920640113629,10.4325276778611,-19.6295152518171,8.04607504591293,-12.8381666152727,-1.87585874614533,-21.3597382791388,-3.71784952676935,-5.96978174909567,-17.1415136412892,5.90239975502551,-13.5801472568557,-0.45140689941267,-8.33476258691073,-2.02514468652193,-10.1963336944105,-17.2709851692259,-7.07909577930568,1.51769533116994,1.65747618417276,-3.47409650326971,1.76544551266317,1.70125678162665,0.381586805077026,-1.41341748729956,-1.0230778939005,-2.63476129227348,-0.463930546269812,-0.3493332192312134,1,1,0.9999404,1,0.9999513908806117,0,0,1,1,1,1,1.0,1.0,1.0,86.02620837429149,1,0.75,High Risk
1.70785693746472,0.0248807914815549,-0.488140038578959,3.78754815533943,1.13945148482475,2.91467262159314,-0.743357877946301,0.699135879021363,1.0084706473096,0.912806096143303,0.7653541419638,-2.04386838674929,1.00154733873148,1.32288725448265,-2.72007696175136,-0.153429555378718,0.752610596119435,-0.755785824269169,-1.91256263382671,-0.368014254987192,0.0108651916304298,0.548257831746395,0.0912182952145324,-1.00795946020642,-0.0821828177765288,0.179709188704528,0.0077377190320074,-0.0688413102470406,-0.218502023645254,1,1,0.9552311,1,0.9901949521909067,0,0,0,1,1,1,0.26766278438701085,1.0,0.7434468774091971,1.6429742643679885,0,0.5,Medium Risk
0.842025258809961,-0.365518405631879,-2.46406333105633,4.82088596439253,0.775505434320733,-0.614784604613805,1.36802439952459,-0.526261741999926,-0.121356446796038,-0.357616193093852,0.637766685379952,-2.81888227036892,2.36059541417279,-1.10869894034456,-1.44995109474769,1.57373987380152,2.20265154365361,0.800471466568041,-2.10358290329291,0.944915098074741,-0.110621878759425,-1.25780002613606,-0.324418362936717,-0.420020001036393,-0.219501077925226,-0.268872635957687,-0.144582319033867,0.104464060190998,1.9289506775294134,1,1,0.9824546,1,0.9956517596172622,0,0,1,1,1,1,0.9340413892782764,1.0,0.8992592592592592,2.2116691570460336,0,0.625,High Risk
-16.308650062507,11.6148005425867,-19.7393862972953,10.4638662754002,-12.599145656022,-1.2023933184963,-23.3805078207357,-5.78113300512982,-7.81102238181602,-16.3035376590131,5.57362527301538,-13.6352161247268,-0.483236243869236,-7.35279224297253,-2.39268418895092,-8.72814239367754,-17.5988535455879,-7.45595632935304,0.169740705598221,2.10603387120175,-4.88498262418118,1.14091043558273,1.39295263139548,0.348996604820014,-2.16750975079914,-0.798753537981903,-2.94277507305079,-0.462679619023024,-0.34681723470071424,1,1,0.9999229,1,0.9999425178839063,0,0,1,1,1,1,1.0,1.0,1.0,92.78309592335508,1,0.75,High Risk
-17.5189091261484,12.5721178535385,-19.0385383213549,11.1908946558522,-13.5547207079601,-0.41192361337145,-23.189396512394,-5.30141221815132,-8.63039030596902,-16.2556117491401,5.70211147983179,-13.8124040899594,-0.306815322507812,-7.01360737195925,-1.18229035380557,-9.3601791927531,-16.6683693822389,-7.14746777723207,2.16209864550609,2.52851232971436,-4.96947772242457,0.976124822110751,1.8412479337881,0.334417748210128,-0.720128461316563,-0.232603423065217,-3.02199247294556,-0.478158234859683,-0.34681723470071424,1,1,0.9999523,1,0.9999587401541801,0,0,1,1,1,1,1.0,1.0,1.0,94.28545313373921,1,0.75,High Risk
-1.95293262584861,3.54138524292281,-1.31056140773257,5.95566359407,-1.00399266347247,0.983049267722507,-4.58723460197373,-4.89218360319852,-2.51675203271071,-2.85032390160027,2.02467408050134,-6.48774641306604,2.37646259977422,-2.24151634571345,-0.566869734947616,-3.93685691797738,-6.12719357199364,-2.32855196140235,1.56212955232854,1.96502978343686,-1.99809122812016,1.13370623369264,-0.041460872197789,-0.215378738296157,-0.865598577097396,0.212544577403768,0.532896738259478,0.357891632792824,-0.2776076919807912,1,1,0.99661154,1,0.9993443016649203,0,0,1,1,1,1,0.9999999939070014,1.0,0.9333333333333333,8.089560133880278,0,0.625,High Risk
-3.55217282034342,5.42646054559111,-3.73181031980956,6.67906180701896,-2.18754337884152,2.43394023761172,-8.74811035885579,-12.1082840970182,-2.8563585144669,-5.66586179854092,2.54083553206878,-6.14705358343033,1.79689064160126,-4.32898899462283,-0.150037374792615,-1.83900466547168,-3.35463814070962,-0.282307261175205,0.148592393859995,3.79266672675409,-5.68899027177143,2.51097955615894,0.953932861684676,-0.542506228224687,-0.620152015985956,0.406012866709306,0.0230251633862463,0.164740605977244,-0.2191809401058649,1,1,0.99982005,1,0.9999603640017161,0,1,1,1,1,1,0.9999999995026669,1.0,0.9933333333333333,17.45843940587148,0,0.75,High Risk
-3.7058559456413,4.10787318567637,-3.80365599543613,1.71031444791959,-3.58246604635748,1.4697289395611,-9.62156012711908,-11.9131046925977,-0.322296771337166,-6.62569249371823,2.17523030559549,-4.38107755793604,2.06329870945929,-0.673818453194249,1.40076321660287,-4.25492662033392,-5.16021301572915,-1.30252591599748,2.59445276115475,3.63960274068724,-5.49877168010629,2.94147540326902,0.916235852911927,-0.25550447969595,-0.18383483865098,-0.584538952417976,-0.315483570351021,-0.0972228121259146,-0.3493332192312134,1,1,0.9757311,1,0.9996555886929401,0,0,1,1,1,1,0.9999993926150449,1.0,0.913391812865497,16.862934733165602,0,0.625,High Risk
-17.9762660516057,12.864988563015,-19.5750661905691,11.3451198184298,-13.9986456031027,-0.35489996091484,-23.7834698823143,-4.87235340557097,-8.50428479375643,-16.6011969664137,5.56925817499418,-13.9322487527403,-0.204854827407058,-7.58102324741972,-1.01361239001659,-9.01481328062598,-16.0920320589503,-6.05014766257303,1.66102935873752,2.41992113013135,-4.30043186631826,2.8657718597682,1.48930201538756,0.386039288843108,-0.232391836340479,0.413826703027495,-3.25598090607432,-0.538963227046118,-0.31882191476611177,1,1,0.99991333,1,0.9999611796972563,1,0,1,1,1,1,1.0,1.0,1.0,96.2476757688334,1,0.875,High Risk
-17.5375916846763,12.3525186682391,-20.1346128135864,11.1227714331133,-14.5710801396343,-0.381622313270995,-23.9286610291615,-4.72492103304407,-8.6030380974132,-15.2318333653018,4.41705461009659,-12.8935202086054,-0.10962845638889,-3.54722989444144,-2.17782399757845,-10.4020683266181,-18.3720191223339,-8.31409231206699,2.43582348553379,1.9251025961188,-4.35221313065903,2.38904092140055,2.01912792631133,0.627191869568278,-1.08599721239039,-0.0718032360759346,-3.83819790404877,-0.802564460951448,-0.3141094358042243,1,1,0.9998234,1,0.9998947195345502,1,1,1,1,1,1,1.0,1.0,1.0,97.51575671044,1,1.0,High Risk
-19.6418567335974,14.7063346696674,-22.8012376947782,12.1146718424589,-14.898112530969,0.840777704221173,-28.0112929096778,-11.9196388199434,-8.9609216998511,-18.9132433348732,4.971248707036,-12.6863075224956,-1.07144311342478,-7.38337003956967,-2.99243029925503,-8.58230865037102,-13.8065681285297,-6.00035879778826,1.42263161326029,3.83464904792346,-8.22887409813848,3.31817776987025,2.58521234602075,0.195008569338351,-1.19480304002391,0.0384229399473607,-4.12674625203028,-0.645329219040983,-0.3442213776454372,1,1,0.99992156,1,0.9999633456766547,1,0,1,1,1,1,1.0,1.0,1.0,120.08513275241985,1,0.875,High Risk
-22.3418888868038,15.53613332478,-22.8652284959099,7.04337354768731,-14.1831291919342,-0.463144880408286,-28.2151120538009,-14.6077905214735,-9.48145633401495,-20.9491915543611,4.73958247105186,-11.9249546896802,-1.50141102577851,-3.83678146634435,-2.72032883823594,-8.88010567222989,-15.8251362851177,-6.75042522352437,-0.129188144339879,4.10001904830367,-9.11042257588182,4.15889482041313,1.41292844456256,0.38280067392155,0.447153952515532,-0.632816336434319,-4.38015425911661,-0.467862869164174,-0.3493332192312134,1,1,0.9998834,1,0.9999630953647419,1,0,1,1,1,1,1.0,1.0,1.0,128.4589395008485,1,0.875,High Risk
-6.9852674861123,5.15109356872598,-4.59933777342036,4.53447860064768,0.849053978611719,-0.210701203278644,-4.42522968507474,-5.13452515572624,0.0693205728889109,-0.870997150804889,5.20081516878268,-7.80222778971281,0.0339124179895287,-7.56013197197136,-1.01465193469311,-1.50792960088674,-3.41027456780471,0.107544007359072,-1.37551765637273,-1.24699631854492,5.45367185347674,-2.05617714358307,-0.280333720590026,0.120771472511766,0.569357720918146,0.145971466001576,0.300193469284684,1.77936385243205,-0.35029168952854645,1,1,0.9999635,1,0.9999357812615121,0,0,1,1,1,1,0.9999999996739448,1.0,0.96,12.346438382727989,0,0.625,High Risk
-23.9847466495794,16.6978316913154,-22.209874815521,9.5849686202149,-16.2304387891461,2.59633265752887,-33.2393281671892,-21.5600394546929,-10.8425258685569,-19.836148851696,3.22323270290842,-10.8951335063028,-1.52345240330584,0.116303256118652,-3.09880532704263,-7.60642457511483,-18.1082610229766,-7.51186615794432,-1.24328515722898,5.80455066066397,-12.6150228644215,5.77408726884239,2.7502214496329,0.513411099654255,-1.60880380395117,-0.459624387540527,-4.62612660780224,-0.334560720645878,-0.3493332192312134,1,1,0.994009,1,0.9995208908966992,1,0,1,1,1,1,1.0,1.0,0.9933333333333333,158.76577552651378,1,0.875,High Risk
-1.46531575579616,-1.09337687781209,-0.0597678482279439,1.06478463530602,11.0950886001596,-5.43097128323669,-9.37802517086658,-0.446456139679101,1.99210961400888,1.78592177154007,1.36858453419511,-1.47169658834377,-0.72475884619705,3.44242199594215,-0.957403224855046,-1.62612941891216,1.41821495932655,-1.41791682839858,-1.65176618071699,-1.4576102135585,1.16062328833533,-1.2596968082996,-15.9816491909559,-0.883669935248733,-3.53671623161143,-0.59296488849027,0.675524833181225,0.424849351792902,-0.34965270933032444,1,1,0.9923189,1,0.9942074392133021,0,1,1,1,1,1,0.7286898306946342,1.0,0.9003354297693921,19.49329495182556,0,0.75,High Risk
-25.825982149082,19.1672390103062,-25.3902293121699,11.1254347149714,-16.6826439195391,3.93369943022963,-37.0603114554112,-28.7597989339836,-11.1266235224579,-23.2282548357516,3.7859770496129,-10.5224940129243,-2.65749636392801,-3.79279543594993,-4.49894467676621,-6.55787310177539,-12.8672447953713,-5.80459047549908,-1.25446534452587,7.90737812724062,-16.9220157786505,5.70368400806478,3.51001884069223,0.0543302268964685,-0.671983312405663,-0.209431359115655,-4.95002186384908,-0.448412770754799,-0.3442213776454372,1,1,0.9998493,1,0.9999208441350058,1,0,1,1,1,1,1.0,1.0,1.0,198.75190186598738,1,0.875,High Risk
0.91311613528992,1.1453810871791,-4.60287793273505,2.09180337375362,-0.473223859280585,-2.0854358325571,-1.67124403232231,0.0943965856348779,0.337798765397573,-4.4318096317282,4.87197985976052,-5.39522117678937,1.33250215621937,-4.60379669207464,-0.77731354811867,-2.57189156103509,-3.00361530529652,-0.225441388417525,0.252273565031692,0.50898474829098,0.40141574109896,-0.0849334160429759,-0.197684434494785,-0.283271078982557,0.387597335722074,-0.553526986386025,0.516274456782261,0.270828187083758,0.2372106664742158,1,1,0.9998927,1,0.9999481164450338,0,0,1,1,1,1,0.9999999207782745,1.0,1.0,4.919930969102033,0,0.625,High Risk
-28.2550528932108,21.4672029942752,-26.8713387797136,11.7374361361796,-17.9996302850189,6.0659013519233,-41.5067960832574,-38.9872627434095,-13.4340663182301,-24.4031849699728,3.40932261990014,-9.60826735632918,-3.07631796817408,0.240060357919937,-2.83667693195872,-6.594756991638,-12.9575309948449,-5.61352195004329,-0.248828402209821,10.4407179813405,-21.4537362781468,8.36198519168435,4.90911112135878,0.0983279449493119,-1.50873912052995,0.0087112904784173,-5.4078236392388,-0.183811044930697,-0.35332684547010107,1,1,0.99557495,1,0.9992724871301248,1,0,1,1,1,1,1.0,1.0,0.9866666666666667,259.6369633545399,1,0.875,High Risk
-1.02063166582361,1.49695912243222,-4.49093711758335,1.83672705849852,0.627318467501556,-2.73556861001066,-1.54627364241291,0.459821576439238,-0.68274140597399,-4.36310219273296,4.28702087961434,-5.40376835689762,1.26026230900043,-3.08774290682652,-1.31748806297981,-3.53705628406879,-3.17202752176385,-0.52988508450368,1.01162645030639,0.443488532055906,0.773630966413973,0.86061818130652,-0.304666447555476,-0.155499583027691,0.41216629075428,-0.220079647308722,0.392337584118175,-0.0200894870934853,-0.2653073231650172,1,1,0.9989737,1,0.9997689747994628,0,0,1,1,1,1,0.9999998202320998,1.0,1.0,4.609593973277575,0,0.625,High Risk
-1.92959692675373,4.0664132778545,-4.86518400996861,5.89860229319899,-0.552492585328532,-1.55596245330906,-3.83362344068736,0.679511648528001,-3.46376549143694,-6.68368922880726,7.02127774818005,-11.1024933822497,1.71175507363653,-10.447632938235,-2.79907615915518,-6.26174085045904,-11.6471577741668,-3.45143614190286,-0.507536514254236,0.942488941965831,1.13721164676769,0.674245235425331,-0.531765489027487,-0.433409350510738,0.378658562357166,0.198107291025294,0.869694411928137,0.228047851815119,-0.35332684547010107,1,1,0.99986196,1,0.9999666794472003,0,0,1,1,1,1,1.0,1.0,1.0,21.00210873054361,0,0.625,High Risk
-2.29698749921502,4.06404334190313,-5.95770634516933,4.68000806392241,-2.08093759960382,-1.46327216002463,-4.49084686931735,1.02924628254192,-1.59324925133839,-8.99381088354112,7.86446740028511,-10.6498396512844,1.82659101647783,-12.9136317373077,-0.766330314740752,-7.95409770929125,-7.80963509977466,-1.71851117214548,3.83298514230067,1.26495379665956,1.08908418394041,0.975397809530551,-0.62553033358642,-0.535180928107126,0.247435028956319,0.160399507909509,0.969581605226584,0.335041293733825,0.06201028337421456,1,1,0.99985445,1,0.9999745953948511,0,0,1,1,1,1,1.0,1.0,1.0,22.276434694146978,0,0.625,High Risk
-1.45687631770562,3.74030556080113,-7.40451844591174,7.44096403590735,-1.5498779534738,-1.66169686169337,-5.75721301357641,1.61501101078404,-2.19488072574389,-6.80713525144464,6.82579316213884,-10.3997491177692,1.83644883978883,-11.872845098188,-3.6423925983095,-6.0441031440521,-9.75077638654123,-3.11637225405711,0.0653171492484702,0.529557330911833,0.957897451629944,0.145339479676781,-0.0447039008346728,-0.544961671329029,-0.757756535554721,-0.005352369235898,0.318152285707546,-0.323553622642371,-0.3442213776454372,1,1,0.9999025,1,0.9999674256265826,0,0,1,1,1,1,1.0,1.0,1.0,22.144321133365303,0,0.625,High Risk
-28.7092292541793,22.0577289904909,-27.8558111336212,11.8450129100508,-18.9838125824286,6.47411462748849,-43.5572415712451,-41.0442609210741,-13.3201546920984,-24.5882624372475,3.48195180343701,-9.12834128617468,-3.00825547830858,0.796579962453559,-2.1022985205307,-5.66036644069929,-13.0327849564566,-5.39234917412895,-0.901040817847599,11.0590042933942,-22.7976039055519,8.31627543891357,5.46622995370963,0.0238542303884927,-1.52714472319428,-0.145225187134896,-5.68233823990698,-0.439133675051458,-0.35328690920771216,1,1,0.9970259,1,0.9992277611787442,1,0,1,1,1,1,1.0,1.0,0.9733333333333334,278.9686222553324,1,0.875,High Risk
-2.48836288474016,4.35901910783724,-7.77640985018266,5.36402677044258,-1.82387723220959,-2.44514013600669,-4.96422092061784,1.48489015991725,-2.94789885841072,-7.17534972178322,7.34365210856032,-10.178995535122,2.14215063066493,-8.98305216762269,-0.473746033414928,-8.14334226244301,-9.78567719982127,-3.08651950539248,3.37971333584943,0.792274684105994,1.32567239039937,1.02122620503862,-0.266476205063069,-0.370880444896658,0.365535186093547,0.081372023747405,0.184983040876449,-0.211582455539506,-0.3493332192312134,1,1,0.99991786,1,0.999973966932145,0,0,1,1,1,1,0.9999999999999998,1.0,1.0,20.79499231556009,0,0.625,High Risk
-2.87717642607719,4.56964856472544,-9.55306876711684,4.44107935434428,-3.65396138652409,-1.87798085259887,-3.5143534876061,1.5476079597065,-2.50330396990855,-7.57563437993936,7.00213577397937,-9.95919399367656,2.12207206066581,-8.88487177224851,-1.64485747819635,-7.18992618738758,-10.4451050316273,-3.2719075376306,1.48227743472618,0.105615110186545,1.27289634389685,1.30026844858483,-0.0039501335186852,-0.36084777781177,-0.597525997544942,-0.390901228489311,0.592196918920005,-0.241010152850381,1.0322218418495803,1,1,0.9998926,1,0.9999724296647254,0,0,1,1,1,1,0.9999999999999998,1.0,1.0,21.312383480100223,0,0.625,High Risk
-4.22122078925031,2.87112058054735,-5.8887158872207,6.89095207502484,-3.40489435037622,-1.15439396843915,-7.73992801001653,2.85136330092288,-2.50756869395709,-5.11072764247853,5.35088988417692,-9.29980722738699,2.79314035729228,-6.10655192524523,-2.10694702580884,-6.25062921491661,-13.5663252216994,-4.19278019670633,0.510570181831806,-0.227881506131312,1.62059124560534,1.56794700869044,-0.578007459600926,-0.0590448081819941,-1.82916881940751,-0.0724287202294822,0.136734308772186,-0.599847542493268,-0.3230152223169438,1,1,0.9998969,1,0.9999688270688186,0,0,1,1,1,1,0.9999999999999893,1.0,1.0,20.9333905250015,0,0.625,High Risk
-5.60369027985602,5.22219270751471,-7.51682997724608,8.11772427554261,-2.75685795265464,-1.57456462233583,-6.33034325040366,2.99841888080239,-4.50816689310713,-7.33437708370839,7.18872396524447,-10.6551809118898,2.59467986078199,-10.242859083204,-0.191158119172494,-5.50433407013933,-8.69777741257031,-1.93422536185434,1.95874993153475,0.227525994742654,1.24289620552409,0.428408392466797,-0.101183595116722,-0.520199121186447,-0.176937756589733,0.461449982566097,-0.106625180749266,-0.479661947808134,-0.35332684547010107,1,1,0.9999114,1,0.9999744188222457,0,0,1,1,1,1,1.0,1.0,1.0,22.901059782478093,0,0.625,High Risk
-4.99175779387947,5.2133398229232,-9.11132629809104,8.43198635177602,-3.4355156720863,-1.8275651016855,-7.11430284412379,3.43120663145462,-3.87564287029742,-6.86850850672582,7.15062516950116,-10.2629840447185,2.73308493575221,-10.1275247811671,-0.262783621001749,-5.19027103814098,-8.6557110398096,-2.02444347438745,1.5604792800844,0.0981321924634143,1.18942283937597,0.247858476295777,0.294448330047117,-0.548503502162266,-0.174616566570794,0.406702503092405,-0.40233927269736,-0.882885795448957,-0.35332684547010107,1,1,0.9999049,1,0.9999744188116987,0,0,1,1,1,1,0.9999999999999998,1.0,1.0,23.470581047970352,0,0.625,High Risk
-5.55212217135236,5.67813391258695,-9.77552798040134,8.41629539413803,-4.40984381923171,-1.50623535484733,-6.89983879692634,3.75044289681131,-3.8797925578861,-6.86416435989436,7.05106508958574,-10.1375291936462,2.81543981456255,-9.90916805374299,-0.262229551498562,-5.02255717747726,-8.52297487191683,-2.01293906157489,1.52573244095261,-0.0647801372282915,1.12847223060537,0.228484046768752,0.286257667302864,-0.536294098099933,-0.104924889157331,0.420919229293903,-0.297556884880609,-0.946184387308798,0.12486996037430616,1,1,0.9998783,1,0.9999719502848134,0,0,1,1,1,1,0.9999999999999993,1.0,1.0,24.028326790472494,0,0.625,High Risk
-4.51734375344642,2.50022390414582,-4.01392753708116,1.18945163355882,-2.48686063585833,-1.41347553285281,-4.24570662259591,1.26508694822894,1.16882778968781,-4.51390660472333,3.69471123994721,-6.11044323287235,-0.110521636054475,-4.18455528093394,-0.93103463417672,-1.61471832598223,-3.35318018239636,0.236762036968587,0.0038960221310578,-1.05616226010439,1.32694422202396,0.102998961106284,0.508166904438541,-0.278017536127694,0.139721094971637,0.0646100247346309,-0.972358289293076,0.351359561196795,-0.3442613139078261,1,1,0.99884206,1,0.9999472432041687,0,0,1,1,1,1,0.9999966930057859,1.0,0.9933333333333333,6.082938647831338,0,0.625,High Risk
0.745153216872909,2.80929887414381,-5.82540635746786,5.83556642595055,0.512319881201007,-0.615622343185995,-2.91657564356736,0.776710041712962,-1.87883185000296,-4.54693575081085,4.69879549591235,-8.50778570734412,0.718249309268122,-7.62871014660448,-2.24957848303647,-2.55866861696795,-5.30462366328046,-0.956938449028105,-0.585321852047277,0.40283675391689,0.284840710005163,-0.874383479410998,-0.0839950451669313,-0.651441658316508,0.454593823671078,0.0503758982755266,0.756952562644727,0.383868938615243,-0.35332684547010107,1,1,0.9999181,1,0.9999682881299113,0,0,1,1,1,1,0.9999999999921809,1.0,1.0,10.105654816034349,0,0.625,High Risk
-1.00061051985933,3.34685000184439,-5.53449117133595,6.83580203854396,-0.299803293657807,0.0959512989990878,-2.44041927394713,1.28630119597073,-2.7664382829404,-4.45800770078481,4.69653339192897,-8.76211333956078,0.985826601093264,-7.32027202211023,-1.06384045772504,-3.37112471078725,-4.25115786762875,-0.43005729986925,1.80401333906519,1.18981379228675,0.439756764345897,-0.694099203587273,0.299660329499667,-0.657600627722995,0.101647558980344,0.430457439169415,0.824685450418745,0.326952273050223,0.39000680637405727,1,1,0.9998528,1,0.9999750662523682,0,0,1,1,1,1,0.999999999993527,1.0,1.0,9.989217206197605,0,0.625,High Risk
1.93494645561548,0.650677737498259,-0.286957048622899,3.98782809057201,0.316051835129206,-0.0994493763543019,-0.0214831582313935,-0.172327298889228,0.508730034701461,1.07295520625891,-0.427567391481657,-2.777649223895,1.63714014878874,1.5710801214626,-1.44536681818908,0.908649625166723,-0.122016068028642,-0.104109917156777,-1.6840216339214,-0.344452123814994,-0.173601631022283,-0.190973581696087,0.219975571293889,-0.216596550704603,-0.136691885594352,-0.129953649978571,-0.0500768352982461,-0.0510818960798855,-0.3493332192312134,1,1,0.953633,1,0.9778466560940717,0,0,0,1,1,1,0.4377226350573273,1.0,0.6302297802442304,1.4054342864817126,0,0.5,Medium Risk
-1.53281036094493,2.23275183861699,-5.92310007493809,3.38670841159996,-0.15344334000728,-1.41974768064009,-3.8785763388613,1.44465586239817,-1.46554214173397,-5.20833459337633,4.54630106888309,-7.76119403219115,1.15954032168956,-5.23161145654992,-0.171642119460071,-4.71982949844975,-4.84799196061678,-1.13432874514983,3.52773827223549,0.520839865969216,0.632504705856676,-0.070837950713368,-0.490291315112446,-0.359983126080465,0.0506775325943162,1.09567132878655,0.471741401676933,-0.106667140739625,-0.35029168952854645,1,1,0.999907,1,0.9999756809670579,0,0,1,1,1,1,0.9999999995703797,1.0,1.0,8.719283325150391,0,0.625,High Risk
-2.45036662540267,2.10772866087808,-5.14066303982343,1.41130357398271,-1.69077950338918,-0.736427202926685,-3.65794634761755,1.94490590423047,-0.788387529063343,-5.62467713431414,3.51964234486905,-7.221590004268,1.20172802326675,-3.8114281425371,-1.70142802210083,-3.57140837935336,-7.31140729142311,-1.75435460658485,0.795448867520342,-0.130438203342561,0.800538093373868,0.364616671021501,0.233607611774679,-0.282077578211224,-0.320310972669244,0.49291998915127,0.35997644954193,-0.115471009476069,-0.032958148586533766,1,1,0.99976486,1,0.9999690284993941,0,0,1,1,1,1,0.9999999753521839,1.0,1.0,8.156240190473607,0,0.625,High Risk
-1.10103546371767,-1.67492805871463,-0.573388195590639,5.6175556662941,0.765556412634615,0.440607080848915,1.93474047501363,-1.01978754945585,-0.19324423129657,1.7837390603636,0.606910821999133,-2.85427542751023,2.37947304553589,1.26814661675691,-0.28361908940932,-0.482192055998123,0.8110054093379,-0.357910684579857,0.752760921550722,-0.0383141473363703,-0.412525822025647,-0.208823118913215,0.344832725150856,1.09143473162108,-0.686512742633337,0.0758089204336296,0.0338647378770195,-0.83285502022751,2.183025178847446,1,1,0.98399484,1,0.9951539120410355,0,0,1,1,1,1,0.9662903386679185,1.0,0.8403565767706898,2.2257604103534097,0,0.625,High Risk
-1.55027271502021,1.08868850191044,-2.39338766218981,1.00873271714408,-1.0875618874048,-1.10460238189499,-2.67050327670088,0.147654676391109,-0.978625549290056,-3.51413330486723,3.58604242366444,-4.05335784837839,0.862426024955809,-5.76582302154173,-0.507511029549388,-4.92186514350783,-9.56726769048681,-2.77297411117016,1.71709526842855,0.327490457262181,0.802316031461701,1.03710478869922,0.0958154204904633,-0.320190913384423,-0.0807306312824349,0.0910116872058309,0.0249284934943241,-0.0778199786198624,-0.28519558183467775,1,1,0.9997296,1,0.9999625297765643,0,0,1,1,1,1,0.9999999918865702,1.0,1.0,7.540215275336609,0,0.625,High Risk
0.949240654782111,1.33351901279168,-4.85540201400676,1.83500588341825,-1.05324529225553,-2.56282606985029,-2.2869856262026,0.260906489976679,-0.895365545923127,-4.54261203828437,2.45371037821171,-4.92519869522976,-1.20041197086128,-6.42437211273331,1.01489749133407,-3.12942132163446,-5.14703878335167,-1.81543652928925,0.520496923051347,0.424608328846183,0.306598169644708,-0.854626651528392,0.101176995923819,-0.281497410249515,0.0244439388949186,-0.107944111820021,0.625288550407281,0.315677390712111,-0.0937411399424038,1,1,0.9998721,1,0.9999718733362507,0,0,1,1,1,1,0.999999987268741,1.0,1.0,6.188281229421408,0,0.625,High Risk
-5.96145725181683,5.31338185985134,-6.67432045600546,6.02897499089959,-1.38755992793501,0.670638451870295,-4.12898748860167,-4.76589378950457,-1.00525917075425,0.453505060416619,4.43173633655471,-5.14273660303602,-1.18169206554319,-8.7554491326517,1.00435568809085,-2.06502561211988,-3.26143516010375,0.12522332026716,0.936966154656013,-1.11658092121725,5.55664239133643,-1.50180765840879,1.35517244397724,0.141093214148711,0.0779134112043686,0.473988340387306,0.28712879038893,1.46865341855998,0.06955823696571223,1,1,0.9999361,1,0.9999633193041453,0,0,1,1,1,1,0.9999999994939839,1.0,0.9866666666666667,12.258829465911246,0,0.625,High Risk
-6.67721162487866,5.52929920087665,-7.19327456474359,6.08132107951892,-1.63607097105033,0.500609583298219,-4.64077020758754,-4.33983969614375,-0.950036405131991,0.566679814004086,4.3150759158968,-4.93828359985114,-1.10570973729343,-8.49081262174082,1.00362574598099,-1.94912326096651,-3.09301268981888,0.124087074705575,0.886746966076448,-1.11868675540655,5.56330066446813,-1.60827196122017,0.965321595694456,0.16371797930961,0.0475308707267175,0.466164782963216,0.278546743051982,1.47198811731278,0.06955823696571223,1,1,0.9999361,1,0.9999479314616171,0,0,1,1,1,1,0.9999999983789645,1.0,0.9866666666666667,12.633820744145869,0,0.625,High Risk
-2.62892199481027,2.2756363708417,-3.74536934909195,1.22694819658893,-1.13296649495042,-1.25635309994595,-1.75241984877631,0.281736387178617,-1.7923429718137,-4.82077941422469,4.17609762346479,-4.61900987976999,0.742689541505504,-7.63696288811138,-0.197887605182768,-4.14039566725884,-7.60471483249934,-1.52450539738207,1.27132193138436,0.133106474791523,0.870729582435536,1.26947278909845,-0.265494007565328,-0.480548610900827,0.169665130870596,0.0960810570397914,0.0700362725602789,0.0637683649579152,0.22423138119783093,1,1,0.99972993,1,0.9999466959757825,0,0,1,1,1,1,0.9999999993674349,1.0,1.0,7.919063508959042,0,0.625,High Risk
-2.00345953080582,-7.15904171709445,-4.05097631587393,1.30957974749918,-2.05810158798669,-0.0986209270722274,2.88008272715204,-0.727484046608914,1.4603805509699,-1.53160798206082,-1.39432826167269,-0.220718797789479,-1.53099043146804,1.0752476539262,0.388383209307268,-0.660655352312646,0.0933209955444861,0.335742221574637,0.0575510393537501,3.97321702726744,1.24428677489095,-1.01523228673153,-1.80098486605048,0.657585626965743,-0.435617246752788,-0.894508922176968,-0.39755738695085,0.314261714087509,8.136603366993986,1,1,0.9604706,1,0.9883040151851006,0,0,0,1,1,1,0.11263644409608539,1.0,0.8038054901960785,6.540455750319948,0,0.5,Medium Risk
-1.07381997038354,0.415616496914758,-2.2739767978925,1.53684419661661,-0.758696869170268,-1.67038051440345,-2.37713981352061,0.0903704457603509,0.0048472639499715,-2.77674714436829,1.42841254547618,-4.48267863575862,-0.709519384951049,-4.61013844047447,0.621338168687942,-4.60271264488365,-7.52418833345318,-2.55710412229741,1.31912362938259,0.22705062109278,0.535541841818562,0.863591564127184,0.45074251609585,-0.144227844430684,-0.20560879925391,-0.539072772653385,0.503418437647693,-0.237807129664846,-0.3093969568423369,1,1,0.9998939,1,0.9999472845857886,0,0,1,1,1,1,0.999999952977533,1.0,0.98,5.437186826165213,0,0.625,High Risk
-5.90492080575337,4.43991138307409,-8.63180221299529,7.78868440738042,-4.98957980058454,-1.20014396478769,-7.6740599401754,4.12576101681016,-5.31577802250603,-4.89115620289902,4.22041859352387,-6.40830067684822,1.32800326739361,-5.853545070898,-0.928337066900246,-7.08579817642873,-12.62385610867,-4.74522383798077,2.79789150183086,-0.505607961764415,1.77502979034156,1.26644115239936,-0.199409588840669,0.0149600028407991,-1.90822653976519e-05,0.544209892335915,-1.16756581297999,-1.20635432583345,-0.17157691533832412,1,1,0.9999007,1,0.9999777902432747,0,0,1,1,1,1,0.9999999999995239,1.0,1.0,22.4018354885196,0,0.625,High Risk
-0.769171691743673,1.3422122564916,-2.1714541366788,-0.151513299728476,-0.648374467317641,-0.973504253142134,-1.70665765414268,0.313744516691369,-1.98230184657376,-3.15812700566592,1.3415717221686,-3.29947236985172,1.24764737362737,-6.39337284276668,-0.0532048016171774,-3.25804634128955,-3.34889609796046,0.217330714330335,-0.917407954929339,-0.102294252090737,-0.0361222946216654,-0.753591202726119,-0.0471133973013113,0.358492767536875,-0.287406815695466,0.476505957022081,0.250530561357973,0.250987222920341,-0.19358179591459507,1,1,0.9982133,1,0.9993164408102513,0,0,1,1,1,1,0.9999826485330013,1.0,0.98,3.862649756871418,0,0.625,High Risk
1.88961791435199,1.07309853428207,-1.67801752213825,4.17326819444992,1.01551580609762,-0.0093890345376856,-0.0797056036973578,0.0640708218352963,-0.714516675807338,0.0422275201898101,-0.408402781057003,-0.929370065771482,0.0586863166856154,-3.51284546122181,-0.164612974126633,2.06985302474878,1.7333815808837,1.58075796212324,-2.33518537609962,-0.15357026465285,0.203727978494943,0.733795720552592,-0.0365597489616082,0.334305770703597,0.147171035637962,0.279556488222951,0.0316687807243937,0.0358833226413502,-0.3404673689808828,1,1,0.99799204,1,0.9987632386912029,0,0,1,1,1,1,0.9613349899416345,1.0,0.9533333333333334,1.6452945780795352,0,0.625,High Risk
0.224414466674279,2.99449857558056,-3.43245819570533,3.98651893184362,3.76023294891974,0.165640145963465,1.09937770884947,-0.654557103379097,-2.43541565257984,-2.27673307339047,1.84607851719332,-1.96119460001748,-0.851166387195622,-7.12231638408937,1.01960490036808,2.13101467212875,6.44364914460203,1.59253819138457,-3.68190355226504,-0.20084628074101,0.491337124801356,-0.984222622736636,-0.421979358037133,-1.0480578940284,0.726411519627846,0.26862463804569,0.283689474052924,0.419101636371901,-0.35332684547010107,1,1,0.9969221,1,0.9996212507864947,0,0,1,1,1,1,0.9995747444076426,1.0,0.9866666666666667,5.545688131186415,0,0.625,High Risk
-1.14155893716424,1.92765003845063,-3.9053561494007,-0.0739425941379643,-0.0448578188133647,-1.75699895886989,-1.21741649894761,0.364563278725543,-2.77014774706035,-3.21618771830464,1.28674925677162,-3.27270458494442,1.04221562276303,-5.74894325155799,-0.668136526600605,-3.86597568295345,-2.70505213033344,-0.103907181377394,-0.716811424575637,-0.250582939794953,0.102081332026183,-0.531495912348873,-0.328740974448816,0.393099609976725,0.568434632400261,0.786604529169779,-0.146101643769467,0.0762114890570611,-0.2534861894979098,1,1,0.99828535,1,0.9994317934318565,0,0,1,1,1,1,0.9999744393854039,1.0,0.9733333333333334,4.163775772631339,0,0.625,High Risk
0.909123838691231,1.33765782444144,-4.48472766746064,3.24535764512838,-0.417808776149092,-0.762118684149486,-2.5063487752776,0.694163949223675,-0.467555883753771,-4.5652600954372,3.61264534637429,-3.17193661178549,-0.400045818565063,-8.56945415472099,-1.61483120714345,-2.38820756249222,-2.57746443422373,0.0926786705401108,0.0982420128901166,0.445573384128196,0.586829162500182,0.59407754473212,-0.252120311226939,0.325438827876011,0.562765676359647,-0.256278184868886,0.652673806782709,0.319879228007944,-0.08215962384962959,1,1,0.99984443,1,0.9999753469076201,0,0,1,1,1,1,0.9999999933672665,1.0,1.0,5.737702141490097,0,0.625,High Risk
-4.59944700208203,2.76253994253031,-4.6565298706326,5.20140306725894,-2.47038771213247,-0.357617930345621,-3.7671888274624,0.0614664440276634,-1.83619986278079,-1.4706452575308,2.14393063330902,-5.83973605661705,0.153011630876735,-6.17736456586248,-0.78541565373917,-4.51052273721062,-10.3405128633486,-4.18117755349571,-0.376135682527478,-1.00065772232141,1.58148035659457,0.261332719512975,0.621415022135499,0.994109926998982,-0.687853106052664,-0.337531252843331,-1.61279104641522,1.23142473470435,0.019478163930061063,1,1,0.99989486,1,0.999930016182146,0,0,1,1,1,1,0.999999998945128,1.0,0.9683333333333334,11.30373370270119,0,0.625,High Risk
-5.31377384241729,2.66427399774238,-4.25070701802015,0.394707094952515,-0.391383377283543,0.683526139774215,-5.13367100176311,-7.90778989157428,0.215474664930064,-2.29773425918487,1.96148093151336,-1.94444112769897,-0.69255896504056,-4.3463476308633,-1.72692923293524,-1.82040477188062,-3.74648955100281,-0.880399311360603,0.267914551538718,-2.64290184721809,8.66466242953635,-2.71638258812677,0.483559093855452,0.0792347976258407,0.311065240462952,0.555544234123026,0.176740004036668,0.362906575787496,-0.3493332192312134,1,1,0.9997563,1,0.9999341851117327,0,0,1,1,1,1,0.9999974360209959,1.0,0.9666666666666667,10.749107161654768,0,0.625,High Risk
-2.27247262312809,2.93522576984167,-4.87139411498144,2.41901198641213,-1.51302177077044,-0.480624709293733,-2.12613615926755,1.88350700101357,-1.29726168422102,-5.48742458295368,2.96924007367485,-3.05540513135176,-0.316543682164901,-7.86280852638766,-2.2028004046908,-1.93231647481301,-2.28474841411287,0.324787267403684,-0.183180903717309,-0.0310853103629951,0.718504287704593,0.893850157785459,-0.031631724472805,0.322912638305837,-0.0584064063189307,-0.411648851141658,0.573803016490166,0.176067285155718,0.34915200995023665,1,1,0.99977475,1,0.9999528243631253,0,0,1,1,1,1,0.9999999234884457,1.0,1.0,5.924213170139202,0,0.625,High Risk
-1.83693980524096,-1.64676405421121,-3.38116824152195,0.473353567439937,0.0742428680588724,-0.4467506984682,3.7919065488031,-1.35104516710281,0.0951859632710584,-0.0844995591396119,-1.54230486820434,-0.540534807018906,-0.27207903913702,0.712541142762088,0.234979844917,-0.907666065803548,-0.391051374531861,-0.0347191590047466,1.08428646665042,-1.58614369731197,0.0106634770821352,1.78668137304358,-0.151178223750849,-0.582097763853728,-0.956061535679488,-0.334368991860647,0.715600326403013,0.370449747000955,2.525278947520117,1,1,0.97759277,1,0.9923311204345909,0,0,1,1,1,1,0.7678739407971027,1.0,0.8381172017030355,2.033473604805039,0,0.625,High Risk
0.290155157802135,0.0492431315858544,-0.740523666102691,2.86546277005979,1.39529391568643,-0.53516327889219,0.142543369971437,-0.222769707020631,-1.46369065190782,1.71353755281029,-1.12757349175133,-0.708657345883242,0.272186077406343,0.27471029150754,0.235191951820748,-0.463552709186313,0.472995390747944,-0.44789915630515,1.79092414652793,0.247579534584332,0.337348848382748,1.01819057752704,0.303550010776752,0.833886119752574,-1.22230609676666,2.7452606721766,-0.220401600319897,0.168232740494181,-0.32465260907488774,1,0,0.49502707,0,0.2687266715608683,0,0,0,0,0,0,0.18206236116121413,0.0,0.41060562823819124,1.1922754870342294,0,0.0,Low Risk
1.17782379154942,2.48710339519253,-5.33060816051087,5.32454683526606,1.15024325844862,-1.28184253527583,-1.17199420002259,0.413778202141836,-2.6598401542684,-2.9716952359177,3.6195974073081,-4.47804406487578,-2.03418448611283,-7.77219735461502,-1.20149274946259,-0.509866916309607,-1.30436979397668,0.495999534593581,-1.35984389291856,0.156057238983783,0.262325116604754,-0.431790202566124,-0.092088065214941,0.145215897986796,0.457788410050576,0.167739067416406,0.451242541470912,0.268421209703893,-0.33387788568671817,1,1,0.9997447,1,0.9999249176437705,0,0,1,1,1,1,0.9999999928509438,1.0,1.0,6.109217092039919,0,0.625,High Risk
0.0546821522798935,1.8564996040552,-4.075450734554,4.10009796977678,-0.800931346218859,-0.29250182507501,-2.31743139396216,1.18974699460744,-0.786237923620357,-3.90674573293228,2.99348883356357,-3.61312502993317,-1.7272971294619,-7.36463881998297,-0.343295934983382,-2.57763472583711,-0.515302055109939,1.10910710845714,2.35115138243805,0.509558726652881,0.61824776165619,0.800932138498696,0.13001647459447,0.288945953295625,-0.36665802323555,0.0303066561662426,0.431182443382693,0.110698251591246,-0.030242482744090138,1,1,0.9997911,1,0.9999455379349567,0,0,1,1,1,1,0.9999999723048715,1.0,0.9483333333333334,4.832535574475503,0,0.625,High Risk
1.1839312092814,3.05725030538059,-6.16199733475256,5.54397248278589,1.6170413698223,-1.84800603824854,-1.00550810079405,0.339936724068817,-2.95980628236377,-3.8517216648754,4.51335526006987,-4.85831164395338,-1.76573419312819,-10.0062434296255,-0.439394416852874,0.574874856691221,0.188469552514539,1.64922352053836,-1.79673863123125,0.252571163759772,0.109184860912105,-0.931071823432774,-0.0641750404544211,-0.0070125201234796,0.345419478643384,0.0645577481719254,0.476629438597504,0.323740180557018,-0.35332684547010107,1,1,0.999387,1,0.9999279320381705,0,0,1,1,1,1,0.9999999992392108,1.0,1.0,8.508626705177377,0,0.625,High Risk
0.753356012421118,2.28498795250353,-5.16449200355315,3.8311119987993,-0.0736224923058734,-1.31659594586445,-1.85549544374527,0.83107909886574,-1.56751414502076,-3.22455914814995,3.36955824955852,-3.46854525803227,-1.38357106785405,-6.0205789709702,0.309601855257659,-2.61776696028245,-1.31075238207209,0.409659909693325,2.36229077589933,0.285792259895482,0.382006845522224,0.0339580452530082,0.187696850240103,0.358433465751075,-0.488933827051834,-0.258802387138951,0.296145453458912,-0.0471736659782491,-0.34533959299232575,1,1,0.99990904,1,0.999952841404333,0,0,1,1,1,1,0.9999998903027787,1.0,0.9890909090909091,4.427808923193769,0,0.625,High Risk
-1.39620432643506,2.618584398377,-6.0367702713295,3.55245370976796,1.0300913064513,-2.95035827245882,-1.52850574519993,0.189319000841056,-1.43355448519874,-5.56914249554635,3.27754628526759,-5.89693656310926,-1.27710175970119,-11.2218047709786,0.326026786021776,-2.49734111017829,-1.58833565600268,0.120289372543204,0.170143879416802,0.0317945560061884,0.14317682159778,-0.390175928835842,0.35602946330105,-0.762351548983177,0.0965103406932942,-0.487861395288973,0.0626546228071552,-0.240732349240766,-0.3493332192312134,1,1,0.9999261,1,0.9999507999406854,0,0,1,1,1,1,0.9999999999844169,1.0,0.9866666666666667,9.522692817577944,0,0.625,High Risk
-2.4340041522657,3.22594669094366,-6.59628163055385,3.59316052421617,-1.07945204530157,-1.73974070807667,-0.0474200922292621,0.301424475889641,-1.77943359731428,-5.83645272742826,3.24943114650197,-5.96148766039896,-1.15517572861188,-11.0022890615302,0.588286383997409,-2.36580146413215,-1.3519003888026,0.189498486847292,0.524007524087668,-0.280533266400441,-0.0354907261487421,-0.419177640985635,0.157435951107499,-0.714849374336836,0.468859337004353,-0.348522318188906,0.420036479941583,-0.327642696480936,1.0945623474386166,1,1,0.99972767,1,0.9999468922228918,0,0,1,1,1,1,0.9999999999802887,1.0,0.9866666666666667,9.734151981578638,0,0.625,High Risk
1.52207986461923,-0.51942947320952,-2.58168487999205,0.774741045624737,0.206721720660857,-1.43102011805619,0.757011225164691,-0.444418034237894,0.997921025301102,-1.4294901237515,-0.375466188651408,0.17909486429195,-0.148448551372914,-2.13515486441111,-0.0449156938101637,-0.0553327528802965,1.77869660251824,0.671832434178931,-0.00202115788658,0.361168932269551,0.0196494069605455,-0.211678284664816,-0.24745192402646,-0.279471886713974,0.239646122725123,-0.50839814288348,-0.015551488169813,0.0418807020330689,0.7495929129235014,1,0,0.12036986,0,0.06638195988925737,0,0,1,0,0,0,0.5540457073241045,0.0,0.315804573462434,0.9945213065016109,0,0.125,Low Risk
0.469749517487831,-1.23755547027318,-1.76734061589655,4.83349012798216,-0.268714558636067,-0.512759848060542,1.14014880560033,-0.341272999527881,-1.04635098398312,0.0856615347524881,-0.0001211803349648,-0.0543808429292316,0.736191603337369,-2.30664478783159,-0.464003364440401,1.67272279973602,1.1657365409567,0.561322707439286,-2.3007976756963,1.27731503401271,0.30390531321967,-0.647075252164857,-0.373013646280577,0.260801138202008,-0.496566411774464,-0.245972762320847,-0.117857668735614,0.144774180519932,2.5349035867558367,1,1,0.79698724,1,0.7221274855285069,0,0,1,1,0,1,0.8951041745132609,0.0,0.5488278102573506,1.851619523521891,0,0.5,Medium Risk
-0.361427838541789,1.13347191665669,-2.97136044013455,-0.283072525739314,0.371451592836109,-0.574679962140979,4.03151344147581,-0.934397840999575,-0.768254682100259,-2.24811517395215,-0.482409384022894,-0.690550364277623,0.181274905167329,-2.37255179777895,-0.0068680461366328,0.146399068662885,1.75931419392615,1.08303951438991,-0.391047742407487,-0.0258616224927044,0.110814637422018,0.563860612681898,-0.408436059432732,-0.880078912517905,1.40839232295512,-0.137402363335706,-0.001249817072624,-0.18275089691206,1.5664891600879702,1,1,0.9728406,1,0.99290608672586,0,0,1,1,1,1,0.7647709368817219,1.0,0.8690086266390614,1.667525353745851,0,0.625,High Risk
0.432554461820961,1.86137334473124,-4.31035306214219,2.44808047483365,4.57409367462504,-2.97991207512663,-2.79237913364276,-2.71986651919035,-0.276703666493858,-2.31474716368481,2.22296005779154,-0.407550442912615,-1.65231153851303,-5.87143807802568,-0.427646957092402,1.67987296365444,5.54086531862428,3.20763696362324,-0.559479810847182,0.318852892094648,-1.3844768425902,-0.348903877586001,-3.9799478814166,-0.828156262241172,-2.41944598182275,-0.767069606648857,0.387038910929273,0.319401534511631,-0.3493332192312134,1,1,0.997875,1,0.9990908847681356,0,0,1,1,1,1,0.9994452318761543,1.0,0.9866666666666667,6.122113887817777,0,0.625,High Risk
-1.21268170063531,-2.48482353043406,-6.39718581511927,3.67056244781436,-0.863375060980971,-1.85585473063724,1.01773157976221,-0.54470377516891,-1.70337804998263,-3.73965947930309,1.73812401383737,-2.84444933585435,0.765863961245672,-4.79973713485762,-0.0113354116437183,-2.69316808210374,-3.16695515760391,-1.06780011996093,-0.559132202274595,2.90837394592783,1.39687206274272,0.0920728715219574,-1.49288249863592,-0.204227396265286,0.532510949154644,-0.293871104406878,0.212663059827185,0.431094707976035,4.978164183444911,1,1,0.9996018,1,0.999923563596981,0,0,1,1,1,1,0.9999995807354914,1.0,0.9866666666666667,6.069692118998587,0,0.625,High Risk
1.17663267315551,3.14191813880044,-6.14044483643302,5.5218205893507,1.76851488910857,-1.72718569844821,-0.932428910444584,0.292796545267059,-3.15682655843537,-3.89824038104731,4.77672033006624,-4.15249885001879,-0.472990802974345,-10.2588514782991,-0.533455591604466,0.458138563036142,0.167601789076859,1.4043108943267,-1.87401526330162,0.329567972643983,0.1293716296303,-0.803020814325114,-0.0740983557012839,-0.0310844052836625,0.375366225335466,0.0658967838964971,0.488257738746484,0.325871630319106,-0.35332684547010107,1,1,0.999387,1,0.9999385219016999,0,0,1,1,1,1,0.9999999988018695,1.0,1.0,8.412334245491106,0,0.625,High Risk
0.523819919016188,1.53170785726036,-4.17639013427384,3.58461483133399,-1.0239540327136,-0.502471057563059,-1.89196555656987,0.878416852102108,-1.54194215137035,-2.64940583024547,3.21163365301808,-2.58749931359948,0.257070951089721,-4.68380643176166,0.912636545134862,-2.6957897292607,-3.03516584667273,0.0968148690279061,2.06569197047395,0.621803834572887,0.851859435194308,1.17692695536704,0.453553280805087,0.485211207096414,-0.500686838721807,-0.10828410995489,0.269476548870234,-0.0632454644135228,0.1666832270954599,1,1,0.99988353,1,0.9998952422916682,0,0,1,1,1,1,0.9999989933236375,1.0,0.9933333333333333,3.3945827449668777,0,0.625,High Risk
-0.0796525365521887,3.22201046223725,-3.7242013893074,6.03734512826846,0.583394746331946,-0.691346179707007,-1.79988483348006,-2.62778128431688,-4.00133786259094,-2.27152578398956,1.51389817939856,-3.68294346446482,0.185830426148668,-4.69278763834241,0.247495674947084,-2.68188105082889,-2.28614467887841,-1.04884490280911,0.994829500437418,1.1985372847387,-0.664694294683722,1.13855644649209,-0.350753364122197,-0.287467300585566,0.808889022979463,0.823961705381379,0.668496565754242,0.595609828713858,-0.3493332192312134,1,1,0.99993336,1,0.9999695373575935,0,0,1,1,1,1,0.9999999593894361,1.0,0.9933333333333333,4.924202994828383,0,0.625,High Risk
-0.967767136663499,2.09801863238761,-5.22292946625656,6.5145732431847,-4.18767406818961,2.11417834963073,0.948701404286247,-2.44842689476182,-3.20366608262076,-3.07403431268054,1.05148630261883,-3.47486296690245,0.573371300323787,-5.25425346321937,-0.32638832674693,-1.84859811431832,-2.42153561881163,-0.833344853245289,0.952141057235768,1.14720392040776,-0.843268389452352,0.796738518044592,1.31431234652212,-0.352886653077338,-1.77070558031979,0.0981333585610556,0.95676878112918,0.162777346229732,3.3420154496350305,1,1,0.9997181,1,0.9999322586973921,0,0,1,1,1,1,0.9999999683270663,1.0,0.9402076843198339,6.512437396438504,0,0.625,High Risk
1.20493424160812,3.23806951076392,-6.01032440449142,5.7208466769739,1.54839977751795,-2.3210635159891,-0.78188041273237,0.0766192384971476,-2.97624905100078,-4.07025686324581,3.39415208597649,-4.5477421854241,-0.0636341960877915,-10.5164652105548,0.0532673835219021,0.204079529216049,0.462929331041335,0.841169059044758,-2.2213838533863,0.338160708541917,0.0983414697495961,-0.845865919979824,-0.0312277689973994,0.421146410215972,0.388361411769274,0.0560347438871887,0.491827823256628,0.340846685675318,-0.35332684547010107,1,1,0.9998759,1,0.9999399171664999,0,0,1,1,1,1,0.9999999991979658,1.0,0.9933333333333333,8.553889410987756,0,0.625,High Risk
0.232512476136408,0.938943680000523,-4.64777987861917,3.07984368774547,-1.90265531863884,-1.04140751952949,-1.02040664482631,0.547068603184495,-1.10599029357172,-3.52012767367189,2.07411645462861,-3.01077173816878,0.694977689554512,-5.38783122686352,1.778669797797,-2.93580442477364,-2.28557270821558,-0.237055632781029,1.97974707098703,1.14161507545704,0.911372759326949,1.04292865643844,0.999393887913078,0.901260455221573,-0.452093168108936,0.192959213794113,0.180859449380341,-0.0293153378913553,1.0244742069461383,1,1,0.9998982,1,0.999966761165251,0,0,1,1,1,1,0.9999991068035283,1.0,0.9933333333333333,3.8860399618648773,0,0.625,High Risk
1.86210178942007,-0.124051888133202,-1.98975174951054,0.382608915041756,0.473031677376878,-0.674516988454297,0.298621349163879,-0.282415726283542,0.802052524645684,-0.989431189994817,-0.491112318271443,0.903819349613327,1.3665243152114,-1.88616230658692,-0.194861302074369,0.0868367239072255,0.978546240489057,0.0556039737113707,0.189130835579419,0.150726987749903,-0.204158275791025,-0.51144105586203,0.0778741500089749,0.388335120253865,0.0078957284691346,-0.120979613154893,-0.0195787926354923,0.0061547052319409,0.08002153771159788,1,1,0.959867,1,0.9837255830348093,0,0,0,0,1,0,0.09553072831741448,1.0,0.45050422835079046,0.756961767185718,0,0.375,Medium Risk
-3.15898973247843,1.7654516187093,-3.39016804993175,0.9874099790721,-1.50993036564483,-1.28095213137771,-2.71955696702151,0.718324816575686,-1.66018323527908,-3.8410981507899,3.28282460993431,-3.90687694585664,0.951367704021229,-4.89818303490097,-0.551999608913709,-4.78744841664753,-9.33432947229458,-2.58024865554763,1.50157346167502,-0.0225898632000452,1.12053278888547,1.60508518555367,-0.618637378199115,-0.251282996939273,-0.240527821958069,-0.0043267561942135,-0.2354773111409,0.0181292220019296,-0.0167440260566499,1,1,0.9996599,1,0.9999640790189924,0,0,1,1,1,1,0.9999999736917831,1.0,1.0,7.641720035811296,0,0.625,High Risk
0.630578744212506,1.18363142021427,-5.0662827181354,2.17990251484867,-0.703375740890159,-0.10361428842267,-3.49034985781286,1.09473429241599,-0.717418480774938,-5.17993471366321,2.86702850008408,-5.25999613299847,-1.27715142230195,-6.98927231350758,0.690009613250389,-5.49618760977607,-5.99533723596091,-3.9905149275795,-0.167199797868911,0.357369307955279,0.621621663049365,0.0438073846680806,0.102711029430332,-0.601504870194403,0.127371352545737,-0.163009126463793,0.853791839587473,0.356503102101233,-0.19577829034598326,1,1,0.9998354,1,0.9999786931854856,0,0,1,1,1,1,0.9999999992445585,1.0,1.0,8.266680011301068,0,0.625,High Risk
-1.29844323295373,1.94810044909488,-4.50994688793757,1.30580476704534,-0.0194859272181987,-0.509237783834405,-2.64339761889288,1.28354519416721,-2.51535570266591,-4.50131480977758,2.09307500991474,-5.41888894354848,-1.2470137120242,-3.82826817896473,0.399050336571034,-6.36649950945483,-7.5509680917538,-4.90276666632221,0.152892032043683,0.250415437314689,1.17803195025635,1.3609885807297,-0.272013060161758,-0.325947896160404,0.290702673395833,0.841294588482068,0.643094248950207,0.201155749649851,-0.35328690920771216,1,1,0.9997758,1,0.9999581367003268,0,0,1,1,1,1,0.9999999875581412,1.0,1.0,8.102820434916438,0,0.625,High Risk
-2.35634817171224,1.74636046414013,-6.37462362059635,1.7722054455123,-3.43929379640843,1.45781106507128,-0.362577080151496,1.44379091605937,-1.92735886131488,-6.56465926230671,2.4507521592725,-5.69407428254804,-1.15546908515323,-7.13215063894307,-0.059627810007784,-4.59657658277775,-5.5220880540876,-3.5290655977144,-0.663370800920003,0.194809814636999,0.857941843268412,0.62120338692579,0.964816561119457,-0.619437275613569,-1.73261275172715,0.108361134584802,1.13082816380553,0.415702789405836,2.5536736300786083,1,1,0.99964786,1,0.9999474895377302,0,0,1,1,1,1,0.9999999993174591,1.0,0.9866666666666667,9.602167264639698,0,0.625,High Risk
-4.66650010041278,-3.95232008590575,0.206093981663422,5.15352461752314,5.22946888229443,0.939039595033364,-0.63503285991319,-0.704506473585122,-0.234785699547585,4.03143505114991,0.983646778914785,-0.578913742704862,-0.199814214445048,-0.729706928009483,1.26671345577549,-0.842769191467021,-0.10294607389286,-0.597597212831086,1.06015422605258,-2.28613708033687,-0.664263125989277,1.82142163463065,0.113562782266408,-0.759673347196958,-0.50230409927918,0.63063883618903,-0.513880222506685,0.729525850100835,-0.26359006388229556,1,1,0.99525815,1,0.9977083385058194,0,0,1,1,1,1,0.9704264977125837,1.0,0.8233511430090377,4.118866121577906,0,0.625,High Risk
-3.97593925787714,-1.24493887246577,-3.70741371980754,4.54477220840185,4.05067557270479,-3.40767861716595,-5.06311826997904,1.00704199678733,-3.19015819504631,-4.25071651144568,4.18216236800046,-4.56367473788251,1.18250275143465,-6.96497247579046,1.11533951405808,-4.99733165466689,-6.41953891153561,-1.18359273970866,3.56973257751778,2.1094026874149,1.05973707375805,-0.037394796398813,0.348707142883828,-0.162929482857413,0.410530958112178,-0.123612265343157,0.877423851434985,0.667568429836307,-0.3201797476873336,1,1,0.9998398,1,0.9999771744838943,0,0,1,1,1,1,0.9999999999225444,1.0,0.9933333333333333,10.05234082599427,0,0.625,High Risk
0.467991939825149,1.1001181155631,-5.60714499999017,2.20471352581391,-0.578538842835423,-0.174199760931247,-3.45420147180469,1.10282268929697,-1.06501551547524,-5.41603688884657,4.49792897288062,-5.01960988798824,-1.01969120130359,-7.91498900748283,0.669648023350281,-4.47201433366572,-5.8569977597527,-2.2431779037749,-0.17381402447058,0.589574721718141,0.983480729453912,0.899876105807612,-0.285103424654105,-1.92971710448514,0.319868526124677,0.170636428415686,0.851798305715368,0.372098282227753,0.1280648613654163,1,1,0.9998227,1,0.9999683534439021,0,0,1,1,1,1,0.9999999998124101,1.0,0.98,8.540372230820351,0,0.625,High Risk
-0.395582180999488,-0.751792062726136,-1.9846657222602,-0.203459370656895,1.90396717621947,-1.43028863275949,-0.0765478971696953,-0.99226038178304,0.756307218859539,0.217630453611954,0.253931337415353,-0.0757071123077077,-2.21552535883192,1.06526242773606,-0.775503007617278,-0.911031401859836,-0.223768268609043,0.768369833954887,0.477521452443793,-1.02771589618176,1.37751532224779,2.15178705623536,0.189224816804228,0.772943278067861,-0.872443190023862,-0.200611549796534,0.356855911523477,0.0321134824802381,-0.35057124336526857,1,1,0.97891563,1,0.9902476041857453,0,0,1,1,1,1,0.526812747486145,1.0,0.6742337973185063,1.1625142396719426,0,0.625,High Risk
-2.92194437582996,-0.228062380877632,-5.87728864550113,2.20188352154659,-1.93543987294876,0.631140872429647,-1.24510634194653,1.51134802001741,-1.89998665663916,-6.42823083022309,4.22915426403483,-5.29231414644205,-0.888086758827616,-7.67225031168781,0.547571031984509,-4.30705980241373,-5.70117436362661,-1.7728029372439,-0.193132205838334,2.23073487215795,1.4416222749673,0.895527948704547,1.38551112812,-2.02802422921896,0.50913097167708,0.172642921018111,0.726781012281488,0.234513922496959,2.5349035867558367,1,1,0.99986875,1,0.9999036668800393,0,0,1,1,1,1,0.999999999512547,1.0,0.9733333333333334,9.33369358845472,0,0.625,High Risk
0.95102521866626,3.2529263650346,-5.03910474036957,4.63241097983647,3.01450127957475,-1.34957013831981,0.980940271596384,-1.81953945591171,-2.09904890456221,-1.34755671450971,2.68057817990216,-1.4629451764881,-0.705397068056644,-7.44529583374444,-0.561331521951524,3.13965565883069,5.66542906834794,3.79031621184375,-1.90979861946686,-0.381443722292837,1.40452405829287,-0.760549175070266,0.358292341700385,-1.18594156446759,-1.28617671637574,0.0003653025161088,0.16966196162803,0.108275693217457,-0.3502517532661576,1,1,0.9986173,1,0.999652878506865,0,0,1,1,1,1,0.9999298251709542,1.0,0.9266666666666666,6.2154707299049585,0,0.625,High Risk
-4.86174665742506,-2.72266032465254,-4.6562480902453,2.50200470213773,-2.00834642496284,0.615421803000716,-3.4856795852374,1.87885554354264,-1.11626798693717,-5.11297108805175,2.9456208658257,-4.10212741074135,-0.477202973371762,-4.35043446756499,0.0007163434773255,-5.03744940979325,-8.07801049835537,-3.45798118698593,0.596696430089622,0.285558785827713,1.1388759328635,1.03366434019377,-0.806198897465357,-1.51104641883913,-0.191731402147673,0.0809988303848193,1.21515161370172,-0.923141608648516,2.0144941515663866,1,1,0.99990535,1,0.9999599144039958,0,0,1,1,1,1,0.9999999959610992,1.0,1.0,9.04677539464612,0,0.625,High Risk
-6.35233691096656,-2.37033515007664,-4.87539667887196,2.33504453116197,-0.809554897212021,-0.413647316208307,-4.08230817063438,2.23908947335972,-1.98635950470675,-5.16533081830893,2.94293916487767,-4.12572224190365,-0.433094395260294,-3.5181311704857,0.420777387095712,-5.10447983930312,-7.9253889983055,-3.41570671508705,0.71833237368083,0.186898304507656,1.32521840044042,1.22674487561089,-1.4852168616857,-1.47073226048821,-0.240053392971609,0.112972036960476,0.910590643802817,-0.650943712766886,0.4280660644306566,1,1,0.9998085,1,0.9995432602594696,0,0,1,1,1,1,0.9999999849749102,1.0,1.0,9.413727917215407,0,0.625,High Risk
0.1149650477972,0.76676154669164,-0.494132199415659,0.116771978233793,0.86816853524791,-0.477982006349535,0.438495665220681,0.0630733402552484,-0.186207089214194,-0.159325098707444,1.20030360709416,0.281744446861465,-0.623844030466212,-0.658246292064356,-0.155888356613225,0.0562273489244218,0.653662125212474,0.33465531172159,1.02892683645358,0.0621985703923592,-0.284412898740297,-0.706865471630836,0.131404855625717,0.600742122018719,-0.604264275304309,0.26293785502267,0.0991446312768992,0.0108097183119463,-0.33539546365749556,1,1,0.9586149,1,0.9838255377490076,0,0,0,0,1,0,0.07151798537467839,1.0,0.3754233253814284,0.3547976100560772,0,0.375,Medium Risk
0.120301417641484,1.974141135114,-0.434086817238467,5.39079309979716,1.2896837293754,0.28059002412422,0.22196254547878,0.0678267548690214,-1.38705405307029,-0.0451253297662453,0.195839103876469,-0.629085830718882,0.681222338433862,-4.71552123988097,-0.2878762909762,0.497433587465913,3.87161756353604,1.49239403735728,0.506039978517755,0.20569123217309,-0.0386896154666322,0.204553809417386,-0.167312970794265,0.791547134443901,-0.223675472406085,0.473223170815404,-0.160201937224867,0.0650394520642459,-0.35029168952854645,1,1,0.99399686,1,0.9981765399250032,0,0,1,1,1,1,0.993734300529598,1.0,0.907916971916972,2.2948173682775677,0,0.625,High Risk
-1.16920341321234,1.86341353532436,-2.51513548140496,5.46368064632147,-0.297971322569218,1.36491803995482,0.759218697057941,-0.118860976595472,-2.29392142249704,-0.423783865294484,2.37587561688329,-3.24482729860534,-0.556619004651202,-5.15247483394519,0.0509063245131081,-1.02204502568313,-1.64650484628376,0.126459752723905,1.81901276401306,-0.299374112945613,-0.393089990476079,-0.708692350094872,0.47130870257521,-0.0786160465959469,-0.544654650975683,0.0147767561333222,-0.240929959465545,-0.781055195837041,0.9429642954104412,1,1,0.9989435,1,0.9996319160260525,0,0,1,1,1,1,0.9999973701300477,1.0,0.9616666666666667,3.244089633270676,0,0.625,High Risk
-3.36776957405755,0.0992494427033949,-6.14848744863103,3.40195536781235,0.458306649432465,-1.57162971516015,-1.35870798100218,0.672409368648482,-3.18800116217364,-4.93742665954554,3.72393253444097,-4.60317614883077,1.0191795522313,-6.61909019992345,-0.590223955779135,-4.47254755736649,-7.16504438660351,-1.58112819134185,1.93037970885184,0.264698703752275,0.861308008231813,1.24930138847935,1.85062715893443,-0.117471200405974,1.21981539606006,0.0002506190192774,1.03601138278301,0.0043667546240766,0.9246734872363359,1,1,0.9999033,1,0.9999743192297132,0,0,1,1,1,1,0.9999999999042184,1.0,1.0,8.800413039640713,0,0.625,High Risk
-1.17218291948653,1.66171286952217,-3.04963701906308,2.55505843390024,3.66903461419474,-3.16299837227475,-5.98564011625334,-2.17993523861597,-1.12029227657092,-3.07555830950402,0.997448763245357,-3.19191476820242,-1.51485677577243,-4.2672960668817,-0.159553975172285,-2.91646262843242,-2.81990611139418,-1.41723080093652,0.32519494288717,0.548106363466502,-0.812097797287015,-0.295360725931063,-5.98880644277407,0.714380801225346,-1.60002359150788,-0.634782934267927,0.822713228036362,0.494375178430933,-0.34533959299232575,1,1,0.9998969,1,0.9999682553451738,0,0,1,1,1,1,0.9999997039102444,1.0,0.9733333333333334,6.702860632748403,0,0.625,High Risk
-3.61385045502803,-0.922135693038651,-4.74988736419275,3.37300132781874,-0.545207025424103,-1.17130106266974,-4.17231457141019,1.51701594293521,-1.77583268078792,-3.75405392305562,2.73157578227581,-3.48937464729063,1.54738008909916,-4.57126773103714,-0.517958568740869,-4.23908653141223,-9.25063451000699,-2.4348278029986,1.98738627690236,-0.320540972806239,0.7867870185412,0.893064859228385,1.03490656705841,0.097671080445461,-1.34555112500186,-0.788328913242689,1.05544197476733,0.0999714026087802,0.22495023392083074,1,1,0.99990547,1,0.999972673163847,0,0,1,1,1,1,0.9999999944475937,1.0,1.0,8.296478627773478,0,0.625,High Risk
0.457845399378466,1.37376948070694,-0.488926009348227,2.80535094114905,1.77738605988168,0.100492060362466,1.29501591974452,-0.135857217631344,-1.69582245589888,0.955004466801798,-1.70222840135659,-0.240056328492088,0.456475052581814,0.139567417265152,-1.89097449251758,0.372379299123525,-0.798201084554281,-0.69706160837415,-1.49715223294239,-0.264704752281373,0.105593015789541,0.371014424417148,0.0511047168873462,0.401524196613955,-0.724765816975051,-0.202880696489224,0.092123881011537,0.0949558537280024,-0.35332684547010107,1,1,0.9836031,1,0.9901252849046093,0,0,0,1,1,1,0.24973762561734564,1.0,0.7663288916324026,1.1419462152724233,0,0.5,Medium Risk
1.11833065981936,2.07443887131076,-3.83751827706316,5.44805969239449,0.0718159680535395,-1.02050922759556,-1.8085744418815,0.521743506077524,-2.03263824879436,-2.73279196653765,3.2740753098509,-3.541687479312,-0.946820179878694,-7.55572894101666,-1.7670051458427,-0.642332574056763,-2.11442919291931,0.183327412773884,-1.17779250651196,0.163513485137887,0.289861124197445,-0.172718010367512,-0.0219095177813472,-0.376560088595995,0.192817419134693,0.114107224212598,0.500995608471866,0.259533270224708,-0.3493332192312134,1,1,0.99993277,1,0.9999679917567825,0,0,1,1,1,1,0.9999999806372212,1.0,1.0,5.114452931962303,0,0.625,High Risk
-2.7294819717688,3.31249456257958,-4.24271044395109,5.03698507739508,-0.376561160600044,-1.53246175254658,-3.44915850302961,1.85683931947767,-3.62333368933656,-5.6536376856402,3.94231582587852,-5.8837243606062,-1.34781373713666,-9.26612018494559,-2.4595563246821,-2.20564448269106,-5.70908680498665,-1.11393664017816,-1.55653021213315,0.164287792503557,0.72741506386268,-0.301431744500987,-0.502433327315861,-0.462308576168739,0.510682747439828,0.0466646930679243,0.514645779891103,0.140998673095746,-0.3493332192312134,1,1,0.99993026,1,0.9999743883785681,0,0,1,1,1,1,0.9999999999885258,1.0,1.0,10.204192226768985,0,0.625,High Risk
-5.25643383358625,0.364541282922338,-5.41208501568175,2.40003149118237,0.697301198779903,-1.99875502849663,-5.83553244176087,-0.887739383363895,-2.82828664079509,-4.61450773315675,2.71069667870109,-3.15815569757752,1.0836091478793,-3.41515194777416,-1.05387003179712,-3.75103073303678,-9.26164098662644,-2.95516522195402,0.606570797159568,-0.403684910413759,-0.648259076792221,0.511284975320154,-1.11004452267604,0.178986970607497,0.22023534750991,-0.699808550320153,0.580486716857456,-0.173629869645159,-0.317783571944001,1,1,0.9997272,1,0.9997852729752806,0,0,1,1,1,1,0.9999999698904958,1.0,1.0,9.4944161354833,0,0.625,High Risk
-2.00658175419571,3.67657741239774,-5.4638107839612,7.23205827524957,-1.62785946243328,-0.996754564165374,-4.29983258601582,2.26886675517902,-3.65106703430768,-4.40092985049667,4.21321289394162,-5.73781516761686,-0.875693366725877,-8.89372633557037,-0.56243377737014,-3.28178373472677,-4.3689859085708,-0.736733764663363,1.60929290421203,0.474414052771714,0.713906864071022,-0.0638675905141125,0.16794731876444,-0.449863968939219,0.0237020976105368,0.536905295464468,0.485864026565305,-0.0423934808851287,-0.3493332192312134,1,1,0.99992573,1,0.9999748029628545,0,0,1,1,1,1,0.9999999999923361,1.0,1.0,10.241431750939842,0,0.625,High Risk
-2.40520709191687,2.94382338959853,-7.61665422068905,3.53337387196109,-5.4174936280787,-0.112631914902059,-1.32937156302318,1.70941680752813,-2.32271560874193,-6.54098852025393,4.4045784815908,-4.93815929027047,-0.740984640079332,-7.46296062676276,0.534967659651097,-4.67103153190135,-4.47240325411649,-0.982089900241056,3.49006859270908,-0.338706731161814,0.652683371514066,0.414132296621078,0.0238690731255201,-0.260616387490787,0.405316462428397,0.0291067415861135,0.519806551904182,-0.469537113503405,2.3126183502993496,1,1,0.9999256,1,0.9999737934057001,0,0,1,1,1,1,0.9999999999333917,1.0,1.0,10.64598444766015,0,0.625,High Risk
-6.42330645645221,1.65851450876035,-5.86643956435658,2.05206440242466,-0.615816842763718,-3.37226571107575,-5.03655575494585,2.64310601464633,-2.27463004673333,-7.04922935969585,3.9168025570096,-4.48127959922503,-1.02747932747206,-7.11387278226069,-0.852775229881616,-3.83955997447082,-5.05600998750159,-1.34449753083319,1.14847293881065,-0.713515810779757,0.641210915884323,-0.256678382381229,-2.33723276414845,-0.158277898470348,1.19879744465828,-0.261257806694643,0.78012548401824,-0.731800816194097,-0.35332684547010107,1,1,0.9999232,1,0.9999711078593544,0,0,1,1,1,1,0.9999999994751276,1.0,1.0,10.72553216163519,0,0.625,High Risk
0.908636658181293,2.84902401493181,-5.64734296336341,6.00941477810058,0.216656395035464,-2.39701442397293,-1.81930788593969,0.338526987742346,-2.81988277297887,-4.06309810827338,2.94119009271712,-6.15136219091534,-1.98952853525001,-9.15095100562097,-0.604289998808266,-1.95229039984463,-2.89255533222526,-0.912057960709434,-1.56373996709776,0.241921294746754,0.407260461266497,-0.397434852530952,-0.0800058534116311,-0.168596545191964,0.465058497798457,0.210509756241616,0.648704799002062,0.360224330288316,-0.3486143665082136,1,1,0.9999305,1,0.9999637625773408,0,0,1,1,1,1,0.9999999999813791,1.0,1.0,8.715521776667053,0,0.625,High Risk
1.89403628953056,1.90580604250552,-3.51573007711281,4.50891315092218,2.04446624455689,-1.42046761821774,1.0574804459057,-0.281157347826589,-1.832603814167,-0.628463195272087,2.22079491381924,-0.741087888346352,-0.763719377938258,-4.94261241607845,-1.37829062017508,2.24421577907161,3.70206529090756,2.25681153235938,-1.95006033191067,-0.160163479388821,-0.144713035559334,-0.310108279131596,-0.101530027427529,-0.414960172274656,0.37659685003455,0.15077769870482,-0.0137115779366071,0.0480836587388137,-0.34446099521977047,1,1,0.99786144,1,0.9997868226603054,0,0,1,1,1,1,0.9974962913859076,1.0,0.9866666666666667,3.060040785794743,0,0.625,High Risk
-0.0676716213886392,4.25118050159519,-6.54038835224963,7.28365703710757,0.513540870943284,-2.63506638788364,-1.86591081008961,0.780271626602801,-3.86824834701295,-4.85148719411703,3.87116530391397,-6.88763735718558,-1.7905001483675,-11.2723158701978,1.30136314876439,-1.68983647758912,-0.0529325394075147,0.778734824784494,0.242162496030838,0.519403972453402,0.415436545379518,-0.469937601482284,0.0071280404084919,-0.388147290740708,-0.493397940502339,0.466467724945289,0.566369687106408,0.262990466192685,-0.3502517532661576,1,1,0.9999027,1,0.9999624590787921,0,0,1,1,1,1,0.9999999999992812,1.0,1.0,11.70544764665367,0,0.625,High Risk
-0.0997238993578782,2.79541433019956,-6.42385558221477,3.24751301512342,-1.6322902693315,-2.76666493059313,-2.31222288290759,0.961014122482514,-1.89600096481329,-4.91934829935247,3.05365441815753,-5.29781140208753,-1.46602972848647,-7.03588005080407,1.99713237234969,-3.83618852542499,-2.51518280017187,-0.864578711859257,2.32892697361116,0.340898315660141,0.647714388377444,0.126575864283858,0.203953480088146,0.0084949976311171,-0.174501150725926,0.575294798178312,0.152875890788003,-0.0981728103598323,0.025348794501225905,1,1,0.99991405,1,0.999974654578195,0,0,1,1,1,1,0.9999999984209871,1.0,1.0,7.249383308343367,0,0.625,High Risk
-2.0642397521399,2.62973923034009,-0.748406253034646,0.694992040498764,0.418177985610222,1.39251973416781,-1.69780121912626,-6.33306461223925,1.72418428025944,-0.887241636246378,-1.59425779202416,-0.338775118165825,-0.978064513351916,-3.68882599540221,-1.48708342266887,0.526946020771924,2.34702289955703,1.69122000470716,-0.736110693106424,-1.42448619962422,6.21551399149032,-1.27690859567394,0.459861127330875,-1.05168547489323,0.209178360382973,-0.319859444506001,0.0154338685560936,-0.0501165001659193,-0.32137783555899985,1,1,0.9980324,1,0.9959104089345249,0,0,1,1,1,1,0.9766883775633645,1.0,0.9087222222222221,5.119675602716646,0,0.625,High Risk
-1.61187733763361,-0.408409922870926,-3.8297616763406,6.24946176104187,-3.3609216090486,1.14796358238383,1.8584248531717,0.474858318489524,-3.8383988155266,-1.44537495699985,2.11390001406861,-3.25970246526323,-0.315347339360454,-1.80810297319338,-0.741877295217489,-2.98692008764678,-4.81586301103402,-1.27165458831756,1.70168502365985,2.42567742975765,1.24558218578459,0.616382702131439,2.2514388799998,-0.0660963924813517,0.538710327489417,0.541325493308062,-0.136243382191672,-0.0098522563228139,3.6254031675464984,1,1,0.9897854,1,0.9971709114242203,0,0,1,1,0,1,0.9999970395451074,0.0,0.8136666666666666,5.423625971325057,0,0.5,Medium Risk
-1.05383960928927,4.36280068444382,-6.02353363697249,5.30453432323767,1.48073829836025,-2.19382145195429,-1.53081679187472,0.62685742392939,-4.03702140926181,-6.28542447506796,3.53614548208968,-7.95962843222551,-1.67342852339751,-12.4579989307142,-0.213884790193602,-1.42413127138773,-3.24368593233723,0.0599561084626287,-1.80233249695937,0.531574093184742,0.397954323754442,-0.945401782696661,-0.376137523247608,-0.220480420438516,0.264002964525927,0.0489347748109877,0.847219840332403,0.531931799394904,-0.35332684547010107,1,1,0.9998909,1,0.9999619177605051,0,0,1,1,1,1,0.9999999999998819,1.0,1.0,13.397321186401188,0,0.625,High Risk
1.26132423719507,2.72680028914035,-5.43501891203698,5.34275900861121,1.44704301840055,-1.44258408548501,-0.898701853990691,0.123061977888509,-2.74849590498127,-3.20243612238872,1.99136063471588,-3.98641621648026,0.577206841836268,-8.48579450596077,-0.794782274727006,-0.66613426737281,-1.37262938444618,-0.10431295585569,-1.46691055321726,0.313331634515096,0.209086136071647,-0.425937610932652,-0.154439525696635,-0.0188195044268996,0.632233951218357,0.192921615175897,0.468180887290157,0.280486470872693,-0.3469769797502697,1,1,0.9998735,1,0.9999551657034167,0,0,1,1,1,1,0.9999999847785004,1.0,1.0,6.172597655565188,0,0.625,High Risk
-2.21921860215056,0.727831411106392,-5.45822994652182,5.92484984705884,3.93246382376344,-3.0859842366267,-1.67786998770016,0.865074610405235,-3.17726028894586,-3.41920738405664,3.69317394224412,-3.97843975507806,-1.71859087457346,-8.63629739365259,-0.242964821455265,1.17488417316765,2.13460635695284,2.59436483300614,-1.25758897993879,0.96477180373471,0.41747174595057,-0.817343384056975,-0.0287524020141088,0.0257225108657227,-0.825835343221856,-0.0130890304987416,0.413291188715315,-0.131387346404896,-0.35332684547010107,1,1,0.9990884,1,0.9998285915882246,0,0,1,1,1,1,0.999999977370503,1.0,0.9933333333333333,7.9109651418781475,0,0.625,High Risk
0.218810192243952,2.71585507956703,-5.11165783900784,6.31066097414859,-0.848345064871295,-0.882445799257676,-2.90207924674704,0.939162177941683,-3.62769814154945,-1.87333085278999,1.2038344844503,-6.17262991831307,-0.921364296717084,-3.94196510459461,-0.0622213828788873,-5.241049107605,-8.15282937205818,-3.24343644496687,1.93548375407006,0.381681938895485,1.08364021161907,1.03732380245639,0.0623251382602846,0.532489603801304,-0.149144855297463,0.639579645658501,0.351567637719089,-0.0018165149574627,-0.35029168952854645,1,1,0.99994934,1,0.9999719131586479,0,0,1,1,1,1,0.9999999996156477,1.0,0.975,8.742307170963267,0,0.625,High Risk
-1.12509160979577,3.68287614423407,-6.55616794880279,4.01673095104413,-0.425570577758505,-2.03120987003802,-2.65013722169089,1.13124935389728,-2.9468895392379,-4.81640080035747,2.15579608547647,-6.28512495176061,-1.12562538784098,-6.80009808768536,0.924933778626226,-5.23960438819297,-5.01790786864794,-1.34930885911419,2.8686028948655,0.452241310921092,1.18557978155236,1.34815612852908,-0.0536855730897001,0.284121984623636,-1.17446918218703,-0.0878322147402313,0.718789577961977,0.676215948809544,-0.35029168952854645,1,1,0.9999392,1,0.9999756057442639,0,0,1,1,1,1,0.9999999999573457,1.0,1.0,8.98758706498427,0,0.625,High Risk
-1.541678492331,3.8467996764866,-7.60411417332843,3.12145858452036,-1.25492417272895,-2.08487507838532,-2.38502692521029,1.47113982318282,-2.53050724987995,-5.17565967956169,1.92718574923744,-6.01115469172088,-1.19560144211912,-6.74556131619148,-0.0580910805508333,-4.3251322468452,-5.55806727496643,-1.58053122025709,0.971906321717639,0.114760087792356,1.09640466568909,1.0642221648192,0.0653703316207609,0.257209437635477,-0.693653969054163,-0.335701711683891,0.577051520346345,0.398348367999506,0.1366112215166359,1,1,0.99988735,1,0.9999768834189279,0,0,1,1,1,1,0.9999999996918547,1.0,1.0,9.024674383899955,0,0.625,High Risk
1.18489112271901,3.15208420536211,-6.13477982463031,5.53125220648323,1.73386651414214,-1.81686146600342,-0.916696277644188,0.265568287019436,-3.15801423516395,-3.89016924226376,4.7365938426554,-4.16211519175474,-0.456696779485289,-10.2667581077355,-0.583018263021109,0.513470571003558,0.113665405648114,1.48862035938935,-1.80557671393198,0.336441865694103,0.124235616370838,-0.823864650327076,-0.0798873559390688,0.0288277898864561,0.389711468856018,0.0601710709421762,0.485186935489591,0.326551571745814,-0.35332684547010107,1,1,0.9995478,1,0.9999450969827975,0,0,1,1,1,1,0.9999999988297208,1.0,1.0,8.419617990893316,0,0.625,High Risk
-1.37097577264543,-0.0254646126717458,-2.77490691587532,2.65053018469314,4.5113092908958,-3.28934368164807,-0.118841441826044,-0.0142794452575209,-0.932772843574534,-2.63744174460075,2.85877650156878,-0.553179939159781,-0.758491998019469,-6.45502910306118,-0.154020882316443,1.32383297549701,5.5802092523309,3.29368759380439,-0.13769358207354,0.701291826581395,-0.0480610880626297,-0.59935003028155,0.0721929949962486,-0.600351420040195,0.371330623587411,-0.370950985387369,0.0119702494393591,0.145895338821258,-0.3493332192312134,1,1,0.99796706,1,0.999003788245826,0,0,1,1,1,1,0.999121550678488,1.0,0.9733333333333334,4.62237279491431,0,0.625,High Risk
-4.28058383167792,1.42110000741665,-3.90822884348162,2.94294608011161,-0.0762053360306411,-2.00252600045019,-2.87415473251562,-0.856005441485914,0.963674230223562,-3.23543895742654,3.34180192747217,-7.56286042898412,-1.8474434271558,-11.5714234295766,-1.4815558418284,-6.18091869945618,-9.28518598266033,-3.92172214129965,0.685510860299876,-0.198962780003302,-0.140061995134615,-0.90772022005271,-0.680107948583095,-0.349169892929711,0.0562758915123628,-1.14992266869478,-1.80988612030864,0.723051433275673,-0.3489338566073247,1,1,0.99993587,1,0.9999446938823737,0,0,1,1,1,1,0.9999999999993998,1.0,0.9933333333333333,14.441884104009976,0,0.625,High Risk
0.754315925858731,2.37982185248504,-5.13727449343089,3.81839172249665,0.0432026520139663,-1.28545137361934,-1.76668362059541,0.756710661816359,-1.76572209782095,-3.26300672553831,3.59279683214404,-2.77234880583364,-0.0745336542111445,-6.28109364908023,0.165978009089423,-2.67917124597012,-1.38555652893852,0.249056748544312,2.3534526931986,0.369662961829814,0.397057600980957,0.141165218358707,0.171984534755456,0.394273775761011,-0.4446418368392,-0.2631890643687,0.304702950350999,-0.0443622747894533,-0.34533959299232575,1,1,0.9998554,1,0.9999475191861981,0,0,1,1,1,1,0.9999998312589298,1.0,0.9890909090909091,4.381410450651197,0,0.625,High Risk
1.83319104756006,0.74533277919767,-1.13300871289587,3.89355597724996,0.85816381687158,0.910234501320998,-0.498200069408129,0.344703185766382,-0.667939095579291,0.398155064675901,0.613867739096179,-0.0225614827826197,0.452018065249222,-2.96920095585607,-0.964967034325346,2.46444980239245,0.671240576431668,1.92102109165871,-1.61692658827377,-0.0855787549071908,0.0392894902587427,0.181651614823537,0.0729809106352829,-0.15529884930206,-0.149891395375819,0.0127924878401756,0.040853819187149,0.0229031158842699,-0.28387768517584483,1,1,0.95247424,1,0.9923209714829659,0,0,1,1,1,1,0.7945218123356166,1.0,0.9004054178145087,1.3209208720518841,0,0.625,High Risk
-2.15085504470997,2.18791662800118,-3.43051589218087,0.119476214172018,-0.173210022248717,0.290699943542092,-2.80898761953492,-2.67935050574045,-0.556684932588288,-4.48548270396242,1.90399926160786,-2.64421945060054,-0.982272877372442,-4.69115085524464,-0.6930797524851,-2.55325078310516,-3.48343626722796,-0.0648523857005649,1.49032876283779,0.53214542192165,-0.0732053058243562,0.561496277430611,-0.0750342624995709,-0.437619179374193,0.353840756362622,-0.521338535540234,0.144464860203719,0.02658811547881,-0.15364553352571855,1,1,0.9999012,1,0.99992274069873,0,0,1,1,1,1,0.9999929369058318,1.0,1.0,4.185394643947726,0,0.625,High Risk
-6.68283191622627,-2.71426804459821,-5.77453045690806,1.44979237466742,-0.66183640822251,-1.14864974026029,0.849686456067088,0.433427022470355,-1.3156463890999,-2.79633153858609,-0.448793725596362,-2.56260240774572,0.243482526844698,-1.18166939064494,0.004372871675287,-2.3025956900034,-4.446191868553,-1.71046314846621,0.982728632705372,-1.92852719254856,0.22052629481591,1.18701320438743,0.335820816532534,0.215682964100827,0.803109991522633,0.0440333423786634,-0.054987627978561,0.0823370925160337,0.5942009159683829,1,1,0.73660153,1,0.934374361673001,0,0,1,1,1,1,0.9995858595153541,1.0,0.7739420936543179,5.260545851063749,0,0.625,High Risk
1.85288909461877,1.06959286384179,-1.77610127333886,4.61740996943795,0.770412982482834,-0.400859125659044,-0.0409701223190008,0.089510462944554,-0.217705276444853,-0.373927299894818,-0.688453906925825,-1.46320692427849,-1.6241550000894,-4.25246559869278,-1.34017588388911,1.73287279987949,2.93448122378549,1.43719657244596,-1.92330893857582,-0.288392191215266,-0.157868695659099,-0.176243751892623,0.0274369456443017,-0.468006202781987,0.0580627992795879,0.148263059959904,0.0422777637492948,0.0405727519213252,-0.3493332192312134,1,1,0.9988065,1,0.9997996537455911,0,0,1,1,1,1,0.9921426056249649,1.0,0.9733333333333334,2.348991313587007,0,0.625,High Risk
-2.42353450165791,1.65909255408015,-3.07142054904521,2.58803264715889,1.13579116985916,-1.89238797008871,-2.58841817664644,-2.22659241059214,-1.67017275749754,-3.50892466189359,1.43932206570096,-1.95992749618623,0.767484552459954,-4.97811801438515,1.05856598037874,-0.99747745136418,-0.817261404200648,0.307797600356998,0.0284845308917937,0.35389820280921,-0.934126824870286,0.922037918088262,-0.180255030944776,-0.281719118183751,0.299285024105003,-0.263801330349534,0.150155943031014,0.292112166465648,-0.3162260577108348,1,1,0.9995472,1,0.9997604702188533,0,0,1,1,1,1,0.9999882833525223,1.0,0.98,3.3121166043765764,0,0.625,High Risk
-3.81821371829341,2.55133767783118,-4.75915831591909,1.63696695878653,-1.16790008391088,-1.67841338780471,-3.14473247208576,1.24510555037845,-1.69254135414833,-4.75993137385013,3.64225693939881,-4.165202322571,0.703069875094878,-7.62431631397779,-1.49801239964762,-4.07999232998846,-6.71717654755023,-1.88754964911755,1.35674828969143,0.164453445972909,0.837685440079622,0.761712127064149,-0.417694265920243,-0.469712471536136,-0.225934235750846,0.586415248500604,-0.348107405939032,0.0877768724326224,-0.3105950447140032,1,1,0.99979633,1,0.9999765258264709,0,0,1,1,1,1,0.9999999930503456,1.0,1.0,8.14061309406608,0,0.625,High Risk
-5.48803217118325,3.32956068110382,-5.99629608663308,3.6017196361428,-2.02392603601173,-1.73739347660971,-4.39685932040737,0.228394067739377,-1.67588392283112,-3.99178463209724,3.73703768128326,-6.15018666957144,0.28873807103962,-8.76069451926062,2.3446511946564,-5.14563785073948,-6.29347862779442,-2.13718660093444,2.99524475453849,-0.551121114938378,1.71963125994928,0.343209160294469,0.133583641611928,0.833339534034596,-0.839775663207077,0.502009639296227,-1.93747284570186,1.52121837279368,-0.35328690920771216,1,1,0.9999031,1,0.9999753238243261,0,0,1,1,1,1,0.9999999998486537,1.0,1.0,11.858485155813973,0,0.625,High Risk
-6.61821088302128,3.83594330652809,-6.31645312939344,1.84411148322924,-2.47689242073119,-1.88671810778613,-3.81749461717225,0.613470204441387,-1.48212104737573,-4.86874726825181,3.35972193954249,-5.96916163430263,0.0511899909273825,-8.72449560202264,0.776390603031746,-3.93938374023711,-7.16443030217363,-2.43467181629124,0.235226841085862,-0.953826982523315,1.63662230588548,0.0387273057562163,0.27821816645377,0.786670356804443,0.063894559165062,0.154707097104458,-2.04240272642132,1.40514055826157,-0.12277480269911703,1,1,0.9997961,1,0.9999781413766854,0,0,1,1,1,1,0.9999999980236816,1.0,1.0,12.101917470459478,0,0.625,High Risk
-4.32060921481281,3.19993870654465,-5.79973605389345,6.50233023566696,0.378479252807864,-1.94824637096657,-2.16785950480668,-0.728206711605414,-1.97723831745674,-3.47341070390428,4.56919375212135,-9.32115263136084,-1.59251765115386,-14.2668362798028,0.467776602458787,-4.06620855488173,-6.62696817708246,-1.43715841938037,-0.215409738450978,-0.263686068021973,0.47666042483552,0.434278328284482,-0.13693991841301,-0.620071695417129,0.642530576414265,0.28071734804164,-2.64910674899003,0.533640939848599,-0.3493332192312134,1,1,0.99993944,1,0.9999667524698449,0,0,1,1,1,1,0.9999999999999984,1.0,1.0,17.15583396362552,0,0.625,High Risk
-3.57636177773708,3.29943622098785,-7.46043319687438,7.78363417666419,-0.398548657536885,-1.96844144838725,-3.11047619254795,-0.328403695377149,-1.57436284547485,-2.49756054724841,4.60417047790948,-9.0019148555682,-1.27632400546329,-13.9694706254616,1.25694535316357,-4.49162922501012,-5.96998693103967,-1.27466622002178,1.14778361222539,-0.181455201194929,0.540730752300116,0.719526342466937,0.379248749413946,-0.616961860032022,-0.44281081400968,0.359840688732324,-2.65182487459349,0.422184391599186,-0.3493332192312134,1,1,0.999964,1,0.9999789943007388,0,0,1,1,1,1,0.9999999999999978,1.0,1.0,17.465804561169527,0,0.625,High Risk
-4.1243162505368,3.74859690056241,-7.92650660758866,7.76324179132026,-0.769374580551456,-2.03117088274041,-3.4745494647169,0.107121410006842,-1.55135158957203,-2.4112720149303,4.48003526995735,-8.83250972518326,-1.21516414034012,-13.7256846134361,1.23274441510587,-4.3896876778022,-5.81091981744958,-1.25542240180062,1.11403305037529,-0.181978583306058,0.547096801357099,0.68785388119585,0.429938703679497,-0.620601279432049,-0.369688286259497,0.367348753696039,-2.66476709501523,0.417100621604896,-0.3493332192312134,1,1,0.99996185,1,0.9999789943007388,0,0,1,1,1,1,0.9999999999999929,1.0,1.0,17.51806151438365,0,0.625,High Risk
-4.67323076642011,4.19597576169878,-8.39242279138696,7.74321514676806,-1.13880348895329,-2.09489915490422,-3.83948656727606,0.543053447590367,-1.52844823748652,-2.32511344137919,4.3557700196603,-8.66303057554101,-1.15399252804132,-13.4817046750119,1.20845385727171,-4.28795983864998,-5.65176527245489,-1.23588925526129,1.08013289303778,-0.180278730628939,0.55418499648198,0.656075670157296,0.482417262428348,-0.624399456794724,-0.296288558436571,0.374802036063765,-2.6785437691689,0.412367567109485,-0.3493332192312134,1,1,0.99992657,1,0.9999789927036357,0,0,1,1,1,1,0.9999999999999762,1.0,1.0,17.663200055052464,0,0.625,High Risk
-5.22296817637504,4.64182734988813,-8.85820420925725,7.72350199432307,-1.50703495625849,-2.15948357376289,-4.20516409588397,0.979334284202064,-1.50563737438727,-2.23906626105695,4.23139330449617,-8.49348798082106,-1.09281084673483,-13.2375585139603,1.1840864824863,-4.18641517783122,-5.49253578625626,-1.21610811302066,1.04610451099676,-0.176673248133323,0.561892173950775,0.624206816460912,0.536428910734314,-0.628333712411096,-0.222651230551295,0.382208361920644,-2.6930356893785,0.407935125898827,-0.3493332192312134,1,1,0.99992657,1,0.9999790331206522,0,0,1,1,1,1,0.9999999999999203,1.0,1.0,17.90127792410244,0,0.625,High Risk
0.0510754846328574,1.31042652386526,0.733222065309853,2.62028192286183,1.40235761449282,0.528488564738172,1.08601442622803,-0.146422713225732,-1.72433297471822,1.28016674259048,0.470864719590572,0.43554195900858,0.594974116113431,-0.142098601080574,-2.02473460275883,0.828290651436422,-1.27478714656577,0.134277305184542,-1.48943421708841,-0.125876996990695,0.229936134951611,0.766926566765976,-0.189623667620704,0.766852957965077,-0.141400750027805,-0.0772779620355944,-0.29759539535716,-0.221816034161724,-0.3434625886600486,1,1,0.9586894,1,0.9850436764480409,0,0,0,1,1,1,0.24452784590794427,1.0,0.7114987241990616,0.8612179286319133,0,0.5,Medium Risk
1.32272425078878,-0.843910597775511,-2.0968875375015,0.75975906867787,-0.196377115172222,-1.16635257897589,0.482534011071884,-0.349790812508124,1.04500741682416,-1.47497416110315,0.0110374511201705,0.483019027615191,0.665272820090391,-2.33279338224807,0.820578433757924,0.461206283587447,1.46805197816555,0.891705535237246,-0.45793403989618,0.585434736822602,0.133814675110081,-0.121562328444589,-0.208573690328062,-0.254751784229223,-0.0983244022531656,-0.613874016689451,0.0026541572433407,0.0723858076215552,1.0761916667397333,1,0,0.0391948,0,0.007612118043754429,0,0,0,0,0,0,0.4564737436762525,0.0,0.23584707649616063,0.9568636524932953,0,0.0,Low Risk
-5.19249642644832,3.16472117285823,-5.04767906023322,2.24659736005894,-4.01178140454907,-0.638908044905701,-2.87346326933044,1.57631757306221,-2.86198599107206,-2.12045759469323,1.86359573670074,-3.62025176254298,-1.48071442178696,-1.58334340543936,-1.23046922211011,-1.20229796977375,-6.16763653803023,-2.65153904856573,0.0135877061935761,-1.85046996353398,1.16724379365826,-1.00661749345659,0.774561804390922,0.063396916565373,-0.390657771499997,1.8847406746985,-1.74255751463748,-0.08221593472572,0.6365333541005921,1,1,0.9945773,1,0.9987075261479282,0,0,1,1,0,1,0.9990408152147987,0.0,0.9279999999999999,6.605690760885809,0,0.5,Medium Risk
1.14625926661879,1.40345824321907,-4.15914819129688,2.66010705652321,-0.323216826628972,-1.83607089433649,-1.62374005926978,0.259562498148672,-1.13204414952948,-3.35647371355361,3.64647783754223,-3.00268415590657,-0.647500580265193,-5.94500331282299,0.17465003740523,-1.47563951431173,-3.08227352537105,0.224739755103275,-0.300930778531616,0.284830655578029,0.564449516452437,0.445743911757892,-0.141136197426929,-0.265517116377678,0.362259920457956,-0.416062097561802,0.507369852566067,0.243744113775662,-0.1481742655784425,1,1,0.9997147,1,0.9999424873181932,0,0,1,1,1,1,0.9999997581594907,1.0,1.0,3.8901532397593805,0,0.625,High Risk
-0.613695895305449,3.69877241384725,-5.53494116176501,5.62048638535855,1.64926285038792,-2.33514498091385,-0.907188472777421,0.706362095310651,-3.74764612466131,-4.23098383571181,4.43631907416962,-4.50380121641622,-0.954361345864011,-9.86137210765166,-0.505329037399437,0.269281953090911,0.591319064375358,1.79599192045908,-1.08520791024384,0.354772932978025,0.319260753518317,-0.471378905146116,-0.075890410682347,-0.667909264857987,-0.642848415713801,0.0706001067101182,0.488409527815439,0.292344974289491,-0.35332684547010107,1,1,0.99975973,1,0.9999373136001526,0,0,1,1,1,1,0.9999999992706996,1.0,0.9933333333333333,8.323399905636363,0,0.625,High Risk
-0.549615438496227,2.21907469290599,-3.52202432215688,0.236995179253694,1.0874688565719,-1.23553009267737,-0.279312556848985,0.514360709931382,-1.84992742118892,-3.44381902213252,2.21400028680889,-1.6898355101423,0.498437678119739,-4.39363360177944,-1.27084139528992,-1.17662872177405,-1.8597389700645,-0.0494185884951729,0.38526260953691,0.126517943495233,0.364130240632527,0.210428090003568,-0.366018663493106,0.0158025669543916,0.349211539966759,0.647302275361242,0.17192919537209,0.11718822829994,-0.35029168952854645,1,1,0.9983386,1,0.999266356980101,0,0,1,1,1,1,0.9994658365083046,1.0,0.9475,2.445606024383008,0,0.625,High Risk
-1.60021129907252,-3.48813018118561,-6.45930280667571,3.24681566349703,-1.61460769860713,-1.26037454854632,0.288223321921388,-0.0489639910109505,-0.734974617920653,-4.44148408070017,2.94437484242405,-3.80546898374331,-2.10222683492697,-6.1061832734711,-0.641736399701777,-1.55596289626148,-2.08406707082134,0.394247352869229,0.0833797227600835,3.18935489592753,1.19117480721903,-0.96714144500067,-1.46342052446637,-0.624230851495284,-0.176461532068143,0.400348351070197,0.152946864261687,0.477774924576796,5.656801090219091,1,1,0.99986386,1,0.9999565038176398,0,0,1,1,1,1,0.9999998245408125,1.0,0.9866666666666667,7.232234835307567,0,0.625,High Risk
-0.0829834650336291,-3.93591892431521,-2.6167089860612,0.163310074791927,-1.40095182767067,-0.809419404822953,1.50157983974791,-0.47099958719182,1.51974319879361,-1.13445381068391,0.71387764641859,0.979674835308759,-1.33903126624009,0.984993219111346,-0.382470968292812,-0.934615796103053,-0.0524194348357059,0.51116178431397,0.731998749113651,1.87861160253024,0.70267203994139,-0.182304775613767,-0.921016986180311,0.111635488151138,-0.0716222119619373,-1.12588109590433,-0.170947427341269,0.126221382847378,4.0276412023272625,1,1,0.94802845,1,0.9764640309444186,0,0,0,1,1,1,0.09734427276661764,1.0,0.6340936246246663,2.122995746038649,0,0.5,Medium Risk
-7.38154698606367,-7.44901515872674,-4.6962865237175,3.72843914957409,6.19830434711234,-6.40626663445964,-5.83145156036761,1.45717491941563,-0.6462025802667,-4.02912871953916,2.52894302060173,-3.308721722205,-1.99200968898389,-5.75721608217278,-0.877323474271716,-1.54755182348258,-1.90901678581052,0.500567470429737,0.136722438174659,2.93275812573212,1.17657484784395,-0.978692051214679,-0.278330343454922,-0.635873793806618,0.123539440325404,0.404729308452323,0.704914653621431,-1.22999168169143,-0.2135499271090333,1,1,0.9995234,1,0.9999586168742453,0,0,1,1,1,1,0.9999998264697133,1.0,0.96,12.251377211792317,0,0.625,High Risk
0.667713641374798,3.04150237620527,-5.84511195572955,5.9675870384467,0.213863332794167,-1.46292281110712,-2.68876058357809,0.677763512400754,-3.44759589638668,-4.70757080611204,4.90581986504193,-5.20837397192841,0.532498380473016,-10.5440113995705,-1.3074187011067,-2.1335934878907,-5.13308149079721,-1.06215078075411,-0.819371096333784,0.558424597641949,0.32976014592914,-0.941383471890008,-0.0060746623400234,-0.958925352213278,0.239297864946551,-0.0673556786513241,0.821047585911653,0.426175251596766,-0.3264098046199983,1,1,0.9998888,1,0.9999691889774547,0,0,1,1,1,1,0.9999999999962734,1.0,1.0,10.671458597152949,0,0.625,High Risk
-0.679520574101316,4.67255275192187,-6.81479843997791,7.1435001202707,0.928653839059275,-1.87301315334323,-2.30668902092068,0.993701927710531,-4.94405415592679,-5.57641879575659,5.78365443891613,-6.11770391144604,0.61416484095298,-12.451498657048,0.42715247782648,-2.2558538072409,-2.12802655387511,0.706765028987081,1.09382579750391,0.872005531266124,0.566848531943877,-0.321691497752809,-0.281324568300744,-1.12025603826283,-0.0733943446607603,0.553530429860346,0.760541928111246,0.386741821030101,-0.3502517532661576,1,1,0.99990153,1,0.9999682258259476,0,0,1,1,1,1,0.9999999999999152,1.0,1.0,13.657264187534514,0,0.625,High Risk
-0.512348993642627,4.82706041999945,-7.97393924909553,7.3340585164719,0.367703644775346,-2.0551290853684,-2.93585569967936,1.43100813095171,-4.54472224374179,-5.25809597551632,5.71631869503674,-5.81040712597652,0.723292646283101,-12.2891333850899,0.378773196301938,-2.02073438121173,-2.03970261739192,0.658182927257658,0.832574035012694,0.804101330337598,0.535619750720892,-0.459495920284509,-0.0093636678425974,-1.1404357941897,-0.0064452687432379,0.527970329614587,0.55888099608345,0.126516761960086,-0.3502517532661576,1,1,0.9998958,1,0.9999683383246836,0,0,1,1,1,1,0.9999999999996663,1.0,1.0,13.92176241661753,0,0.625,High Risk
-1.067713272294,5.26231210944906,-8.4385670664835,7.31648729995658,0.0082535729164869,-2.12593631959976,-3.3070357352934,1.86983752340028,-4.52258362448849,-5.17281182346005,5.59112619350265,-5.64041745782421,0.784510038605689,-12.0438056158463,0.353814874886981,-1.92055816814255,-1.87992827944447,0.679751299229409,0.797641375455208,0.821404548671474,0.547789786518153,-0.491959821843257,0.0559141341245579,-1.14536853471475,0.0689513455242996,0.535054734945035,0.539263072143882,0.124255055772618,-0.3502517532661576,1,1,0.9998958,1,0.9999683383244333,0,0,1,1,1,1,0.9999999999988687,1.0,1.0,14.079020873285994,0,0.625,High Risk
0.711155481810016,2.61710490740972,-4.72236322125,5.84296995871769,-0.600179298610849,-1.64631317703679,-2.78519836554505,0.540367735499417,-3.04402909749745,-3.92650993997042,2.75783745850663,-5.43735368941346,0.546878907367748,-8.39657296658687,-0.810715738936796,-3.01429397773507,-6.64248226272335,-2.58402822440731,-0.820354414754465,0.46103194379752,0.360500881641394,-0.865525509838014,0.139978107568553,-0.336237870703344,0.128449337645535,-0.155645815012462,0.799459945626899,0.392170236404553,-0.3377517031384392,1,1,0.99992454,1,0.9999684266403941,0,0,1,1,1,1,0.999999999968709,1.0,1.0,9.123946511137023,0,0.625,High Risk
1.86822575153021,1.36307703789779,-1.99493428288271,4.17351574396431,1.23975095036686,-0.746186461637677,0.572730531134135,-0.131234840026775,-1.55183852136659,0.228849430580481,1.70189470812283,0.144622386270367,0.104087683833243,-2.95416672265135,-1.37412192590939,1.88941745516528,1.71451073880902,1.10465991097437,-1.59744021309102,-0.172216497505385,-0.301001481390408,-0.818972281356086,0.206812306872685,-0.263683031819147,-0.114958101067535,-0.240672123611963,-0.0066294488588389,0.0172577348698229,-0.34078685907999384,1,1,0.9766069,1,0.9948843142918801,0,0,1,1,1,1,0.9281739765301139,1.0,0.9223220844811753,1.5389193076950394,0,0.625,High Risk
1.87823003111341,1.32562957435462,-2.33346899289515,4.23315121365749,1.35518399558821,-0.853508247169998,0.716025067921391,-0.164909788991874,-1.50234450491057,0.259411077154011,1.45123754814542,-0.280523276849375,-0.756794072389194,-2.75755676655084,-1.70628501758252,1.58746039125258,1.92934969114042,1.18943290293776,-1.53016232603362,-0.226108020608619,-0.152130790009807,-0.360735866229707,0.0434144058266633,-0.242379535720923,0.171097766325585,-0.0026009879775509,-0.0266665673926497,0.0052376673818857,-0.32513184422355423,1,1,0.98912317,1,0.997714276911528,0,0,1,1,1,1,0.9622906300837502,1.0,0.9356635802469135,1.5948853958232876,0,0.625,High Risk
-1.04006722316026,3.10670266443901,-5.40902719870311,3.10990342442989,-0.887237039790953,-2.49752183582566,-2.07334746311485,0.639818099305764,-3.01333057190308,-5.9548382969224,3.58639450927204,-5.51714762692598,0.683652475018798,-8.5604228759795,1.85609491585409,-4.87824808848093,-4.33599801203682,-1.3771910852015,3.0573817418767,1.05439010295385,0.773960867519738,0.214868420362258,-0.184233022038014,-0.284091370881042,0.493466608549931,0.732328821135949,0.675066703315442,0.337076231470716,0.025348794501225905,1,1,0.99986875,1,0.9999783090837431,0,0,1,1,1,1,0.9999999999595064,1.0,1.0,9.130985559633997,0,0.625,High Risk
-1.92861326665902,4.60150558710842,-7.12405297794577,5.71608803673092,1.0265785454506,-3.18907306708797,-2.26189690158112,1.18509635557546,-4.4419416151592,-6.64615382952148,3.8278680907164,-6.51864882248249,0.25113654845891,-12.4567059527055,-0.649166482109423,-1.28314500024635,-2.71855972503703,-0.0854660890712058,-2.09738547120766,0.328795983029392,0.602290585417557,-0.541287465014078,-0.354639278954951,-0.701492058320209,-0.0309729820836431,0.03406987758686,0.57339303199888,0.294686316081238,-0.3502517532661576,1,1,0.9999051,1,0.9999695071864358,0,0,1,1,1,1,0.9999999999996154,1.0,1.0,13.803050597119837,0,0.625,High Risk
-1.20139778318497,4.86453518123444,-8.32882331553453,7.65239936205533,-0.167445105903909,-2.76769464972835,-3.17642095110716,1.62327867967437,-4.36722762476754,-5.5334430286147,4.1064045585523,-6.33182479621436,0.671784814909419,-12.1565865835299,1.02025178475153,-2.11086343309451,-1.55854452752772,0.195991826282669,0.502453451135321,0.597025549850308,0.532320016259289,-0.556913021850898,0.192444399731584,-0.698588444235578,0.0250027161193826,0.514967603188505,0.378105295962737,-0.0531327938498238,-0.3502517532661576,1,1,0.9999255,1,0.9999574458991085,0,0,1,1,1,1,0.9999999999995965,1.0,0.9933333333333333,14.182898146359973,0,0.625,High Risk
-0.129777610843349,0.141547455482355,-0.894701869697703,-0.457662244561315,0.81060798093987,-0.504723385101755,1.37358754607199,-0.20947645080755,0.208493953635169,-1.61361833850235,-0.800150416391868,0.501435242117417,1.11801432626547,-1.81638414654661,-0.681282550845059,0.105946450120805,0.716591309767583,0.205284622719977,-0.0513220971157383,0.399447041317156,-0.0326432954176307,-0.246526436107371,0.484107764666265,0.359636576631937,-0.435972450825985,-0.248480311517488,0.0215269254860304,0.109191896780292,0.3939205600881672,1,1,0.96066034,1,0.9900991769473841,0,0,0,1,1,1,0.08953021948317025,1.0,0.5974265611488211,0.6882237841933017,0,0.5,Medium Risk
0.202402312000145,1.1762702245705,0.346379123966988,2.88213779866317,1.40713333279049,-0.504354582435915,1.43853746015701,-0.395603478739171,-1.5551416238588,1.08151398923906,-1.51420473629918,-0.97376404264957,-0.709928478785898,0.141331683969234,-1.47031415230732,0.418268345647957,-0.828192503935611,-0.302239423372689,-1.76235002438458,-0.206238791066218,0.242560469143593,0.841230120611063,-0.370156596962237,-0.0260123796205956,0.49195423236033,0.234576263356619,-0.279788418223114,-0.331933388032899,-0.3230152223169438,1,0,0.23246515,0,0.321305138132366,0,0,1,0,0,0,0.5649551345612817,0.0,0.4927127940254238,1.1550056851734896,0,0.125,Low Risk
1.17075621526687,2.50103820829712,-4.9861592332247,5.37416005823382,0.997798392058317,-1.25900447846418,-1.23768881403143,0.358425624933301,-2.61248850396066,-3.06472953093127,3.48060170327307,-3.73515295429888,-0.594777601745956,-8.22995199210048,-1.47609403608015,-0.408470612919959,-1.48128347210329,0.347626692232083,-1.16441437126035,0.227618255472955,0.123145442805288,-0.713201110003824,-0.0808679133866204,-0.964310260780621,0.338567587684323,0.068629851804667,0.481587901111279,0.268225854368505,-0.33347852306282944,1,1,0.9997464,1,0.9999522629797044,0,0,1,1,1,1,0.9999999876379998,1.0,0.9890909090909091,5.9617504708830555,0,0.625,High Risk
-0.242244998983291,4.14718554774299,-5.67234909620488,6.49374059630435,1.59116815595921,-1.60252259512767,-0.950462840251984,0.722902909564455,-4.12850525273272,-3.96322447209244,4.46946731169238,-4.6550713248721,-0.441775588896948,-10.1498129226371,0.612797714121901,-0.288725033933543,1.40450707513401,2.13208137860015,0.707199945685905,0.562029861091792,0.249022570668556,-0.480286305732899,-0.286080216527281,-1.15357475551215,-0.0355711283215471,0.559628209963356,0.40944648264684,0.221048104758881,-0.3502517532661576,1,1,0.99975604,1,0.9999132581376549,0,0,1,1,1,1,0.999999999609652,1.0,1.0,8.991534006036426,0,0.625,High Risk
-5.97611932262173,-7.19697963053735,-5.38831591092631,5.104798647287,4.67653286692543,-5.56687006039983,-4.29118042196746,0.876530560032016,-1.07547808735089,-3.27256917385192,1.1682159434835,-2.13473197122041,1.12831321986543,-4.56600986017187,-0.126950406755583,-2.82698551177892,-2.86574970146517,-0.912934238200631,0.421144082740547,3.13633813209484,1.45936905794799,-0.13626168712612,0.848177173598492,-0.269916379777294,-1.09505960437355,-0.710905241951938,0.565846302250925,-1.03410718662341,0.8287865212406434,1,1,0.99963224,1,0.9998390859402131,0,0,1,1,1,1,0.9999996708704249,1.0,0.94,9.932507609711724,0,0.625,High Risk
-0.408110816961726,3.13294449795257,-3.09802976350239,5.80389261500645,0.890608919007457,-0.501474323471098,-0.440054283341639,0.591828268527081,-3.26769325879204,-2.22307032799021,0.757063214391669,-3.5018037792943,0.246742224128631,-6.0656218797665,0.339583134189158,-1.00572315400358,0.334315623693923,0.421261362446254,1.24714263088632,0.499567913131525,0.0984823222449585,-0.538374705312947,-0.217988987498016,-1.04265661749863,0.314388820647828,0.54324357594221,0.233851015408581,0.119603460907874,-0.17157691533832412,1,1,0.99956006,1,0.9999198244621066,0,0,1,1,1,1,0.9999985808646308,1.0,0.9776319267440763,3.9926592662140656,0,0.625,High Risk
-2.3493399641893,1.51260401518904,-2.64749719609623,1.75379247237301,0.406327950335496,-2.18849400496996,-0.686934747748875,-0.547984409288573,-0.0995281132954432,-1.67234597814111,2.17297610055437,-3.10347667138871,0.217560544573622,-6.03440257566619,0.164400705894815,-2.38382603356602,-4.16647877527802,-1.77239694698232,-0.526280794204029,-0.0934214753719124,-0.0885194213942628,-0.595178282040403,0.258148130014773,0.0619011334336728,-0.35418019381022,-1.15267106612603,-0.736072755373029,0.733702732493917,-0.33375807689955156,1,1,0.99962795,1,0.9999022746556114,0,0,1,1,1,1,0.9999943396641781,1.0,0.9082214082214083,3.907362735766534,0,0.625,High Risk
-2.78386548658584,1.59682357624614,-2.08484398883683,2.51298558446866,-1.44674856585353,-0.828495614406621,-0.732262192061793,-0.203328860039345,-0.347045718430565,-2.16206139007752,1.96612345703981,-3.12745594474482,0.506574101009247,-5.92613104122097,0.931090795564338,-2.49930719432672,-3.71275186652084,-1.1421334371849,0.626240855695279,-0.515000920121256,0.203563419764299,0.29326788153054,0.199568287904264,0.146867632313486,0.163601884592709,-0.624084665941504,-1.33309975919931,0.42863399433625,0.26967884779637236,1,1,0.9999316,1,0.9999720174671813,0,0,1,1,1,1,0.9999967151049877,1.0,0.9934065934065934,3.604153223124614,0,0.625,High Risk
0.567539266873172,3.30938527728796,-6.63126848884588,6.39457369583463,-0.0541723256891658,-2.39653528063935,-2.79248887303506,0.514811021472804,-3.54178025732386,-5.33475387061743,3.61873721262172,-7.10148829773798,-0.442125291870087,-11.0816168429851,-0.813721638541621,-3.30289861059986,-5.84890261106356,-1.85063546419134,-1.01863859540215,0.555411780502512,0.614220932245907,-0.365047253101859,-0.180408542452136,-0.52327142948781,0.645054313073713,0.246465837556682,0.902675054512292,0.47357149999817,-0.334596738409718,1,1,0.9999064,1,0.9999733345864885,0,0,1,1,1,1,0.9999999999999507,1.0,1.0,12.974080180842785,0,0.625,High Risk
-0.417339782403896,4.70005527392636,-7.52176682774885,7.67188445074794,0.260821237608046,-2.64669254023638,-2.85443216153232,0.95878310270126,-4.5885358926682,-6.12071508667922,4.54849458373201,-7.83625279832226,-0.242674770748528,-13.2025053438681,1.0924415991984,-3.04086255242532,-3.00895800089691,-0.159966953690891,0.78808629554402,0.832034789370246,0.622200356085823,-0.437708334187294,-0.0903582898025547,-0.742802157670925,-0.312360714129117,0.502574976363589,0.8213902873783,0.37237881708533,-0.3502517532661576,1,1,0.9999447,1,0.999974876475735,0,0,1,1,1,1,0.999999999999998,1.0,1.0,15.9742120220329,0,0.625,High Risk
2.13238602134104,0.705607819703042,-3.53075873641584,0.514779310643757,1.52717469821568,-1.71626826866624,1.13279092955315,-0.574214355395823,0.128903890816348,-1.00080505203989,-0.191190536963042,-0.323794189703165,-0.572455950927237,-1.42206385294204,0.314684199046673,-0.387162054366978,1.73474160368315,0.610975987993976,-0.221267207742386,-0.211167179112658,0.163739121720823,0.703910440133969,-0.24507615703343,0.460049173768465,0.920280992581626,-0.216585741807507,-0.026218563758315,-0.0250012963633226,-0.3493332192312134,1,1,0.9603177,1,0.9841680353999963,0,0,1,1,1,1,0.6211168964062639,1.0,0.6329744762439824,1.0934449672116935,0,0.625,High Risk
-0.644277679025173,5.00235242592827,-8.25273876012125,7.75691471173633,-0.21626731754316,-2.75149611755953,-3.3588573150418,1.40626809118347,-4.40385171690245,-5.94563397292191,4.47590467269415,-7.60726146360792,-0.160723119948911,-13.0107493697978,1.09438181918719,-2.86403911817187,-2.87134152887014,-0.180613560248759,0.647708880496559,0.816557858909547,0.587727519791778,-0.605759173274255,0.0337455457845425,-0.756169511485339,-0.0081716252537439,0.532772006004636,0.663969504849476,0.192066835389178,-0.3502517532661576,1,1,0.9999325,1,0.9999713350059697,0,0,1,1,1,1,0.9999999999999927,1.0,1.0,16.14697602214975,0,0.625,High Risk
-0.848290216565114,2.71988211593934,-6.19907019688041,3.04443718621919,-3.30190955339712,-1.99211683590396,-3.7349017657824,1.52007897310233,-2.54878817321614,-4.5335154033258,2.28802174654208,-5.26720466981905,0.394799950425324,-4.28799577702192,1.31527946674202,-6.46918689069948,-8.71392005149206,-3.7050697432532,3.53100289778427,0.319576271337295,1.12522925908799,0.805257864895713,0.199119186483276,0.0352062006310435,0.0121587630161963,0.601657823317562,0.137467682324392,-0.171396981067706,0.1544227945420748,1,1,0.99989533,1,0.9999784047092034,0,0,1,1,1,1,0.9999999986822046,1.0,1.0,10.232758342933232,0,0.625,High Risk
-3.38760102859385,3.97788074139497,-6.97858506511079,1.65776584508859,-1.10049973277578,-3.59948697320315,-3.68665071042962,1.94225222492139,-3.06508926692316,-7.50955747436829,2.98962640655731,-5.99363242425938,-0.164740077677312,-8.38844296921614,0.0421289980360236,-4.13750050093113,-6.1039030730781,-1.9729278028075,0.434072536887008,-0.0043005898337158,1.043587159264,0.26218867442789,-0.479223920984096,-0.326638199739289,-0.156938590387884,0.113806571374194,0.354124259953911,0.287592125204715,-0.3518092674993238,1,1,0.9998142,1,0.9999706465716863,0,0,1,1,1,1,0.9999999999367382,1.0,1.0,11.678468271535372,0,0.625,High Risk
-5.23880773573245,0.623013013517624,-5.78450659224569,1.67888930740175,-0.364431871608896,-0.477294697773818,-4.27613150437269,-0.695172912010584,-2.97164438627248,-5.52913123107677,1.77950450310136,-4.83615901427864,-1.20899187512247,-2.90118981074214,0.281878305641659,-5.53954431982868,-7.2909602133188,-4.89776603568321,-0.30860899195249,-0.203269802188999,-0.326139919163346,1.50923868732044,-0.215966267193936,-0.245726907285863,0.893041276540073,0.865758089249014,0.854657016693772,-0.964482422283343,-0.19366166843937282,1,1,0.9992526,1,0.999905231428977,0,0,1,1,1,1,0.9999999848943673,1.0,1.0,9.563776520792139,0,0.625,High Risk
-7.50392623748137,-0.360628009949399,-3.83095228272519,2.48610285639632,2.497366775329,1.33243694265115,-6.78396378716369,-15.4153849212396,0.465511605096266,-0.39438126178315,1.05410721205494,0.974058515963307,-1.45366801871907,-1.42561990549746,0.577661575273881,0.836807763068655,2.84494961758243,1.61350955823594,2.54831265500006,-0.475126442823018,-6.38913186553574,2.24996439320029,1.67050826686181,0.140450002467555,0.162147414308657,1.20773090940574,1.26895846837763,0.097538236000963,-0.3041653064693941,1,1,0.9963607,1,0.9981309361474247,0,1,1,1,1,1,0.9962856890427851,1.0,0.87544926759557,16.35284270528285,0,0.75,High Risk
-5.76687873469586,-8.40215367768915,0.0565432462509224,6.9509829448522,9.88056402552862,-5.77319176920948,-5.74887919911031,0.721742893680168,-1.07627357886614,2.68866993252224,-1.47514531556892,-0.0504679838548109,0.11350047541885,0.98434361557577,0.363968739240705,-0.674356809209657,0.327463514418321,0.0914699151148088,1.30794073758635,2.49322389130791,0.880395096548056,-0.130435547668829,2.24147141354365,0.665345536539228,-1.89004142193457,-0.120802763842984,0.0732685585796402,0.583799418317518,-0.35332684547010107,1,1,0.9628102,1,0.9946135572590659,0,0,1,1,1,1,0.8823225747909248,1.0,0.8397966643285792,11.954698939539783,0,0.625,High Risk
-0.956390354534089,2.36159360978361,-3.17119460723168,1.9707587789256,0.474761353851904,-1.90259820435779,-0.055177812186404,0.277831228585655,-1.74585416512772,-2.5166280017922,0.874051625366684,-2.51310432869389,0.0215750823066827,-3.56511884467947,0.461153428310475,-2.01571274629308,-1.7314131905532,-0.465814727140309,0.527619755594392,0.19087690343816,0.4732110860249,0.719400298090367,0.122457847823505,-0.255649852132098,-0.619259299031992,-0.48427999484406,0.683534592892906,0.443299499267762,-0.19398115853848383,1,1,0.99787164,1,0.9977090408265423,0,0,1,1,1,1,0.9999448974174043,1.0,0.9538277560044217,2.1430879794608755,0,0.625,High Risk
-2.02713542158538,-1.13189035724166,-1.13519425354743,1.08696263677666,-0.0105473464481483,0.423796701647855,3.79088017117747,-1.15559509817023,-0.0634335699320076,1.33441406239882,1.03201558219625,-0.722023081820061,-1.53323965243517,0.334119448067333,0.297478860324539,-0.429391896447094,-0.824644210487403,0.489667798839098,0.87334427153726,0.0338040154798561,-0.315104559619618,0.575519699616524,0.490842008633879,0.756502366364478,-0.142685358889407,-0.602776608703914,0.508712458871011,-0.091645525701271,2.179830277856335,1,1,0.99306,1,0.9903785555823494,0,0,1,1,1,1,0.6087766582875197,1.0,0.7159323807732996,1.263288729790874,0,0.625,High Risk
2.09190018751563,-0.757459362256544,-1.19225763407193,-0.755458092963448,-0.620323625943217,-0.322077026663935,-1.08251065680614,0.117199961876445,-0.140926651717943,0.24931080342673,1.33831754595819,-0.329759339656804,-0.363591188943619,-1.82483910494673,-0.229678513727838,1.84234692345975,1.19421171382239,0.0374666576390236,0.423099369076423,0.0374375437836754,0.288252720367131,0.831939310447442,0.142006990607899,0.592614974257539,-0.196143145198634,-0.136676262268618,0.0201823653167864,-0.0154697051692816,-0.2736540020042924,1,1,0.93173534,1,0.9773027569009475,0,0,0,1,1,1,0.18572255362975762,1.0,0.5378497300774334,0.8483541750598567,0,0.5,Medium Risk
-1.37442438802593,2.79318461104641,-4.34657205544607,2.40073141993213,-1.68843271426041,0.111136092520939,-0.922037621262745,-2.14992997529601,-2.02747375610927,-4.39084192218279,1.24195817554592,-3.91052150018815,-1.22563629923953,-4.69799687128777,0.676108304106939,-2.07706554161602,-2.68352089790884,-0.525949332550218,0.42234244481934,0.650195855719888,-0.870778521555015,0.50484915999462,0.13799426850986,0.36827456897565,0.103136654803567,-0.414208828090744,0.454981584858352,0.0967109642319915,1.0407682020007998,1,1,0.9999416,1,0.9999672699294617,0,0,1,1,1,1,0.9999994027046722,1.0,0.9935410176531673,4.3638993820676255,0,0.625,High Risk
-1.92788332105459,1.12565266367046,-4.51833064132991,1.74929253346589,-1.56648729197754,-2.01049423115212,-0.882849830858081,0.697211109261327,-2.0649452874475,-5.58779378195338,2.1157951772133,-5.4174240819973,-1.23512263142388,-6.66517689463338,0.401700686738171,-2.89782511671737,-4.57052943365069,-1.31514721385427,0.391167040935071,1.25296673470361,0.778583978950071,-0.319188818860513,0.639418961153121,-0.294885040380029,0.537502535542985,0.788395056528708,0.292679966295281,0.147967928722538,1.2041873876960827,1,1,0.99987996,1,0.9999688408747538,0,0,1,1,1,1,0.9999999852929513,1.0,1.0,6.36868316999443,0,0.625,High Risk
1.37855899734127,1.28938093711056,-5.00424678441137,1.4118498419441,0.442580635567782,-1.3265359338336,-1.41316995590712,0.248525467627175,-1.12739593417081,-3.23215317539514,2.8584658156696,-3.09691489835154,-0.792532436177748,-5.21014084572584,-0.613803263850514,-2.15529688535221,-3.26711568106648,-0.68850546268346,0.737657217477667,0.226137945500703,0.370611857232494,0.0282344454140697,-0.145640429197154,-0.0810494069107769,0.521874501959455,0.739467256056059,0.389151843520624,0.186636547522687,-0.35029168952854645,1,1,0.99969995,1,0.9998790256990273,0,0,1,1,1,1,0.9999965067141048,1.0,1.0,3.7490629630453984,0,0.625,High Risk
-0.676142670593205,1.1263660623459,-2.21369952308058,0.46830838758824,-1.12054104443306,-0.0033462959955453,-2.23473929608742,1.21015796383769,-0.65224992035649,-3.46389087904573,1.79496896856641,-2.77502154036273,-0.418950143733104,-4.05716237716209,-0.712615968607599,-1.60301474745597,-5.03532591722409,-0.50699988370237,0.266272320267649,0.247967752628092,0.751825538154533,0.834107690036367,0.190943872773442,0.0320700856093905,-0.739694822652264,0.47111096261267,0.385107448705084,0.19436147923645,-0.04226329772314198,1,1,0.99959,1,0.9995291528243326,0,0,1,1,1,1,0.999935393295987,1.0,0.9733615819209039,2.9745681000154347,0,0.625,High Risk
-3.11383160738512,0.58586417180689,-5.39973021073242,1.81709247345531,-0.840618465991056,-2.94354779071974,-2.20800192003372,1.05873267723056,-1.63233334974982,-5.24598383776964,1.93351953683592,-5.03046479695456,-1.12745457501155,-6.41662797597451,0.141237234328704,-2.54949823633632,-4.61471706851594,-1.47813794126038,-0.0354803664667244,0.306270740368093,0.583275998701341,-0.269208637986581,-0.456107772584008,-0.183659129549716,-0.328167759255761,0.606115810329683,0.884875539542905,-0.253700318894381,0.6251115830573734,1,1,0.9997321,1,0.9999691607587713,0,0,1,1,1,1,0.9999999851437937,1.0,1.0,6.590115537805326,0,0.625,High Risk
1.9919760961759,0.158475887304227,-2.58344064503516,0.408669992998441,1.15114706077937,-0.0966947441848027,0.223050267455537,-0.0683838777747007,0.577829383844873,-0.888721675865145,0.491140241656789,0.728903319843614,0.380428045513993,-1.94888334870021,-0.832498136300872,0.519435549203291,0.903562376617253,1.19731471799372,0.593508846946918,-0.0176522567052908,-0.164350327825504,-0.295135166851559,-0.0721725311018398,-0.450261313423321,0.313266608995469,-0.289616585696882,0.002987582243429,-0.0153088128485981,-0.1834779215302093,1,1,0.94161576,1,0.9827532959779729,0,0,0,1,1,1,0.16952458335511877,1.0,0.5365098681043273,0.764678267108026,0,0.5,Medium Risk
1.96116349488042,-0.145394383406863,-0.790990398748461,0.336363903735853,-0.458231325859672,-0.883001909639898,-0.394513495525911,-0.097578926721143,1.24264659947866,-0.730247075943152,-0.377529938625154,0.420837934742926,0.29585211994229,-1.33771412313607,0.831271141814045,0.558929764503085,0.467561045202753,0.170438782167112,-0.204281913829824,-0.136414066943023,-0.248834433958282,-0.563936582050402,0.35241550357084,-0.207695429761959,-0.502360879309947,-0.280692862065347,0.0267246333853444,-0.0073062855824884,-0.2736540020042924,0,0,0.00801564,0,0.0021169595602976207,0,0,0,0,0,0,0.09793081502069148,0.0,0.04703954493138397,0.6429165316336531,0,0.0,Low Risk
2.12894111462683,-0.145629868727292,-3.90183921128199,-1.02055762986879,3.17294070522023,2.59007833883425,0.39409906291112,0.410360577613376,-0.0318726159650415,0.0450232360228047,0.0127763830291306,0.240285498023827,-0.41583318060663,1.08026613479971,0.323857740486239,-1.09169788592656,-0.139541062226763,-0.724637806826557,0.0740039298087996,-0.173311920917142,0.27998164592486,0.900521678665721,-0.16917380749388,0.799857110197555,0.788815830328105,0.480903820167838,-0.084482612472973,-0.0962780590020008,-0.3173842093201122,0,0,4.7024976e-05,0,8.074191831864924e-05,0,0,0,0,0,0,0.0034176331290904443,0.0,0.02444155968447427,1.5041060845277152,0,0.0,Low Risk
-0.291844526201387,1.14019803942524,0.445397530493519,0.894697097811777,-0.0866623343064136,-0.485476562598599,0.476290832951077,0.272034252172018,-0.705647075573533,-0.401530785664645,-1.08807449441654,0.0005034161173308,0.403062359744951,0.554881073392515,0.998474344861501,0.0053219400657805,-0.250075905029387,0.282489296542189,0.535290592628463,-0.035105660683007,0.160524750616882,0.336611189785207,-0.0460801936239096,-0.140918213375348,-0.0416002773662943,-0.29636330855259,-0.0547221793430156,-0.0207757583816997,-0.18235970618332076,0,0,0.00027093265,0,0.0002418730911301141,0,0,0,0,0,0,0.0639626953323056,0.0,0.017398222637345702,0.34453429619622383,0,0.0,Low Risk
2.06375838806493,0.0339843473696236,-2.09771018705752,0.150875825650273,0.621507954432445,-1.09844425391465,0.619054088532552,-0.345422251834621,0.0801461021567159,0.231971104819015,0.623371377032437,0.475786606774565,-0.835064967515888,1.12399892199052,-0.145458741278757,-0.302433261370077,-0.6174059322628,0.146742108041868,0.367980196639119,-0.266155406864826,0.139718321598217,0.457832123473825,-0.0640362028045674,-0.456406419022621,0.400730257473821,-0.154947243933353,-0.062691979674038,-0.0845824483858738,-0.2938218145106751,0,0,0.0005352112,0,0.000838116109340575,0,0,0,0,0,0,0.0628568052370964,0.0,0.009422786570173543,0.6225073034774388,0,0.0,Low Risk
-0.815575289926204,0.0680965710513323,1.24452932523871,-1.50561534400869,-2.0658386579262,0.360961512090368,-1.50738312307663,0.91188819035869,-2.04381907429645,0.594496282393021,-1.94154584809909,-0.663581522884422,1.29358198222545,-0.583277889973314,-0.168917709011614,-0.398325770667947,0.973316715654028,0.585639571114277,1.05377417412816,-0.374866262303848,-0.0907504939491601,0.0580407072605591,-0.0382890529065205,-0.435122057621582,-0.286379826247997,-0.115657715336875,-0.157810504485744,0.0038237159318971,-0.17760729095904446,0,0,0.020887531,0,0.0007283248839713607,0,0,0,0,0,0,0.006869807774503225,0.0,0.14788053805528611,1.2654332346320432,0,0.0,Low Risk
-0.733567149335392,1.15975328987121,1.99502079552607,0.525314364426345,0.39622510132506,-0.517136132530921,0.789404537604215,-0.0183628590452242,0.266115156018593,-0.778812049482239,2.11152306368248,-2.25895804181295,0.703023541689506,2.14876870390647,-0.631806652301953,0.177562220132187,0.194488294758271,0.35288871075154,0.253305305053836,-0.0829597856715347,-0.514337805996628,-1.45721414833103,-0.0342357684603347,0.159509220073277,0.0948459026338968,-0.873122866794581,0.0104912532694528,0.061430043434143,-0.3041253702070052,0,0,0.00336747,0,0.0008780966262456795,0,0,0,0,0,0,0.1037476438176153,0.0,0.04135199723419035,0.9234079798969361,0,0.0,Low Risk
1.41073676678303,-0.879177854725483,-1.11453949336997,-1.61488191123384,1.40125670419245,3.44783485273242,-1.10563399288808,0.825813414918245,-0.577794978213052,0.542188089719941,-0.366041083414235,-0.506025136150123,0.0007442412185892,-0.321969904621211,-0.29904768235101,0.905380113693582,0.180709781960583,-1.32044913896564,1.30531432962653,0.210092040117,-0.0626796473906737,-0.283887454523925,-0.0859848314973274,1.03154471639263,0.709739656771888,-0.231160722432722,0.0124826012119171,0.0099267170092912,-0.23471614617513784,0,0,0.001663054,0,6.163424995151421e-05,0,0,0,0,0,0,0.0020201696604485796,0.0,0.06776279393657708,1.1809020810865898,0,0.0,Low Risk
2.10111665700188,-0.0802219765514451,-1.53246645987652,0.146579186771405,0.719741061707455,0.183201796178554,-0.126463383354936,-0.0707490878473588,1.71639478986382,-0.118855876641546,0.823226003810835,-2.089117369766,1.24312653622711,1.9447280001289,-1.20989548150764,0.43197168154382,-0.189135160016414,0.359837251863925,0.653457926910973,-0.221027272554304,-0.469276456559249,-1.07837470195791,0.245938937576689,-0.42854314521454,-0.210128270866463,0.174083611192842,-0.112212901462449,-0.0810300889269217,-0.3314018374186079,0,0,0.0023680665,0,0.0008429181945009711,0,0,0,0,0,0,0.014476234794824704,0.0,0.017391081248922198,0.9967642499371243,0,0.0,Low Risk
-0.733395656615326,0.297635413656814,-1.27100324367449,-0.888715522604383,3.56755437681752,3.28637940591898,0.377878290568056,0.529711705278544,-0.201741978504147,-0.20656009258608,0.322209232762437,-0.357236679864149,-0.318492344900759,-0.927874701878993,0.882401618335366,-0.377218851536387,0.661003978828092,-0.241896451961698,0.929335765208981,-0.0339021502257423,-0.30252226600023,-0.643859273103797,0.297446262554936,0.618994079930235,-0.742044942700273,0.26376466274992,-0.388274681500639,0.0898643853685831,-0.34977251811749105,0,0,0.0019510671,0,0.0002810888411778755,0,0,0,0,0,0,0.006961804282720896,0.0,0.11786340257913232,1.195190974237135,0,0.0,Low Risk
-5.83637603423968,3.86885086781578,-0.138066706034766,2.76377180453343,-4.44663543421941,3.83614345682961,-6.21588875654922,-11.5476056270107,-0.454608157045959,-2.06396043911321,-1.94371206235,2.3034966272565,-0.497351823539786,1.03098355412469,-2.56023931611483,1.06746931210375,1.31006112853882,0.055205924918882,-1.47716373729695,2.58216712015284,-6.27028673547826,2.96049075079802,0.948016402232911,0.919147933200458,-0.231959573234901,0.0368932148175469,-0.559100160867583,-0.591230242772199,0.5531863744950067,0,1,0.5067871,1,0.770861646378579,0,0,0,1,0,0,0.025944724162999193,0.0,0.5321843033509701,12.840223045220283,0,0.375,Medium Risk
0.12098582972846,-2.26867734045109,0.178950474188341,0.79574679515378,-1.01613745810249,1.61219864671654,-0.422672039147342,0.476163934997121,-0.612223170687582,0.455691315054648,0.0165285841019514,-0.589289267595957,-1.18151169115272,0.518432100890877,2.3978336034449,-2.1695511547481,0.952312571164331,-0.101717542697581,-3.09014007791133,0.283709540231255,0.169438663718246,-0.102231136496423,-0.29496082554878,-1.03040898272688,-0.170199537616783,-0.219860366661687,0.0328153875561931,0.109299778393363,1.7433269299459153,0,0,0.0024296492,0,0.0059084772184990805,0,0,0,0,0,0,0.09005728370860487,0.0,0.30399558552629835,1.480331191148053,0,0.0,Low Risk
1.17736462286084,-0.305220259001518,0.997158282717093,0.774198415157652,-0.957312668389156,-0.041321601091879,-0.672715623938811,0.152334559282972,1.10688510484484,-0.220582940530217,-1.33956521489858,-0.228203479175087,-0.81690145152967,-0.242763495102141,0.342373740733434,0.354860958063987,-0.300010727095555,0.0468441286419611,0.147136015389956,-0.105507135722915,-0.123352498639842,-0.249324910936582,-0.036648030711138,-0.10388506486384,0.281126240624532,0.348991771365358,0.0063572656163909,0.0235620839013025,-0.23851009110208113,0,0,0.0012596546,0,0.00026479339120483424,0,0,0,0,0,0,0.06275970695498147,0.0,0.006699313629450201,0.455247785503442,0,0.0,Low Risk
-0.291812727690456,0.95519102959539,1.43651510699464,0.0494214125438038,0.158822550955946,-0.976016724966244,0.888387355979828,-0.271724019729566,-0.19538845731947,-0.292756219434072,-0.179855142051734,-0.352155937913664,-0.252267026562308,-0.566048841237621,0.964190989363971,0.316276228929615,-0.0749482753509128,-0.11919406636636,-0.0867993602995603,0.192865139363097,-0.310769044198804,-0.6944036008362,-0.021426725003855,0.323765207389635,-0.193506362115264,0.0443127057925406,0.0753173512373979,-0.123990639551765,-0.30544326686583817,0,0,0.0037018815,0,0.002623102781399854,0,0,0,0,0,0,0.09528083578941349,0.0,0.029830820513083615,0.4049721540053551,0,0.0,Low Risk
-0.910782966787652,1.27506773355037,0.804983413238466,1.20897410723179,0.146594732465755,0.327625107392185,0.297889280364244,0.504338100754681,-0.405187818613163,-0.230329347709936,-1.1845885940283,0.308365322029986,0.336844704222915,0.193631607268726,0.197217778717171,-0.959698665100576,0.572266118405416,-0.511715632564636,0.931753436593108,0.0157411999183756,-0.0206909195617909,0.198512267774248,-0.0668131814655885,-0.43321893805202,0.0296124083193454,-0.197019428786923,0.193987376065348,0.118407700012978,-0.27273546796934833,0,0,7.879579e-05,0,9.663523113008408e-05,0,0,0,0,0,0,0.05888689895685846,0.0,0.015136048506096357,0.4234330922844462,0,0.0,Low Risk
1.13762163742509,0.174313403223469,0.404251406169614,1.08745011397213,-0.247633827798555,-0.417979234315641,0.0411664510396398,-0.0335884931952042,0.105511226441885,-0.0488035312064832,-0.214414607002404,0.106161301899895,-0.350315315257908,0.439900142506941,1.31867382051172,-0.0959902165191168,-0.176971365838904,-0.561829078540074,-0.734893151682889,-0.1398857772745,-0.014668177827679,-0.0600180570248021,-0.0097937525658443,0.0535527660982295,0.447414370407581,-0.410587473705166,0.0312983149867314,0.0261300059624959,-0.22828640793052873,0,0,0.0018189239,0,0.00043897618225847247,0,0,0,0,0,0,0.1028706066220309,0.0,0.015895373733407756,0.3688139584994089,0,0.0,Low Risk
1.33553097871445,-0.834394143288902,0.341249120603847,-0.908860136407383,-0.896818943513633,0.229520900389611,-0.95741415551,0.124899377063631,-0.656004438908661,0.817149182434272,0.0342762009077471,-0.0205753930203526,0.259675566395436,0.0208550448274735,0.591064882567529,-0.402783129977514,-0.848278826126394,2.22331550199777,-0.269633835895912,-0.358948577996168,-0.2497705185415,-0.328941728345512,-0.137866182687173,-0.791836910712222,0.228407997111402,1.16038551445352,-0.0436552289713911,0.0002132015302582,-0.18168078972270987,0,0,0.00037164488,0,0.0009718654468159238,0,0,0,0,0,0,0.008747847187360693,0.0,0.014591363103593607,0.7189523684213945,0,0.0,Low Risk
-2.43548397243382,-1.79788065605941,1.54205180196677,3.32367468677482,1.09685868939377,0.54705688186768,0.0723971538895604,0.540381421323817,-1.55121878790991,0.785759272979189,1.6233442120471,0.576065740855555,0.379992621816522,0.491060533910136,1.23921586724445,-0.260391131197342,0.222045915231099,-0.0855327541556069,0.196966564329118,1.5618811550838,0.461634443043675,0.247289855461827,1.27086892940817,-0.356541032132331,-0.418441411726829,0.103172719311976,0.237630522494326,0.269076718855584,1.157541833225875,0,0,0.018718444,0,0.005844477089094797,0,0,0,0,0,0,0.2389311535431495,0.0,0.17766827412926428,1.0499835912256679,0,0.0,Low Risk
-0.7232646926539,2.03627296938577,-0.708277813164183,4.23197333654863,0.666178098563909,1.2717912320113,1.38495740861053,0.136434235289642,-2.23100689112959,1.70441949078606,-1.81182159631577,-0.463024975534334,0.93040995534021,0.455554276505008,-0.101019946841472,-0.509225868583939,0.29769515212881,-0.201361373388135,1.62168660245741,-0.023210943723468,0.0251645818625891,0.384783599071986,0.0066048788275807,0.0679459008446506,-0.349794573314257,0.379851967146629,0.0771902133287302,0.127856360113583,0.2479934573192124,0,0,0.0102144815,0,0.00695759520079779,0,0,0,0,0,0,0.24657472171251207,0.0,0.15304691539984874,1.4458945581221139,0,0.0,Low Risk
-0.870349055261087,1.42481668324628,1.1965506194847,-0.840982992663988,1.44380315427671,0.214828389684002,1.77544197894489,-1.14066498205153,1.17806575168561,2.45643139686893,1.0607643592393,0.0150661197539036,0.748514403161186,-2.04413400823023,0.479740112007422,0.337310556266735,-1.43096446238957,0.467370017237743,0.570856893460425,1.2680982797553,-0.756376156307099,-0.723228683128393,-0.380598448916894,-1.05695704824949,0.108983326731139,-0.012789943150526,-0.218238395212879,-0.929042025521478,-0.3211382179846666,0,0,0.0037583301,0,0.0017379347267664166,0,0,0,0,0,0,0.015863829393082073,0.0,0.09187911474299092,1.152425791606226,0,0.0,Low Risk
-1.29391231815337,1.51571680870122,-0.0069218240188221,-1.26812908099062,0.85381056698951,-0.545407989465409,1.72004254712513,-0.862012830134681,1.67171282053503,2.767099707824,0.941165709090248,0.349428060558045,-0.185959094205318,-1.0380834593214,-0.820349805853786,-0.234197693394049,-1.28462518958091,-0.342154082913074,0.16948813205743,1.07309473482366,-0.689522404683489,-0.578228043722119,-0.0234904518890601,-0.439337398168214,-0.192360434175362,0.0672697875183413,0.315931053356511,-0.2811926862105,-0.2455388732825234,0,0,0.002193931,0,0.0010487755140615488,0,0,0,0,0,0,0.0036417353404147442,0.0,0.03930419300718132,1.1157350225592113,0,0.0,Low Risk
-0.550378823688049,1.01463149405781,0.644906740635549,0.741761778434893,1.01835599599332,-0.108457074475872,0.278031761611623,-0.246639463626749,-0.564272547752404,0.128483300456433,-1.08261645058225,0.178538456745247,1.98301473076008,-0.736142641538703,1.75373563011532,0.0549162410018122,-0.014394420986157,0.315784812083262,2.12300181139959,0.0827591767555638,-0.234710753441475,-0.54626314200085,-0.274748627944133,-0.980803696704936,-0.692217205944977,0.289306766866214,-0.124638327821108,0.11950493658408,-0.3425839908874933,0,0,0.024721557,0,0.0044261466827435056,0,0,0,0,0,0,0.04315917858166822,0.0,0.08240412983439067,0.7487298980391907,0,0.0,Low Risk
1.16220790444746,0.289760816134896,0.393439861797412,1.15340614773547,-0.263057265834836,-0.684369186658799,0.149248404232982,-0.109973357757301,-0.0237030065954642,-0.0294089728870023,0.0963719758381845,0.308823988443202,-0.214668623544522,0.466162230868039,1.16370621867067,-0.331213946914932,-0.021055906185789,-0.688686436283166,-0.85369690896183,-0.178276701501954,0.0799691043253598,0.285591500134452,-0.0347676496139337,0.409313564295478,0.563642572181487,-0.319337460162643,0.0282014030460618,0.0213993221781905,-0.3030071548601167,0,0,0.0033369893,0,0.0007819163636376082,0,0,0,0,0,0,0.1385809083083646,0.0,0.009314728572117436,0.36250728823091616,0,0.0,Low Risk
2.09851102680934,-0.0232062007964188,-2.52071270363352,0.363065924099836,0.695506498176018,-1.29758886444024,0.746169734654068,-0.347807805881483,-0.0044334295736998,0.507769288977154,0.217882215255104,-0.653121245527484,-2.83620833091816,1.54654649773441,-0.614922890557645,-0.453972452042822,-0.267789872943511,0.143249861043323,0.357823018866442,-0.395919951011995,0.277483883169718,0.829987471800387,-0.203490883973188,-0.363188760136611,0.591000502984378,0.736865854731625,-0.142966857532476,-0.111375949548106,-0.3133905830812246,0,0,0.0010941087,0,0.0029705826532531454,0,0,0,0,0,0,0.1420420607099797,0.0,0.04591680116143836,1.116993636737598,0,0.0,Low Risk
2.00135404276437,-0.0273049959085261,-1.3875831369293,0.513035471155551,-0.0642677859317827,-1.43567038106158,0.418986863040476,-0.318312123780263,0.39648033557414,0.127603086164133,1.18734424692157,0.960599726817609,-1.06468590957279,0.849528756258513,-0.982227242419423,-0.747145726735646,-0.0915160187369398,-0.245164461201062,0.315916644634587,-0.330306270286644,0.0751585415726157,0.401589859751969,0.101528457792181,0.557217647220682,0.234852781957359,-0.272488052319418,-0.0428954319623277,-0.0731003008153949,-0.3493332192312134,0,0,0.012127629,0,0.0027023837527685836,0,0,0,0,0,0,0.11942379249888141,0.0,0.011467756983111126,0.630016794187389,0,0.0,Low Risk
-1.18898112266705,0.406160451132446,1.50744826461316,-0.002502180890392,0.299751069396107,-0.0514955610461629,1.78216794306249,-0.281908886204729,-0.863892673501036,-0.408332013707789,1.82083958245619,1.0955801150995,0.391700984382767,0.178340485098787,-0.236782378694729,0.0625437088124982,-0.723408347995477,-0.701801863137756,-0.784468103092916,-0.0152518329472508,-0.318927932915306,-0.89286553977329,0.30356034744334,0.147231349614776,-0.250191062542238,-1.05330612513991,-0.14240504111997,-0.0926688669823921,0.436971850943376,0,0,0.004806191,0,0.0013344605961636432,0,0,0,0,0,0,0.05161603817472787,0.0,0.0563168215793272,0.6979056353724519,0,0.0,Low Risk
2.14440187004197,-0.729518147865464,-1.58576040918755,-0.989596949043572,-0.192415131452136,-0.221738699131264,-0.760384184008604,0.0885569269759568,-0.295377999298134,0.408259185305562,0.652860925486379,-0.716452950392427,-0.968620296725657,-1.11119672794177,-0.358678525593916,1.91374730301482,0.744680532870368,-0.51093286663268,1.19627745841358,0.0215312680318492,-0.336962344420079,-1.15102293915408,0.401714412191531,-0.102265738652985,-0.505507765355201,-0.687561301600619,-0.0137322519423526,-0.0258401892049981,-0.23355799456586046,0,0,0.0117255,0,0.0017757955115201734,0,0,0,0,0,0,0.043807745213811665,0.0,0.0921042992917036,1.0971206647753053,0,0.0,Low Risk
1.44688412054429,-0.263870841262709,-0.192447564886891,-0.660946006258903,-0.598712232548195,-1.38796423893554,-0.0016540055086342,-0.430534877492825,-1.20721796382848,0.675218230461633,-0.17189689450395,-0.42631780278339,0.481757887891084,0.0427674792361344,0.383974197188045,0.711576225115389,0.385058783307569,-1.64339322956463,0.634491561735288,0.0912476337461435,0.194922344788396,0.511845516295917,-0.170092401906721,0.44533426625932,0.805624908878853,-0.0864039160551236,-0.0267951119221807,0.0029819007372296,-0.29342245188678634,0,0,0.0009378063,0,0.0013191934893966406,0,0,0,0,0,0,0.06577596903370557,0.0,0.049289542850966137,0.6641380911424338,0,0.0,Low Risk
1.18540299556224,-0.0929124090359577,0.370787878115966,0.0604868399700854,-0.666740649969435,-0.918925127106569,-0.0802434126501282,-0.0999382182735635,-0.0473088154323329,0.0505003678448415,1.54534623901709,0.726262147902169,-0.36942879282843,0.521398849273748,0.374810530539654,0.386594454492526,-0.462509976605298,0.0885068455909085,0.159790664793902,-0.0340934071115607,0.0943554198850925,0.193791389919299,-0.0537863536768748,0.6199976469058,0.303038955826364,1.03835844164841,-0.0956182909298434,-0.0030398582912116,-0.22912506944069513,0,0,0.0006104876,0,0.00027143684741984036,0,0,0,0,0,0,0.03308152827229911,0.0,0.008486287205342486,0.3284299835922134,0,0.0,Low Risk
-0.988914793306825,-0.574156686234987,1.78149642581482,1.3851009695898,-1.5201145742862,0.862464814962332,1.66628106943116,-0.0140010355891689,0.204246866902128,-0.475848666292604,0.502895685909778,-0.0895718335445303,-1.97627220513548,-0.0847818289133488,-1.2513213754285,-0.729078871992698,0.221598202064527,0.599054202547826,1.12069625503461,0.815315036634396,0.219436763766362,0.334773141295631,0.68721712896794,0.483753594466125,0.0279047416711407,-0.328833581206237,-0.13139469671274,-0.0668852003727348,1.2618154143232314,0,0,0.038663164,0,0.010966991145109054,0,0,0,0,0,0,0.40661459528231675,0.0,0.07065137617683734,0.7678837018305598,0,0.0,Low Risk
-0.808708928585092,0.0391840971990045,0.745588795023893,-2.22154427708235,-0.860848009214963,-0.577722094553577,-0.447976818483475,0.386438928254293,-0.293697307692807,0.64056928960494,0.594888204261808,-0.524520324743924,-1.02813515204946,-0.287869962944154,-1.04854136452781,1.57981187507229,-0.229936424845353,-0.618203742373414,-0.178661593847112,0.0863293581655596,0.317926586405461,1.00108972869244,-0.170718054195342,0.0091011683991276,0.145184557681502,-0.20856012043015,-0.102067947039367,-0.21116338320666,-0.2736540020042924,0,0,0.0002903587,0,0.00014860891704509502,0,0,0,0,0,0,0.0137832363808623,0.0,0.01612359264439478,0.8037476714935783,0,0.0,Low Risk
-0.218411785644975,-0.155647741802301,1.43969843009345,-1.68359092787321,-0.484922296871497,0.0264152889305212,0.0269873258094894,-0.098995629184645,2.08911738779549,-1.34549519547384,-0.804726994061293,-0.0492825868035811,-0.922473979465403,-0.210752463763455,2.23025252529653,-2.12845746093912,0.854418551172107,0.394532692375988,2.85366488260664,0.15185052827798,0.17493246348459,1.05382749147585,-0.339237914308734,-0.393212015872973,-0.128056781456635,-0.392817538826405,-0.0260850734458949,-0.0631329670083744,-0.23255958800613855,0,0,0.0114163635,0,0.0021436625832866748,0,0,0,0,0,0,0.09696701471793746,0.0,0.13804072102127074,1.1995822166555568,0,0.0,Low Risk
-1.73894176420263,-1.44498630264187,1.26904379987233,1.31166868204544,-0.0905421080069871,0.617952628703033,0.747102787147999,0.286493964474245,0.072575012352712,-0.670405993903047,-1.49158135838545,-0.987181715088839,-1.25129950916841,0.195710153399228,1.14280754466572,-0.279913240640097,0.0346514893617572,0.488972392043851,0.327717138280563,1.03725133144117,0.492250068418902,0.567182721654493,0.777309005987218,-0.701869976523935,0.217873573000961,-0.100587318391395,0.000519624082215,0.167425928049254,1.23413958448774,0,0,0.0074610068,0,0.005763038066492629,0,0,0,0,0,0,0.22797560697884028,0.0,0.1533864351880931,0.7882724297774967,0,0.0,Low Risk
0.955841533549375,-0.459052987990831,0.190791433945497,-0.0542811287095446,0.0250274087344935,0.945917450016633,-0.346375081343505,0.421405248256514,0.329328026760932,-0.328993832294751,0.546077874939804,0.0217770311203766,-0.981428262904468,0.563269300675833,2.3260614938281,-0.883150800956422,0.928430728798343,-2.29871552813974,-1.56368458847306,-0.11976861213563,0.0252763365619284,0.0092296686513119,0.137248935544678,-0.927735358682829,-0.166101309788429,1.02684822301885,-0.0293221745029168,0.0020433936652259,-0.03902846046964298,0,0,0.000267977,0,0.0011607160230233608,0,0,0,0,0,0,0.01935177979117334,0.0,0.11185445040453203,0.9276735335465868,0,0.0,Low Risk
1.97456253765569,-0.847162288571856,-1.34803436475128,-0.22146365046182,-0.537039391988582,-0.964306711041085,-0.083295643062946,-0.421973489772395,-0.430514835713731,0.707923709510633,-0.976744149172293,0.47656115403563,1.25978357157994,0.0459851053206298,0.331853258026801,-1.84306409806848,-0.222892313037561,1.21733719679951,-1.0253310478806,-0.385685668124921,0.0169248603672922,0.557037105408287,-0.0848438195663491,-0.12938775980459,0.218024076163644,-0.0199323204928666,0.0029411789925629,-0.0361206646414623,0.07399116209087751,0,0,0.0007388361,0,0.0006143890575001098,0,0,0,0,0,0,0.04878861076413951,0.0,0.034969914701396876,0.8562912871844444,0,0.0,Low Risk
2.05439046614326,0.0444049982274646,-1.26818340435212,0.267989199274725,0.0820856085462096,-1.1279619474198,0.230812794974546,-0.36754740223609,0.597580989469351,-0.124424481831069,-0.248983001853062,0.869389975815198,0.830464594804207,0.330755805988003,0.779361977659147,-0.418631351428997,-0.456252715242018,-0.118658269350887,-0.336994392922468,-0.185449787395372,0.299856633942402,1.05114650327065,0.051871499837592,1.19333801646672,0.328675466080899,-0.481284202513017,0.0096205597101556,-0.0411212991861505,-0.3493332192312134,0,0,0.0065315617,0,0.0010904039737495872,0,0,0,0,0,0,0.07303843633842276,0.0,0.04051384205965818,0.5378067612353912,0,0.0,Low Risk
-3.77208944584595,-2.79827283213644,1.29409403829869,-1.48554826075516,0.363775619813269,-0.0225236962872735,-2.18084728837188,1.0701036207687,-0.126243299179147,-0.381659609461835,-0.345756215911687,0.24804502397241,0.0683054346252847,-0.679336809336105,-1.90097297898309,1.71280416993913,0.12189631459192,-0.589689829211287,0.650968260282744,-0.248913301175128,0.163012777370542,0.240931049724759,-1.55992549090564,0.376196832383267,0.271342207537412,-0.247876412552188,-0.175373871427185,-0.978613798606078,-0.30783944260917073,0,0,0.00038901748,0,0.000176359259089913,0,0,0,0,0,0,0.012240073021842244,0.0,0.05045822264331041,1.9077933044854654,0,0.0,Low Risk
1.39207255426129,-0.471801068357088,-0.362958705022202,-0.89122224949452,-0.334456839730363,-0.447765781868061,-0.304753483895364,-0.0317043108012765,-1.20511228943313,0.849849552567159,1.18536685122214,-0.612082728773751,-1.17031923596527,0.566248580792793,0.134367876989708,0.784370673274886,0.386631124895291,-1.29578784795637,0.699898609339283,-0.0318603603613322,0.231529586829609,0.550504680964399,-0.169325508039762,-0.287012892299443,0.693415013968883,-0.0482151108892342,-0.0240902348341139,-0.0181994967149791,-0.3133905830812246,0,0,0.0011810029,0,0.00021554216761350447,0,0,0,0,0,0,0.05918638681172713,0.0,0.023338128575348616,0.6516791811637748,0,0.0,Low Risk
-0.208560133579067,1.08285292001907,0.206718772117633,-0.638826478891486,0.461093251821618,-1.12186612064079,1.09139658113417,-0.267331183028463,-0.0319256323640277,-0.139405935815962,-0.694128698962201,0.777069844298649,1.18997886784782,-0.191850394058272,-0.51565143470352,-0.16954361723369,-0.482435395446572,-0.910823098658379,-0.125608393033183,0.169721812887453,-0.275864534859463,-0.49675597380565,0.0767353113663498,0.0679802968674646,-0.396433957998062,0.1385066069937,0.360286715597131,0.166461382195343,-0.31231230399672494,0,0,0.00011375993,0,9.238023320215327e-05,0,0,0,0,0,0,0.0109662673989826,0.0,0.022530068317938107,0.5110244948538955,0,0.0,Low Risk
-0.340773708198297,1.06392933684686,1.27555856191869,0.0714600252789749,-0.0565429918923371,-1.00819487720089,0.644763093618666,-0.0184380239452864,-0.249041120593978,-0.482715960475288,-0.375195438316583,-0.591174958983138,-0.84576518035418,-0.23760869927869,0.99942813096488,0.427372123942414,0.063792611862503,-0.020942188622726,-0.0846457700151787,0.0505757250598875,-0.275197643423784,-0.767934086119263,-0.0047675022268087,0.307964350129483,-0.193548310813437,0.0751008585778651,0.239580868685741,0.0961781186933649,-0.34302328977377095,0,0,0.002606576,0,0.001085680566456894,0,0,0,0,0,0,0.08579559544291591,0.0,0.011705447450235567,0.43908042634337785,0,0.0,Low Risk
0.192851472955176,0.298451698142933,1.11594086332561,-0.639917421072667,0.226625374487968,0.687928713885955,-0.154307136801783,0.206771296389653,0.639162065546856,-0.857908774554049,0.855471635358311,0.624949945330948,0.863498030301582,-2.10251746240413,-0.0326449357889514,1.42269919762488,-0.369952866847137,1.49814946791617,-0.56019617934201,0.0867501421296043,0.197972633072519,0.830013554471972,-0.0549471096687844,0.235663791260303,-0.730259232669191,0.383664623874046,-0.0995049005892037,-0.180777244088007,-0.2742530459401256,0,0,0.0024563137,0,0.0013050004097560595,0,0,0,0,0,0,0.07694377847288528,0.0,0.0728203950231492,0.6345476851581826,0,0.0,Low Risk
2.24685705664982,-1.30760554138533,-1.44964171112245,-1.66988250496214,-0.808767289007357,-0.629626213740731,-0.760671063833325,-0.180919832322486,-1.74721752840799,1.76417216342647,0.713944181817118,-0.278981557219012,-0.100744748600575,0.0893440093901593,-1.08241553503787,-0.646692428461674,0.411209985137117,0.0433679424969741,0.347492149939233,-0.394152019952917,-0.276636202451637,-0.437668971328466,0.284824714089944,0.720159447402355,-0.161691274345868,-0.334603301331016,-0.0301570566902739,-0.057609961778742,-0.20196841101625912,0,0,0.0020196366,0,0.00022815169500702703,0,0,0,0,0,0,0.01780408891391498,0.0,0.03160001422030438,1.1928541536286477,0,0.0,Low Risk
-0.135880951308189,0.409300961301517,2.04711523413263,1.49565245844154,-0.142386338361168,1.43590310629093,0.0981452351270263,0.240502323466129,0.617429023982485,-0.0350646473782572,0.382387696956851,1.30606385956269,0.000556361549571,-0.929007801408447,-2.07159764609106,-1.38720496960028,0.614581416811244,-0.550380140891391,1.62308444172051,0.024098989643154,-0.331838086280112,-0.331127259345875,-0.0201041546264322,-0.290879925516569,-0.346038464799233,-0.480360896518297,-0.139405100715735,-0.211640447166518,-0.24190467340513563,0,0,0.001395206,0,0.0023481387137804424,0,0,0,0,0,0,0.1493210579571065,0.0,0.07747380554601015,0.7903633693833763,0,0.0,Low Risk
-0.800653062034388,1.0721189656493,0.553026934215943,0.76899086960092,1.08957128480045,-0.135424452940135,1.48573774159215,-0.175635914219407,-1.20537330944288,-0.15968530511937,0.378917540330231,0.259171496561603,-0.499506745984604,0.680371925095795,-0.756528311608669,-0.909963944894707,-0.0791345660750603,0.262801082368281,1.33842708292312,0.010911059983871,0.102017638662117,0.353100601141224,-0.579067403214175,-0.376136233178271,1.12561790745866,-0.192662282248436,-0.0868906130376499,0.0536934491753063,-0.12349365542211681,0,0,0.005012448,0,0.0033839891661382846,0,0,0,0,0,0,0.16226367520639515,0.0,0.03433370950296378,0.48780617445782876,0,0.0,Low Risk
-1.31413575552585,1.00589729145108,1.56276754885968,-1.95444748320832,-0.877278681793262,-0.556039318292949,-0.459561878430162,-1.36309126659807,1.49375332384127,-1.5271520044777,-0.779582629709748,0.707020654392991,-0.107251141322313,-0.179297713096078,0.449378523188083,-0.206721559272691,-0.283754233798644,0.29102327107042,-0.173788794689351,-0.552044197470514,1.63955284810818,-0.0338468502986724,0.0759185920971147,0.367198179221443,-0.146966934412821,-0.944026419023079,-0.159440093514007,-0.114448254438899,-0.3493332192312134,0,0,0.007762821,0,0.00203983130367146,0,0,0,0,0,0,0.03206171792857192,0.0,0.10395733951399051,1.0933638684259064,0,0.0,Low Risk
-2.81092395131417,2.63978526492871,-0.0996677901566167,-0.306793949434358,-1.19834525878834,-0.79536690534865,-0.424691233179617,1.37447280281873,-0.136133161093563,0.911011145931912,1.0711244422803,1.35550067240822,0.535788585377095,0.758259726469043,0.0925128778086774,0.604787340179613,-0.245962630970325,0.111357307844533,0.136855309464096,0.472259223593103,-0.260754992934408,-0.562727093749097,0.116916806547467,0.302193156145609,0.0824477446311248,0.0262218996311606,-0.0334029383970437,-0.2838662437054,-0.30544326686583817,0,0,2.6018472e-05,0,6.594926954636985e-05,0,0,0,0,0,0,0.00027259628407771025,0.0,0.005037909495793342,0.9225459178315643,0,0.0,Low Risk
-0.445070567869605,0.944564232301917,1.43427109856286,-0.21797657684789,0.114450883855335,-0.388309198379423,0.583298573715495,0.119421083757527,-0.584717994441121,-0.136397661435891,0.946740112946289,0.357629569453828,-0.315668837935628,0.383520327314623,0.207743267786245,0.507729711100039,-0.746761738227268,0.292955835673137,0.429974818067812,0.109704080733561,-0.198676865904851,-0.570588368845004,-0.060005327218713,-0.0309163262533045,-0.188505518705391,0.0753555604782389,0.257158731157818,0.107218617733507,-0.32465260907488774,0,0,0.00020709728,0,0.0003406754483963673,0,0,0,0,0,0,0.02653326929442927,0.0,0.007797453387244695,0.3385169594612035,0,0.0,Low Risk
-1.50600868058774,1.37874262184447,0.307322141611359,-1.73251767922122,0.0922585042697031,0.387405953486538,-0.26771520737455,1.15128043143792,-0.430526647875958,-0.760687835470962,0.0574445872996924,0.95876725455201,0.90588279264245,0.524389280750248,0.0242451496613453,1.09352280336472,-0.850151970795892,0.122014668927841,-0.286516191567953,0.0031771263013787,-0.0316511084808621,-0.201772153456698,-0.113591748705199,-1.2954097860789,-0.143228942007418,0.822913811391162,0.132546970975933,0.0758525302434111,-0.33859036464860565,0,0,8.05616e-05,0,4.776893055909922e-05,0,0,0,0,0,0,0.0004074270897235392,0.0,0.00841061403169244,0.7289218390640146,0,0.0,Low Risk
1.24567381944824,0.166975019545401,0.488305742562781,0.6353219207244,-0.562776680773863,-1.01107261632698,0.0149526614685896,-0.160210863301812,0.17036185217373,-0.0445745893804268,-0.35674901847752,-0.0734595173503765,-0.517759694198053,0.406968934383731,1.12414692288685,0.342469754110769,-0.374656440051376,-0.438992432436683,-0.116090785002835,-0.132079724302295,-0.262580846041176,-0.816263763157847,0.140304302014326,0.357827249299806,0.186422945723389,0.0965444707905616,-0.035866315294695,0.0184945729704665,-0.3174241455825011,0,0,0.00065532775,0,0.00012409406458714512,0,0,0,0,0,0,0.04759815854974747,0.0,0.007082880161332833,0.40086982052990033,0,0.0,Low Risk
-2.28499605787079,-0.156869142637306,2.80511664197705,1.62535650845753,-1.17837862906551,0.584607357111232,-1.06009218615271,0.816268110207705,1.35314793850961,-0.484194915836935,-1.6569213041459,0.560248466993947,-0.0419133551018564,-1.13761865538936,-1.12207062514198,-0.676799743706813,0.672850761106851,0.337007875674346,1.01315266578158,-0.144415566540989,0.105261159907514,0.924165388082408,0.151743735117857,0.457187826913341,0.623968450095408,0.0175287435958297,-0.172090586532497,0.385422451517393,-0.24837434791213361,0,0,0.060170535,0,0.004379971379695104,0,0,0,0,0,0,0.12146333277290187,0.0,0.24604812777225632,1.1011391597726172,0,0.0,Low Risk
1.13825779740508,0.200468713396274,0.54342071719805,1.25957238125571,-0.488120754775871,-0.848864128870229,0.120023806212203,-0.128991956087265,0.0791885821403817,0.0238413513691621,-0.42431558749825,-0.0728758619614549,-0.605572424470436,0.473043038954862,1.07440641391749,0.334628897053649,-0.457007073716117,-0.342371345546454,-0.305235888425419,-0.0964371876766509,-0.303648355036598,-1.03287170487463,0.138451296143924,0.314717001236368,0.23521267704478,-0.715366471733566,0.0120154104245955,0.0382530478920443,-0.16762322536182533,0,0,0.002236415,0,0.0002706370412019628,0,0,0,0,0,0,0.08832938358066898,0.0,0.007534171720517624,0.45187236046624396,0,0.0,Low Risk
-2.52940951814976,2.38760503896847,-0.935258594124088,-1.78956590594638,2.12072165632481,3.24099432212032,0.248344628327875,0.81863816835741,1.53280998593935,3.0415286297233,0.138912172530256,-0.247013244242459,-0.0838013161882638,-0.624010214176185,1.2248301395827,0.238830688732517,-1.08616708500807,-0.0907236468565637,0.0894399688879221,1.55857716818955,-0.639939769616194,-1.09701372581037,0.0239156522487144,0.943470674337826,0.458797068152611,0.103077948095758,1.1290588436061,0.571986691223331,-0.31762382689444546,0,0,0.0004360055,0,8.421809528563085e-05,0,0,0,0,0,0,3.307282496430504e-05,0.0,0.19997010610590304,1.7361449330826138,0,0.0,Low Risk
-0.969230956692626,0.948492087643739,0.694199212866608,0.206173956574262,-0.722752421821147,-0.736867887926777,1.00374398349825,0.262362050151172,-0.726979520107667,-0.910058379894191,-0.257656297429936,0.367218198158826,0.837635871793742,-0.220440035619533,0.798233472462725,0.513601826915415,0.125405940546541,-0.105522174683328,-0.141754889812987,0.430302252759123,-0.110782715962854,-0.662181895129459,0.446802064853917,0.323693467245262,-0.0421455916090957,0.0669388674092265,0.0630754581315036,0.0494486870037057,0.3654859412672871,0,0,0.0002585568,0,0.0004789471163321832,0,0,0,0,0,0,0.022782714111748432,0.0,0.007359241162194503,0.43241480390417086,0,0.0,Low Risk
-0.05615502207528,0.892883440539514,-0.306417421474758,-1.01762347952025,0.985266990659195,-1.7730489092006,1.81612143423312,-0.599550375570125,-0.500444116924326,-0.0892172860604203,1.32619541389,0.48372590752618,-0.837922663628982,0.817926020459414,-0.851273624201215,-0.701668997843568,-0.528161006334196,-0.0529545339061343,-0.0541943529297598,-0.0048418676447802,0.288808003063285,1.13765122911346,-0.196962411931168,0.592560153503274,-0.447002765680435,0.0061190870128239,0.221730458853042,0.042268533871752,-0.30408543394461635,0,0,0.00080592855,0,0.0008680969487241251,0,0,0,0,0,0,0.10879011684089528,0.0,0.023935241907063927,0.715637277289985,0,0.0,Low Risk
-0.418359265967226,1.08731775832681,1.40504683032562,0.0916721603888105,0.0797393132329125,-0.702638979383897,0.648220071928503,0.0355253371762561,-0.446249429665571,-0.561082892418036,0.330029898126509,0.204337295941457,0.210945509622171,-0.414411259636032,1.10391169201214,-0.0130031098468571,0.395792682875917,-0.71383162615578,-0.573645559900625,0.0884947994610268,-0.210948482573164,-0.501791561271545,0.0584118074860252,0.35337473228598,-0.270101476477766,0.0807720927222817,0.262754736136149,0.0989026639419151,-0.33539546365749556,0,0,0.0032689173,0,0.0009819962531021624,0,0,0,0,0,0,0.0657487433831661,0.0,0.009366883088131831,0.4040158290163063,0,0.0,Low Risk
1.28657565698773,0.351181050561965,-0.26984975647649,0.734437748883287,0.704964205709026,0.374550464282933,0.182613157023506,-0.093842117242534,-0.140191814735991,-0.0719297126527608,-1.16527783695895,0.67184734901365,1.91066865067531,-0.0276444896471394,1.13163244996673,0.100206281561671,-0.772015678248883,-0.210365446475215,-0.288618558375886,-0.0070428293380144,0.0969780745851597,0.45366196386247,-0.334052816515743,-1.25201039810266,0.933213435858731,-0.108651551419556,0.0401809843774848,0.0064779901861573,-0.307759570084393,0,0,0.004186989,0,0.0023324787124182423,0,0,0,0,0,0,0.03068856441102161,0.0,0.035877365289017964,0.5234585154284339,0,0.0,Low Risk
1.86460703303802,-0.707695756861548,-0.202570082397119,0.437278152341936,-0.746318125945933,0.25277517093392,-0.815133659480923,0.265974179425388,1.80956236085147,-0.257216850530498,0.0390915680069023,1.00347829122958,-0.839138460713252,-0.122838863997988,-1.00108235624482,-0.0982857943125721,-0.432598010472027,0.349873884824079,0.666811770436952,-0.230811662582851,-0.169570356006141,-0.25157168592635,0.234627457917654,-0.516795906248113,-0.287178273286294,-0.852984703585812,0.0699081446454648,-0.0382847167705712,-0.20556267463125802,0,0,0.00432068,0,0.0014842696898942275,0,0,0,0,0,0,0.05109459192764081,0.0,0.009683025272202286,0.6258306863657497,0,0.0,Low Risk
1.06305097018909,0.207987197647833,1.63203248954841,2.64433968209236,-0.836035158842756,0.362261175835072,-0.648490264027798,0.295243963009382,-0.171857549000326,0.659129813316687,0.935367007371401,0.951528895504865,-0.0255263054982224,-0.216147291165791,-1.02407330041294,0.755766553460183,-0.595116460024048,0.222424945991864,-0.630541215110831,-0.149486057566249,-0.0190119217170387,0.0584299446059374,0.0553213756683579,0.538796117910003,0.241342183551908,-0.0741934843180003,0.0391633724868474,0.0282819385699005,-0.34090666786716045,0,0,0.014451249,0,0.0022503755926797002,0,0,0,0,0,0,0.18725792397951976,0.0,0.15794985714271106,0.5587008188860975,0,0.0,Low Risk
-1.29500787954255,0.834825471556604,1.63339244691617,0.438127146290385,-0.465805073352223,0.579318301450661,0.946931217367963,-2.21483847518967,1.82231702330459,-0.278971840427047,0.818843773963951,-1.90295838408016,2.0182367589803,0.612349083602311,-1.13234021099336,-0.998767597678663,1.0586309172575,-0.803822013819963,-0.362469951852354,-0.526286732326942,1.18782164072975,-0.144214832783264,-0.133857185673434,0.423456555745882,-0.300266594200666,0.290515618462671,0.226175181708108,-0.358428364093204,0.4905663150692483,0,0,0.073681325,0,0.02938965162538637,0,0,0,0,0,0,0.4393090087694194,0.0,0.25119717327567337,1.159972693570365,0,0.0,Low Risk
-1.11764316965141,1.2210026003671,1.50072027994577,-0.524994860274121,0.355423081492689,-1.09960578821531,0.927889297556733,-0.243783855866357,-0.37842501499624,-0.629580389986943,-0.165318676498854,0.249335742885506,0.714872989712219,-0.726255408468693,0.366808605940358,0.587292335206151,-0.377803628033588,-0.33322390445122,-0.843402386469489,-0.0899552882787876,-0.2371876606015,-0.630084653381426,-0.222896684061228,0.35658640403868,-0.112566977019783,-0.147726189440436,-0.656645462158839,-0.450990851869066,-0.34977251811749105,0,0,0.0026959942,0,0.001556579592598355,0,0,0,0,0,0,0.02895389706398391,0.0,0.034581172778298794,0.6494054516224727,0,0.0,Low Risk
1.0694050467343,-0.0705671223991988,0.33185914329869,0.33856762785239,-0.15076062052114,0.0087470737887092,-0.0340528789419837,0.0760312422158827,-0.223488012291228,-0.0045157808633549,1.48530069923775,1.19775377031757,0.53403995941389,0.400178530954926,0.592927899043892,0.330978259188579,-0.512718113533253,-0.518798275125573,-0.0074256365687553,0.0547307269505214,-0.251113266433013,-0.883287413523143,0.118204641368739,-0.313186547721342,0.0302091162450412,0.126969349697094,-0.0344823954053218,0.0149162915241345,-0.0784056151850752,0,0,0.0004826926,0,0.00011687279413569568,0,0,0,0,0,0,0.013932710502717119,0.0,0.008464021911281422,0.3521497459518047,0,0.0,Low Risk
0.0847181462083046,0.965671674577526,-0.341481655340823,-0.634275977288024,0.910754299417927,-0.49481121205404,0.863066046869392,0.0625569383269694,-0.292189024242938,-0.672118078122239,1.13696770460698,0.535681369646806,-0.279591153753055,-0.77245134173024,-0.881854049109602,0.443111857671822,0.225685125078035,0.173628340520221,-0.0565333118585904,0.0137417188826089,-0.276782998519189,-0.690680705455598,0.113089373963781,0.596019459716835,-0.487289259732835,0.0928194424706709,0.219841204238872,0.0746003150984279,-0.328446554001831,0,0,0.0005025271,0,0.0033269356595841282,0,0,0,0,0,0,0.039578242095536106,0.0,0.03523916641069743,0.4477747108052975,0,0.0,Low Risk
1.06776446076271,-1.62704047316566,-0.012346613627877,-1.13680344349115,-1.60601475769198,-1.02385444708922,-0.414319107367201,-0.402619792420359,-2.07249760771321,1.33440034293827,-0.372505090914604,-0.577499998226174,1.12015872931053,-0.291507974484418,0.46530532345967,-0.511898978784333,0.51949068376902,-0.0718836500983232,-0.324195755826988,0.197943904709367,0.0046992312377183,-0.100951689233827,-0.253301210936022,0.419326232476656,0.452757915895756,-0.143338418581329,-0.0218697639594396,0.0590853113814176,0.6642491201984724,0,0,0.0008926398,0,0.00042018174867709574,0,0,0,0,0,0,0.039849343892265195,0.0,0.028745448830158775,1.0141883834847412,0,0.0,Low Risk
-1.50494459549947,-1.60212951520454,0.821578569994596,-2.34201293505109,-0.168113276891297,-0.524853763892699,-1.26314405659096,0.275134295250969,-1.60321746118757,1.09459419261287,-1.50232115530406,-1.54050060917982,0.018166022701038,-0.446595117940976,0.479958472706037,0.108788497865763,0.0854544926200562,0.286067317945246,-1.20187577761075,-0.534288280851179,0.0595353177716672,0.437294282425304,-0.306721711709441,-0.773493971431304,-0.796223791927838,-0.383826928663008,-0.293588485902077,-0.109695304770044,-0.30540333060344926,0,0,0.0027856233,0,0.0005571456834933869,0,0,0,0,0,0,0.018146063035961675,0.0,0.05799855006322127,1.4451502481979766,0,0.0,Low Risk
1.86688586801739,-0.421962413625152,-0.415009043875177,0.271517524019709,-0.388588707651398,0.0042232025818086,-0.494932649825468,0.0905681223780928,0.870877296803061,-0.0461105768074628,1.0482482287889,1.64321211422972,0.884674004433435,-0.0122373607624331,-0.0958922176111379,0.371068154745196,-0.851812182823639,0.228452636072195,0.193060382077247,-0.0454758016212311,-0.0961885412540914,-0.25509625732849,0.352532467018199,0.743673138370054,-0.431323312660048,-0.685506153282236,0.0239300376351522,-0.0241312646566966,-0.1537254060504963,0,0,0.001509433,0,0.0010390964630548477,0,0,0,0,0,0,0.018642329062079833,0.0,0.013160206062543122,0.48158358222298314,0,0.0,Low Risk
2.13474238242132,-0.705772724279015,-1.37340885840743,-0.866851294562194,-0.35235573318472,-0.117266179269019,-1.02611664649147,0.0782382956310326,-0.222773231605638,0.236018289803328,0.99409676870646,-0.0992195251798043,0.488787986361017,-2.01128256286295,-0.326349184954987,2.00337040565877,0.921647279092809,0.187254806845119,0.668609117631133,0.108117160708782,0.259982002062316,0.783637909225869,0.0674581488734307,0.189084550528348,-0.0918764537505922,-0.114951205228914,0.0213905132275491,-0.0180768770704901,-0.2736540020042924,0,0,0.05188546,0,0.011599982634638245,0,0,0,0,0,0,0.11506992014574241,0.0,0.11470549065700489,0.8536733613848378,0,0.0,Low Risk
1.20916817588602,-0.32697771770619,0.92488233761701,-0.706148330401341,-0.924610811721909,-0.260536123593291,-0.758002315870156,0.0490810490811471,2.86139012101459,-1.2873815382521,1.9218888633006,-1.16215072292053,1.61628481447795,1.45673579385219,-0.145102852183493,-0.18024496291903,0.215325282808641,1.06046912334751,0.762184310280763,-0.122467357844191,-0.12564752831776,0.0778933318243698,-0.0869742795887262,-0.032074944176149,0.488210825736786,-0.723592227432668,0.0608970738835173,0.0173582215504969,-0.3060023745392824,0,0,0.004385977,0,0.002163248353845014,0,0,0,0,0,0,0.045705209706425685,0.0,0.04793368465199187,0.914911143139999,0,0.0,Low Risk
-0.532436809467926,0.935888986842468,1.64330306663389,-0.143924896700864,0.0982221776822654,-0.223913560589613,0.536847399173711,0.197588203162828,-0.697182618734586,-0.193298743408308,1.73070708790575,0.879349945861408,0.0559533038210819,0.347913949387077,0.36756878247233,0.0354028003557826,-0.300646189649044,-0.390763076564627,-0.133580712620115,0.0922425056982852,-0.12987050055692,-0.318274673059107,0.0295661297996186,0.208941832191078,-0.316507729667824,0.0701830252003584,0.277494889191806,0.110456449767652,-0.32960470561110844,0,0,7.267095e-05,0,0.0001218299796392293,0,0,0,0,0,0,0.028503787850674128,0.0,0.006890133438771297,0.3699364711545662,0,0.0,Low Risk
2.01075555795595,0.152902714008744,-1.59503404276183,0.32957572493898,0.479230190185516,-0.557103081795901,0.118878912416787,-0.114253989203054,0.116140003076558,-0.238414714623884,1.45847866375408,1.28078745127533,0.633911295021445,-0.768595239565931,-0.536516975259852,0.369906621346662,0.304589522112669,-0.0439900762530232,0.198540149605905,-0.112315201662947,-0.287251232941282,-0.719359398703261,0.347676331555146,0.629153547436555,-0.30384782671127,0.145921611153687,-0.0586421250286303,-0.0378613190832439,-0.3454194655171035,0,0,0.007877717,0,0.005130982130956343,0,0,0,0,0,0,0.03922257384260187,0.0,0.02036628953025526,0.5224341772276498,0,0.0,Low Risk
-0.454672502501037,0.235715149780696,-0.165567547901248,-2.7488862849407,1.53382026846436,-0.485112068296783,1.52248420175676,-0.494747123174309,-1.72311686478849,-0.0387974966631516,-1.81834523498538,-2.07884985027328,-0.876909927929089,0.137904635545219,-0.359280857072578,0.853065450873903,-0.27572231245983,-1.20847909999469,0.469920312221394,0.197922661100652,0.238685639899543,0.56106260631567,-0.729580128314675,-0.345699761933607,1.43813026532527,0.130186840521711,-0.259222933189221,-0.211618969067241,-0.1656264122423815,0,0,0.00076496816,0,0.0001337279685123092,0,0,0,0,0,0,0.02750577526584124,0.0,0.019955289984349638,1.3857634699021046,0,0.0,Low Risk
0.119009449759909,0.572048877548318,0.448565676799142,-0.79709673688654,0.289288224352934,-0.171457044994788,0.272318323869646,0.205328344329929,0.3287267191996,-1.21542085584195,1.1251641933022,0.682402887320691,-0.0196587125422289,-1.26067785011817,-0.30809846222198,0.860724395215264,0.0577466412886279,0.90206222644236,-0.0950448993199224,-0.0672894606925018,-0.137027245328103,-0.400157527428335,0.18243129659143,0.624883314083268,-0.724489935774908,-0.415626724896154,0.0526588535273996,0.0415403784086662,-0.2736540020042924,0,0,0.00093953294,0,0.002198954389800474,0,0,0,0,0,0,0.0581332036753263,0.0,0.09142600684959218,0.49815539531617636,0,0.0,Low Risk
-0.488296056485515,0.812421534601446,1.67000500485629,0.0523040295529777,0.441274863557621,-0.681784960947235,1.04127599292936,-0.449721094185438,-0.0943001042698735,-0.0267221044043896,0.54432046224306,0.0930600965087202,0.302872783562925,-0.899180834386487,1.16899137197523,-0.187834091950411,0.168228255303451,-0.787081853364705,-0.548435858581141,0.191901643314969,-0.310309402295741,-0.4223975229472,0.139530813081482,0.353986609850694,-0.290946118779736,0.01753700725897,-0.172269865952054,-0.369730936087427,-0.3153474599382795,0,0,0.0010492922,0,0.0004742745597760013,0,0,0,0,0,0,0.10763592365686332,0.0,0.027582393588260885,0.4706301907578564,0,0.0,Low Risk
1.91084894687307,-0.0309481561628892,-0.178945243660622,1.15398479171253,-0.413302194654495,-0.348243043969135,-0.402829560052073,0.0474687831734027,0.371800290619826,0.385460332033755,1.15191373375708,1.20798763516698,0.363913276604171,0.31846462746931,0.306698666891073,0.693499481760053,-1.03640263731648,0.302852375883835,-0.439840611897826,-0.229093546190344,-0.0721726178551721,-0.174494674511235,0.388359871659663,-0.0574856624758102,-0.461777336581722,-0.986773077706493,0.0511979721258275,-0.0332774895790047,-0.33739227677693934,0,0,0.0017979394,0,0.0007069940408969445,0,0,0,0,0,0,0.05923817779198657,0.0,0.016015381675672166,0.48849472535281874,0,0.0,Low Risk
1.67920190677946,-0.934298042594592,0.654501228541597,1.73639001025005,-1.45171280492732,0.415816443298729,-1.21825257956324,0.324311114984278,2.09820082586814,-0.0735509342248123,-1.61584878962652,0.215459828296609,-0.735684169152116,-0.711098072330687,-0.42573378830932,0.175789460523438,-0.289420039638656,0.391725356946813,-0.549131040048564,-0.130494900444903,0.228531926395226,0.845283076960838,0.088184636883062,-0.0225374514070544,-0.280734038500957,-0.526312245411666,0.0992984214870111,-0.0030089865904799,0.04703418497838587,0,0,0.00878291,0,0.0004967464826882663,0,0,0,0,0,0,0.23652189874366764,0.0,0.03597537628563495,0.8375411404376983,0,0.0,Low Risk
-1.10535144600202,0.833340338014372,3.17939819753606,4.2935115195431,-0.266346268351751,4.1896208247279,-0.964759058888661,1.18300630877558,0.336548993101381,1.94536189074035,-0.485143859889704,-0.849171354035402,-2.17649925376623,-0.984880421182804,-0.63405432997786,-0.920367349385477,1.05799647352137,0.0157424900216343,0.960244288208469,0.439836005264382,-0.0065241726784293,0.911948175729087,-0.351774219068053,-1.65105589582782,0.0162516812419489,0.777730168520409,0.549754776817576,0.0293604637174822,-0.16323023649904891,0,0,0.024797514,0,0.003793135079563532,0,0,1,0,0,0,0.5423080430538534,0.0,0.1423407443007183,2.10814321683106,0,0.125,Low Risk
2.04183489380829,-0.117488094153156,-1.18006983751351,0.226492283724157,0.0598000683845217,-0.708860517729584,0.0672859321654188,-0.161052296847784,0.32075471208738,0.245927753601847,0.652546770531384,0.962071211018705,-0.0769552418072228,0.475185201298415,-0.624756209310588,0.189694102160507,-0.648585666648772,-0.25621172737622,0.556862180972968,-0.210178145487367,-0.259874084681515,-0.654673685699574,0.289618249183813,-0.339064747756979,-0.289640379226854,0.198669635206191,-0.0757033318045873,-0.073597833182153,-0.3461782545024921,0,0,0.004115779,0,0.00037295809560900623,0,0,0,0,0,0,0.018650509383973002,0.0,0.007145297469302154,0.5297434768091116,0,0.0,Low Risk
-1.13606979614088,0.404888842897802,0.548007978612963,0.161686015298377,1.51269629872588,5.15890530674526,-1.91961914307073,1.18263488707334,0.86207483878199,-0.446797517392093,-1.02471947939016,0.41325993733663,-0.10820406202604,-0.384303046140646,0.0455243290838743,-0.225301609847454,0.0931746204179023,0.584528502461511,0.404658604807407,-0.119064813500582,1.01698456884238,0.74372133026316,-0.0906734428990368,0.717581478943182,-0.40643588992449,-0.347420882312244,0.530735609207638,0.133736610125901,-0.3493332192312134,0,0,0.026469178,0,0.001256433502545624,0,0,0,0,0,0,0.00701317877345621,0.0,0.13395951345047072,1.4613531592792406,0,0.0,Low Risk
-1.1079210766825,-0.425107267987749,2.09075412400457,-2.46633221670022,-0.260035597540134,0.51235504925031,-0.33336492381695,0.39112542674978,-0.491197548159581,-0.272227187290242,-0.923101352680142,-0.604446179898998,-1.02053273721804,-0.480029788930869,-1.50476579476211,-0.120502982528475,-1.10671535362711,2.02060906447408,-1.27791506536364,-0.658959667329262,-0.48236871098452,-0.978896192829306,-0.170758831851103,-1.03902482660371,0.286843052926071,0.781515980126622,-0.146914100956189,0.0211539402641836,-0.2655868770017394,0,0,0.0020905393,0,0.0004379433075669841,0,0,0,0,0,0,0.00463009362814754,0.0,0.07863748228691657,1.4006232769290181,0,0.0,Low Risk
-0.31034925188808,0.94016017263978,-1.02046395982368,-0.726652034719648,0.942542535270439,-0.0787158922694153,0.557947375795874,0.431457419830331,-0.363900777775267,-0.352252506346545,-0.226801450225178,0.341071011946477,-0.0825966119090788,0.926495688362942,-0.142967143844005,0.17394766266939,-0.884572518483793,1.05746556121254,0.659564353869861,0.0034790630811534,0.420181396986786,1.19416114518253,-0.10568857365673,-0.119471484970464,-0.660259490809023,-0.2180332674201,0.367107042805196,0.233225929768125,-0.2455388732825234,0,0,8.26158e-05,0,0.0003307209257878168,0,0,0,0,0,0,0.017391129435207084,0.0,0.017191971146123624,0.4396907984436182,0,0.0,Low Risk
2.03735738145508,0.34731146917619,-2.6300816871621,0.285806523637767,1.07352267685896,-1.13034091896273,0.764407238057595,-0.390764780449254,-0.475226494745608,-0.159655261366576,1.59811551879068,0.912841503330717,0.419644182284281,-0.453582612292475,-0.332271008015181,0.12091774335056,0.475228349353863,0.249992240241188,-0.020968040284772,-0.0780705386435664,0.131758335531482,0.428752612271986,-0.0247873838283384,0.685078502445926,0.312580892672244,0.629975439845621,-0.110744480350715,-0.0540504883264948,-0.2576794970487418,0,0,0.0009950526,0,0.0005840106084742241,0,0,0,0,0,0,0.10043292811680625,0.0,0.023888725861657238,0.5976294140812599,0,0.0,Low Risk
0.211328968200007,0.24033613882231,1.89562152395618,1.63812669218183,-0.639267401541687,1.30349623752626,-0.735077186949197,-0.350328949558229,0.595273678522229,-0.343647316047496,0.725285814245267,1.83456359139599,0.0795286195287606,-0.562438535968696,-2.13501631226697,-1.17197061597625,0.784885620792215,-0.826564718916973,0.984811212877288,-0.180910620970632,0.369115830409999,-0.973658171725494,-0.0812099790226243,0.0233373927780878,1.08207152419895,-0.325939544743108,0.12827723536317,0.0745509577214797,-0.28351825881434495,0,0,0.030225206,0,0.001653875807933817,0,0,0,0,0,0,0.10690384278209726,0.0,0.07349279089003521,0.9240811578600066,0,0.0,Low Risk
1.44794033270102,-0.878032676110463,-0.167333789928409,-1.42894959298807,-1.02286600124297,-0.998683730034306,-0.433220348504046,-0.341700078796742,-2.60837992996164,1.62043983806617,1.39734864690316,0.267500477540524,1.25532871180405,-0.0169660683139687,-0.527056899213607,-0.620012329004785,0.361266885567367,0.131981987979337,0.146322387217396,-0.19766078697215,-0.0876168549003987,0.0798331786308083,-0.137951109394313,0.355666862705218,0.670471629298625,-0.107389075464557,-0.0074142080451866,0.0047262860331453,-0.15364553352571855,0,0,0.0003391367,0,0.0002191694355173488,0,0,0,0,0,0,0.02800732634521381,0.0,0.018741629537880222,1.0060704925875588,0,0.0,Low Risk
-0.690427068022278,0.350877956558832,1.69959200319023,-0.832878984815277,0.170929921540375,-0.258965117769619,0.400081445752632,0.0415173049560956,1.30171375885521,-1.25498169723768,1.35456072849968,-1.82972401654311,1.25901709796684,1.28973212782749,-2.36091516306607,0.0620327256345865,0.303975313539769,0.295123120224079,0.114479809228154,-0.0390860395092485,-0.109552992297371,-0.03962148825038,-0.169670503862167,0.0165767033073417,-0.0574831395251231,0.898678575789195,-0.030767147282673,0.0853581978404741,-0.20995566349403444,0,0,0.00052237866,0,0.00027345651232129107,0,0,0,0,1,0,0.03552054489996634,1.0,0.05047269840112765,0.8446974994317661,0,0.125,Low Risk
-2.4108986716803,1.69714975237175,-0.989587504253436,-3.76560378179589,-0.397446436272634,-0.0931698349516052,-0.431999441269582,1.30078208194125,1.28064360527914,-1.38126247318885,-0.331567036992938,1.87651041700314,1.2149371414103,0.419448067422682,-0.702504429369421,0.785989610461582,-1.08091691793406,0.555722781465858,0.0852375337259428,-0.176160937687521,-0.0725085436960704,-0.449054330586633,0.0832313557193039,-0.310836389625141,-0.215344204371997,-0.828245427718046,-0.28016902353622,0.141754296517683,-0.2489733918479668,0,0,0.00010215285,0,5.885965098292319e-05,0,0,0,0,0,0,2.407969384186161e-05,0.0,0.020320509216201887,1.6681104522221306,0,0.0,Low Risk
-1.31916869733851,-0.56856120725852,2.22335799041384,-2.3011319924657,0.0693104856119358,-1.60645458630281,-0.211256791426606,0.0619808334567909,1.06187679026442,-1.79075824434062,-0.417349469779337,0.10696770541173,-0.407559398391313,0.0197267374403651,1.57139746004186,0.0547705363567702,-0.503801188786291,0.373921498474831,0.039602002072479,0.183585716679279,0.151376173415372,0.146663659862937,-0.0967804839272886,0.408385021816367,0.34940527536221,-0.144804436718437,0.0101299326957461,0.0855966658615285,-0.2538855521217986,0,0,0.0012751137,0,0.00026709593657398375,0,0,0,0,0,0,0.02015205181497287,0.0,0.04818233115604233,1.0088517101253363,0,0.0,Low Risk
2.0224503414735,-0.302457212255637,-0.456156035676637,0.313193564534906,-0.358147649337689,-0.159320566375359,-0.558989489746565,-0.0786502737754464,0.926050911257455,-0.0081859298220996,-0.7806785664302,1.06838674287474,1.811477314661,-0.524273920565665,0.419158779845883,0.35279746453781,-0.70558947021754,-0.0264746384451462,-0.314742838098214,-0.0585383391321621,0.250798436138003,0.976830938836355,0.121741867000227,0.773216141071159,-0.126637489334184,0.608143390152375,-0.0181660295533914,-0.0399417544808253,-0.327488083704498,0,0,0.008654514,0,0.0009131592272037403,0,0,0,0,0,0,0.022713841066833898,0.0,0.024982655750189934,0.5459286154666235,0,0.0,Low Risk
2.05403452566545,-0.0986434864276133,-1.23889085226563,0.186463038931147,0.162944228750261,-0.612461320290736,0.0833509573925143,-0.167706797122318,0.286744968983188,0.237701234890997,0.563064357292592,1.0677455347943,0.246166212128757,0.406817447164455,-0.645835281009729,0.221376163230872,-0.722376374187956,-0.241566526516602,0.613986938802014,-0.187174171862129,-0.267061695135639,-0.658993530192479,0.267169737562451,-0.487672907596196,-0.258569800037653,0.207432949022965,-0.0738801132958196,-0.0746360844455567,-0.34817506762193595,0,0,0.013204585,0,0.002271412618437405,0,0,0,0,0,0,0.015217410705465177,0.0,0.015330836978525868,0.5425988712980633,0,0.0,Low Risk
2.13142518190586,-1.79548297024975,-0.0188307704483017,-1.59707565178042,-1.82746086019229,0.325059639098804,-1.95790732464657,0.263066788481856,-0.790878110156533,1.62204079098155,0.596618231138285,-0.146639945997857,0.241268674215014,-0.677123982898478,-0.500341718668288,0.0691864649412985,0.134100655430793,0.743164075795991,-0.119618051544387,-0.351406766186861,-0.0770363839917704,0.198371997668525,0.360050020570884,0.66692104473429,-0.598163703617194,-0.297793718515643,0.0540440462652418,-0.0286694877497002,-0.18200027982182088,0,0,0.0005554291,0,0.0003243089847356192,0,0,0,0,0,0,0.017988723662756577,0.0,0.0651110173200871,1.1051251764603187,0,0.0,Low Risk
1.99414192138583,0.200931022896016,-1.60260634635469,1.40241304567676,0.441605900909452,-1.13452813905388,0.693463697241698,-0.445447026259657,0.143483254704611,0.238818817948807,-0.908736867553447,0.522389791336412,0.111092681545746,0.464053222007379,-0.557127922665076,-0.754466701422693,-0.147293331937158,-0.702443617980074,-0.231920679279531,-0.24136598166419,0.0651257272387211,0.395176438033352,-0.0221565500623429,0.0034179936916098,0.464005145379434,-0.492636724654671,-0.0156334698232476,-0.0580883733322514,-0.2470564512533007,0,0,0.00022481664,0,0.00010841081214426514,0,0,0,0,0,0,0.16117730453379994,0.0,0.012769969347711557,0.6555069345317958,0,0.0,Low Risk
1.27661031059314,0.610067533564127,-0.823159091186249,0.965584278613593,0.670500815959363,-0.261908621978066,0.152783686410491,0.0027397222580599,-0.200462341173351,-0.497402822532299,0.699524739450449,-0.0587036565822867,-0.402741923907064,-1.11753233835339,0.525166597682597,1.15510069443204,0.245543768529967,1.5257612001447,0.1073785610333,-0.0787639437275417,-0.0981471102095042,-0.262564539552672,-0.274847763360588,-0.983896618496611,0.801221810416842,-0.270870187776517,0.0268714382585983,0.0344840546922584,-0.3493332192312134,0,0,0.021181505,0,0.008546884451834932,0,0,0,0,0,0,0.2669194560848148,0.0,0.134216831892629,0.4463092919567129,0,0.0,Low Risk
1.30112023188006,-1.03552858164169,0.0200092976046263,-1.4118110941809,-1.04205841201007,-0.595749914697653,-0.491835040588351,-0.178757778626959,-2.60098499465944,1.52014247585553,1.86726950285904,0.473676288651738,1.12308492383249,0.0384890707813238,-0.251121351855492,-0.843457872417303,0.708775483305132,-0.673983910171085,-0.143191947747053,-0.160688399532534,-0.357733119219906,-0.821718698974269,0.118421512766137,0.189897194078591,0.211083158139995,-0.460534768725546,0.0075004396544734,0.0189065976277176,0.0035835314992882566,0,0,0.0029539242,0,0.00030940575491306414,0,0,0,0,0,0,0.0161671972446346,0.0,0.045451930271835375,1.1103612874679238,0,0.0,Low Risk
-0.205348770658834,0.643129331192988,1.03166734839548,-0.718434859400659,0.225053920564106,-0.797834682324314,0.672695636013627,-0.122463072299433,0.0346309758500701,-0.727666104357161,-1.1282136955527,-0.0555112562666537,-0.0005247481680583,-0.0487037234803427,-0.130370723670098,0.124273198132933,-0.518689335006633,-0.204750819128011,-0.151618348702839,-0.127650127714275,0.0826338371973368,0.333202838761571,-0.115291835453454,0.0185129945330992,-0.619084719785972,0.465170186903565,0.122057637666427,0.17579112001555,-0.3493332192312134,0,0,0.0004962024,0,0.0006940773456381882,0,0,0,0,0,0,0.03933347168216392,0.0,0.0134575772478538,0.456321161699997,0,0.0,Low Risk
-0.54972906095068,0.786359319459974,1.60377193910486,-0.12111999381437,-0.0493813149241866,-0.270136951663459,0.419628878891836,0.295822646046211,-0.436329017207417,-0.143997811606675,1.43682564080797,-0.0361654645362972,-1.66525227494642,0.69166907111091,0.557327282034663,0.116455891458491,-0.202176667716037,-0.177786325538808,-0.122576968929705,-0.0072901475201908,-0.146578049581695,-0.460488377328803,0.0604586097957184,0.161359458159521,-0.37283485083422,0.0758622885136888,0.264605435265207,0.107296227671424,-0.3174241455825011,0,0,0.00012224719,0,7.417381889071543e-05,0,0,0,0,0,0,0.049235197018836975,0.0,0.01657456609084333,0.4698394457252409,0,0.0,Low Risk
-0.661316401811405,0.858069172215068,1.08215367367907,-1.61272797939396,0.761623499323996,-0.507762622459403,0.745575583322743,0.0387081850758574,0.266759214144173,-1.96997539698974,-0.691475236135368,0.352399595114238,0.832195482758893,-1.67693234294597,-0.313044241156649,1.03466035298913,-0.16949815078208,0.244422860657867,-1.33826586706567,-0.0981012228826118,-0.204510098398907,-0.603863024564994,-0.101972735460129,0.544093989811692,-0.105302821205227,-0.488205459723547,0.0958053970939625,0.162545585096823,-0.3133905830812246,0,0,0.0132539105,0,0.003102455021344584,0,0,0,0,0,0,0.029276463845106376,0.0,0.14497537202234886,0.970712439716049,0,0.0,Low Risk
1.95807958151485,-0.466954686099707,-0.998070825573481,0.488902557910241,-0.270373709588308,-0.39857214657882,-0.298803813190671,-0.0239927869627594,1.06207694965248,0.102515571793866,-1.32425301467323,-0.564238724011256,-1.369438641525,0.347949618652464,0.507926295391826,0.278251733084122,-0.448086133335247,-0.0224172508295852,-0.0896858659474224,-0.185658819348853,-0.0021426357961566,-0.046063923402668,0.194714853791461,0.56287897340935,-0.219943060508413,0.238687815651688,-0.0577789185133751,-0.0424823845359252,-0.1496519072868309,0,0,0.0019514563,0,0.0004686528280997623,0,0,0,0,0,0,0.05168428699121652,0.0,0.00858657035515443,0.6299226743717596,0,0.0,Low Risk
-1.41152031906641,1.85663617409375,1.48615760478368,1.33656320902018,-0.771816760430668,-0.659309515936343,-0.0104479827855265,0.406383156979295,1.05267384613523,-0.543615185577578,0.551713196953104,-1.5266407444452,2.32977777776629,1.49877226345523,-0.916103361731026,-0.773083780384176,1.2861054287562,-0.260375021183923,0.443857709973955,-0.0802670111646964,-0.220716749205793,-0.290143306849567,0.0544777956341537,0.870111105027571,-0.206559046568627,-0.608570205699952,-0.428243448456967,-0.160267599848356,-0.34757602368610285,0,0,0.0130169615,0,0.000758600385883803,0,0,0,0,0,0,0.04912121588518373,0.0,0.1147692171639625,0.8877618158626535,0,0.0,Low Risk
0.191687132505413,-1.42251474467449,0.693633516349905,1.93797912864072,-1.0611455221119,0.588418713073013,-0.0414791313382583,0.210797973342389,-0.483052842262364,0.433728195636916,1.39463159068457,0.515256301860394,-0.16369731150765,0.32674916618695,0.6088597719407,1.14005812044426,-0.64409758920204,0.012332263050627,-1.12103981462719,0.833264841171141,0.322941214941515,-0.209702878066911,-0.282070537663275,0.0669727086028149,-0.276389480754715,0.810695345075406,-0.124852641744221,0.0909891604683055,1.5493565035231422,0,0,0.0041240645,0,0.006335487431107792,0,0,0,0,0,0,0.058579284048107444,0.0,0.1784898818556652,0.6086397884840998,0,0.0,Low Risk
-2.85384804040051,2.40829059171127,-1.31870138316225,0.68101507093502,0.85767103549195,0.498046398772721,-1.49908266656788,-6.08740944312896,-0.831014114828308,0.482894656854039,0.348162493626882,1.09111094664889,-0.11983582760593,1.45412583742485,-0.269873798980066,-0.280206469937221,0.17512638118153,0.489589391448721,0.891833824502951,-1.77515757467252,6.2287711404777,-1.58419390827072,0.135895657446731,-0.527505893269756,-0.0775749714511308,-0.431204125198653,0.603532609268221,-0.110716189510217,-0.3335583955876072,0,0,0.44324398,0,0.22181220858117678,0,0,0,0,1,0,0.4933137247672307,1.0,0.4584732310938858,4.062341950656454,0,0.125,Low Risk
1.13141593928403,0.0271650772628675,0.634088791614488,1.35115533888398,-0.612298304702522,-0.560521841105464,-0.0367426135496913,-0.0517976855152281,0.589092130525105,-0.160646574952965,-0.843849688215091,0.124995344311885,-0.793517145174419,0.0995257333638437,-0.0873493624041902,-0.249875170664013,-0.0262345788390945,-0.447538530837217,0.0458569931168132,-0.132437932070007,-0.244080970142725,-0.632683753245194,0.0069651738708164,0.355370764459465,0.48522521669686,-0.527212432398033,0.0274894304940732,0.0314249371190577,-0.19154504653276236,0,0,0.0009435874,0,0.000285383711648139,0,0,0,0,0,0,0.1300022346708797,0.0,0.009834790360404716,0.42598056092077796,0,0.0,Low Risk
-0.701318285638945,0.739619150301724,1.30109940120057,0.136706427748551,0.254701473631652,-1.11215356529715,0.641050406828718,-0.13072292940862,-0.366353580626207,-0.569054460745145,-0.371645421353898,-0.425217268235157,-0.478732622710768,-0.280921819038437,0.927569946928979,0.380931984216232,0.0222724509206597,-0.0264944603543626,0.0089405983630584,-0.121162676298355,-0.179480146107646,-0.549680195738091,0.285599611052157,0.313253248637032,-0.539746277272213,0.0015636641969064,0.0037592897165691,0.132033890213935,-0.3454194655171035,0,0,0.005192461,0,0.0013191371451142099,0,0,0,0,0,0,0.10751870839920243,0.0,0.01047396065852189,0.44766315887017005,0,0.0,Low Risk
1.00203740868891,-0.157805439940194,0.678126716068213,0.750389404893175,0.0527581206941664,1.28400834326889,-0.421536246724725,0.436650828043194,0.468681415986002,-0.437485920201692,0.614633778910806,1.41317993140257,0.658092165355066,-0.233446460718084,0.593974129328597,-1.73740443094953,1.35398063558688,-2.72216838312587,-1.49409849909956,-0.204561727325437,0.0454823025824226,0.554108331858303,0.0834385901857907,-0.555884574618681,0.218330887984778,0.516233412213793,0.062677166640519,0.0035039422702431,-0.3041653064693941,0,0,0.001989844,0,0.001871533190941864,0,0,0,0,0,0,0.040162508228113784,0.0,0.12381751121572075,0.8905188498392376,0,0.0,Low Risk
1.19578247321148,0.320700051537237,0.414901151946,0.624388304942492,-0.393377198148952,-0.858406976071484,0.0066482089095111,-0.0837189966324446,-0.277332065914634,-0.121926087781134,1.85489592453123,1.11722798100371,0.343733891894483,-0.125636312993493,0.352770806398885,0.604764797954605,-0.195674873682565,0.101080462965731,0.0123419100179532,-0.0573733772270882,-0.218722542197217,-0.661501201946652,0.137596260539154,0.502036116526407,0.166250595984461,0.063362414369351,-0.0254093428072524,0.0235290621177905,-0.3390296635348833,0,0,0.0028555319,0,0.0005638432300200138,0,0,0,0,0,0,0.05362530479570998,0.0,0.015076638947887895,0.3559774344465519,0,0.0,Low Risk
1.28508595567557,-0.587312521230446,0.593276026808024,-0.681452401170372,-0.961858207449298,-0.460116416173336,-0.618843466153408,-0.102223881917834,-0.847837081284223,0.524447689048198,0.165771622984732,0.0690989677249704,1.26887427079489,-0.40609591180236,1.01436119148198,0.928086723895676,0.401207302064259,-1.89446799829611,0.0973323415705554,0.18823845292684,0.16890498045495,0.402042605483034,0.0013728466878967,0.123824516132816,0.312007725323966,-0.261051072858421,0.0321169227915753,0.0270020900191903,-0.162231829939327,0,0,0.002415225,0,0.0007871993624037095,0,0,0,0,0,0,0.034363902344997366,0.0,0.009833104837765096,0.6561451086195428,0,0.0,Low Risk
1.00338066742153,-0.434125080048967,-1.02036118485105,-0.0707408441140628,0.375277297531472,-0.509755222545647,0.769081603386599,-0.427124988312022,-0.246918482344952,-0.213234078239766,-1.29661296010363,0.302956315290581,1.42296962981261,0.220172713742276,0.765586819256619,0.29166882415034,-0.725248628604642,-0.328399636821527,0.570063939628569,0.481722818558348,0.0039970113902053,-0.394134147703094,-0.462697805255099,-0.879969287713691,0.695960765990093,1.130023373392,-0.149099771750548,0.0169706697280578,0.5410457507287882,0,0,0.0012316703,0,0.0008134715430967595,0,0,0,0,0,0,0.009308159293858293,0.0,0.036128620855736385,0.6384072897121746,0,0.0,Low Risk
-0.474535813362545,0.753694959518558,-1.29483208319136,-2.01929693727577,3.45314571353447,3.09725279443684,0.694548756778509,0.820062082364486,-0.430675833515936,-1.47048662468123,0.118814103895958,-0.375697115820674,-0.442056550723541,-0.628440107105729,0.597767784347959,0.313859462290737,0.035869809604405,0.499008309512843,-1.19828958758375,-0.0593061199036032,0.280481453236487,0.689628235873,-0.370335776592739,0.628038529226214,0.34461566882651,-0.190592955073367,0.125931762393494,0.154871887921807,-0.2699399296021269,0,0,0.002930416,0,9.06117994654198e-05,0,0,0,0,0,0,0.00935393776949707,0.0,0.04340667220415431,1.3198799247279691,0,0.0,Low Risk
-0.134410188372525,0.265352504719748,1.34864281648915,-0.729722914313899,0.377753953566457,-0.0369166014218307,0.401193539044874,-0.0795343177799132,0.506919408296718,-0.521013086451477,0.35638068590506,0.991667345014234,0.641537208194944,-0.435155750364861,-0.782896784167261,0.224022096403927,-1.14119509637393,0.853713672486877,-0.0079128430306063,-0.00982157207506,0.326017205915913,1.28077504230988,-0.189758918490836,-0.292619158998463,-0.745377057823189,-0.386612564947592,0.0928225985314034,0.000486953174958,-0.31343051934361343,0,0,0.0006812532,0,0.0035356831623827296,0,0,0,0,0,0,0.06856347001945944,0.0,0.025099984299526316,0.4629752468510768,0,0.0,Low Risk
1.91852166201725,-0.409863973061146,-0.870800957329418,0.399300370886598,-0.583812485705068,-1.22594791267838,0.0382638767285477,-0.25063712345761,1.16357233277942,-0.21794235653618,-0.64583986103248,0.373620021528683,-0.856472099177781,0.274085888063138,-0.18665553051048,-0.655085503239657,0.147903829255445,-0.787301287944192,0.116939622211991,-0.218210551754677,-0.114154237332934,-0.194439715613221,0.242885710741798,0.3982111122106,-0.174302732673021,-0.113609733585372,-0.0334930759162506,-0.0459818641702746,-0.15783884107655058,0,0,0.00036467574,0,0.00016118219109817456,0,0,0,0,0,0,0.07366178649265864,0.0,0.006928840874166613,0.6250411206532811,0,0.0,Low Risk
0.0567745572211914,0.942822914035549,0.28988369054021,-0.611192458407239,0.519063274307022,-1.06905542165639,1.06886172643809,-0.255214512326307,-0.177815713799031,-0.436067425769812,-0.826091667477814,0.602665675066503,0.932684137754817,-0.07341476539429,-0.499256885742852,-0.118449608256637,-0.483017295922621,-0.841368427908429,-0.0663594959761005,0.0153098674567918,-0.255879814300104,-0.507491810525452,0.0447113911584916,-0.0058899221247862,-0.451351424433943,0.139119835144079,0.254047858147962,0.0984772125985401,-0.34977251811749105,0,0,0.0022655602,0,0.0004243310689212701,0,0,0,0,0,0,0.01640608223549028,0.0,0.030445654060677837,0.5034159119260484,0,0.0,Low Risk
2.11925817420535,-0.595886808556173,-1.16856148511947,-0.577473744442915,-0.276276895213861,-0.432634501081124,-0.314686461556192,-0.173215674870026,-0.921950555507773,0.992840386025378,0.923828015127606,1.32951421966207,1.28979618292704,0.103194729566609,-0.869203022045671,-1.4342472248091,-0.336865891258702,0.847708571164905,-0.30137191537385,-0.493599696888973,-0.588401444820296,-1.15033219144707,0.431953119045416,0.753755969414783,-0.420435951943964,0.253224060838865,-0.0581199458814934,-0.0553338680943632,-0.2934623881491752,0,0,0.00025312667,0,0.000811672206134119,0,0,0,0,0,0,0.006320912451907554,0.0,0.02203457792117587,0.8938727387445615,0,0.0,Low Risk
0.78688376584773,-0.584722803784687,-0.181201021553676,1.04730681277985,-0.0265371473433538,0.369978016473272,0.266821989169753,0.0176364510109454,0.0716494036995154,-0.0493605829095997,0.0866460321050588,0.763833806873905,0.189262467425855,0.281374285188531,-0.373728645590359,0.40634135572995,-0.866771509069042,0.453290092056353,0.580462202534977,0.393610802504846,-0.0873501234530903,-0.703418824142042,-0.351242231796597,-0.832607264946791,0.572658116976114,-0.484615937877671,-0.0208821065457471,0.0458469762404806,0.632939090485593,0,0,0.0019648008,0,0.00044935001603433266,0,0,0,0,0,0,0.03817960922805739,0.0,0.029834076517414296,0.35292762933953403,0,0.0,Low Risk
-2.30087887514087,2.76620645103564,-1.81860055524325,2.84988332273086,1.52481703315695,0.999790988066331,-0.226312880017071,1.81336609132953,-1.96651914780883,-0.0820079717412775,1.0520201748488,0.234357832865636,-0.393087756541132,-1.51195856021142,-0.98582142721119,1.32988257589828,2.29967519526717,-0.191842928120393,-2.69774307133689,-0.312006128954515,-0.173267677098306,-0.594066996701433,0.0786074866443707,-1.73079646809696,-1.00022841818501,-0.359774695462975,0.316306149378001,0.131146296722093,-0.3209784729351111,0,0,0.019539116,0,0.0059588165128149455,0,0,0,0,0,0,0.10532254919759963,0.0,0.21828665687843643,1.889079576633911,0,0.0,Low Risk
0.379549169155655,-1.81563336268113,0.508959731292575,-0.473244793245433,-1.68601350791236,-0.415187269383431,-0.172554942820664,0.0048938209269689,1.95263273104651,-1.359190365358,-0.0479518312810937,0.629001725456436,-0.630575827741359,0.0877611812640706,1.67817471555585,-0.818897619996137,0.304613641276534,-0.0264934538168156,-0.0778281135736931,0.644663060961645,0.433864443591618,0.592973460086859,-0.426565502621265,0.454935511005118,0.349935340865434,-0.613969962123194,0.0331826890536879,0.104411974759707,1.31624853995927,0,0,0.0031678593,0,0.002440212825698706,0,0,0,0,0,0,0.07917423255356162,0.0,0.06311171198480439,0.8221876032926775,0,0.0,Low Risk
-4.47841223091677,-4.32220462504351,-1.50328245947428,-1.8769240131296,-2.14806020071667,-0.946420812663532,1.11754534696908,0.0992510212261334,0.136877871831988,-1.64258229281699,-1.21746696537502,1.10751519014207,1.34709617894227,0.222813237495543,-0.0301489188347123,-1.50669950358154,0.213629688579354,0.895467691616239,-0.15732726208707,-0.710400794847251,-0.624943400455871,-1.55360753114778,-0.626893614321803,0.15891965762276,-1.00954394836237,-0.862610679174671,0.21755327880929,-0.464175256185254,2.0535917524450973,0,0,0.021830425,0,0.017419791081857684,0,0,0,0,0,0,0.006586794950007072,0.0,0.32497175053740096,2.9916266736097863,0,0.0,Low Risk
-4.82485052395458,2.81496615122255,-0.779611291368784,-0.419035785692366,-1.07684851451,-0.526951159163234,0.698328912009151,0.469834639053233,1.09448329158814,2.53545891101647,-0.17131710015389,0.315424926916148,0.244176562564702,-0.0412979408003997,1.11991004387289,-0.354351538497339,0.17396770853727,-0.93253409212631,-0.432874478363815,0.365668989802253,-0.311777086927874,-0.109376123126,-0.266792653046986,0.105343361747381,0.841564672087805,0.350292337640952,-0.519848119322903,0.21415750804474,-0.0018877364479878425,0,0,8.811056e-05,0,0.00010218997677903814,0,0,0,0,0,0,0.00019226288256930752,0.0,0.007275090803303397,1.7638227653851664,0,0.0,Low Risk
-0.360263985592638,0.984553459589527,-1.07394966896448,-0.57802509033536,1.01361453723078,-0.504187037710163,0.622322386685837,0.361400684711063,-0.236292803342391,-1.09743965708695,-1.26817154795477,0.0799223259266958,0.583576865286476,-0.795583886857384,-0.218482157809847,0.561557777989382,0.348010680563174,-0.0976130169495792,-0.0888214282693566,0.0801854420512883,-0.291267852493186,-0.923965819318439,0.151627131318836,-0.0706428734689918,-0.306022825800564,0.153114313406145,0.0945212404694918,-0.0145601988563303,-0.20959623713253453,0,0,0.001252335,0,0.0011212788836112448,0,0,0,0,0,0,0.011803270619401188,0.0,0.03529956219446069,0.638660181956071,0,0.0,Low Risk
-0.20705845472654,0.360304306688358,0.03963768188909,-0.936626035563238,2.47984527068572,3.7733032028847,0.119606083846785,0.70775816829096,0.228277714148633,-0.200648211708048,-0.69734760458811,-0.121834143221545,-0.283695445686369,-0.365689187912788,-0.462943052728577,-0.224428191612124,-0.547208112962624,0.0426112201346555,0.703921369657092,0.0693488536475788,-0.0546589405646007,0.058256821437584,-0.166057459130478,1.0547946706207,-0.442930116735679,0.234155810517138,-0.128019237669515,-0.0584902334250496,-0.3074001437228931,0,0,0.00017580122,0,5.6719575061134396e-05,0,0,0,0,0,0,0.0042325631754536,0.0,0.009361905158890125,0.9694215722785582,0,0.0,Low Risk
-1.08125478286035,-0.0047087829517227,1.42868487859122,0.737329436569681,1.1956265919272,1.24177046473939,0.322385636698685,0.163072087084521,-0.420618796291081,0.235693859859778,-0.178697112745874,-0.65497063833872,-0.661723621992863,0.218437210827413,1.4049652764381,0.234746974230937,-0.818779293774822,1.19257469033716,1.19536941875116,0.19243646937031,0.153048675988204,0.545871175253034,-0.339969172211803,-1.70322617914349,0.53806850952497,0.0474007884233021,-0.191186707007932,-0.0986958336557308,-0.03183993323964522,0,0,0.013876999,0,0.0014181677791570645,0,0,0,0,0,0,0.1178533207480429,0.0,0.11616975291634124,0.6116740062396859,0,0.0,Low Risk
1.26391033968625,-0.218331038555473,0.373119719003082,-0.802069192042251,-0.797212611915615,-1.07571735906119,-0.072529004564031,-0.198000077942146,1.60022766586427,-1.18494081159934,-0.423799222341094,1.08354533172125,0.159502123817055,-0.046430933269439,0.516958003749156,-1.03986282942763,0.171734872722334,-0.426913251387138,1.01163128325502,-0.109991598765552,-0.247891213645501,-0.426399219662571,-0.0135422771233827,0.399746280103027,0.633686643987625,-0.869091581040593,0.0709004079998724,0.0271944907486275,-0.3189017872908895,0,0,0.0027929326,0,0.0016691683559375728,0,0,0,0,0,0,0.03334245826365117,0.0,0.018731995226893557,0.685770364872668,0,0.0,Low Risk
-0.502523203910449,-0.252303209096643,0.122093877057329,-1.32788493384097,-0.667378882374449,-0.072215711608957,0.0987196677399098,0.457139840503608,0.363121258160343,-1.12016398638951,0.435488912108466,1.40675891180165,1.2544310009901,0.0646604257955914,-0.126826773457735,0.263499446997597,-0.597981578842232,0.799687768442889,0.705275681416791,0.296617391553639,0.551814292818537,1.34738688518399,0.277167891059176,-0.359331444582821,-0.741665296158412,0.756614755575966,-0.0547811700767691,0.0029440990937871,0.285653352751923,0,0,0.0051396186,0,0.0020723915036119575,0,0,0,0,0,0,0.0069885486009078936,0.0,0.06355750459194447,0.5010649276526591,0,0.0,Low Risk
-5.75642542456167,-3.06510215398595,-1.01616423047175,-0.255672577708041,0.639068166273546,-1.55130855055158,0.226943640862308,0.312911495978002,1.0681278890079,-1.86848862583784,-0.609533797455828,-1.5601708025016,3.0838979568699,1.86916094727899,-1.45086140419803,1.0518862633284,0.190532963130287,-0.400655827750391,-1.02182410398638,-0.981446856070234,-0.371434745538171,-0.884541881398573,-2.49466427877902,-0.172601299998283,0.358295990987662,0.779954081123927,-0.247744186957706,-1.42696604048431,0.6650478454462498,0,0,0.010975203,0,0.008482882602148535,0,0,0,0,1,0,0.010796761793943984,1.0,0.2648813484155724,3.3056139622559537,0,0.125,Low Risk
1.19272296313003,0.106917404445681,0.592047726134321,0.661902499150695,-0.580222342159166,-0.743593982871106,-0.105227125870576,-0.0071015716885375,0.234478402241212,-0.0685831219104054,0.0547624165249809,-0.194889139650325,-1.18560405374456,0.570610520280313,1.41611684553556,-0.0181157708943401,0.0554745336112974,-0.923129821360074,-0.59085828013093,-0.22644295137764,-0.224595263103713,-0.686563616846132,0.223296325592508,0.355997364762809,0.0527958697758003,0.108792347071901,-0.021487804055894,0.0158951109316766,-0.3454194655171035,0,0,0.0016817101,0,0.0006380615542952733,0,0,0,0,0,0,0.061777667102243305,0.0,0.00787019889623363,0.4996724601979755,0,0.0,Low Risk
0.373919114461299,0.540077124005545,0.268987530353905,-0.310618501286956,0.275423910431667,-0.342148560826136,0.310410771220043,-1.01376711143794,0.105297066821083,-0.635761235024267,-0.630051426124289,1.06415961720063,1.02197230417494,-0.161098364261366,-0.989045699061158,-0.542951798957769,-0.0456327427724298,-0.874559801722485,-0.423436682232109,-0.230293201479802,0.867723295856066,0.282406447842225,-0.207680289618368,1.19819316349679,0.80183517754192,0.624047630878912,0.147858205482442,0.25299050695739,-0.3254113980602764,0,0,0.0013404321,0,0.0044881225236487535,0,0,0,0,0,0,0.03498878741564652,0.0,0.05713223784446072,0.533755123361098,0,0.0,Low Risk
0.374436393196806,1.91741303219178,-1.96727611188307,1.79916542621556,0.583054479070628,-1.73828658756757,0.597941140396179,0.218891385611103,-0.628312992599244,-1.47948321347774,1.34617520013986,0.0125700739438137,0.213703821435609,-3.23906878557211,1.20784961573263,0.49255879760534,3.43885181424526,0.877544436392683,-0.981431350854328,-0.0140058718419749,-0.0319907658333634,0.0718860558083311,0.249006284175626,0.270155937925619,-0.561103067569299,-0.403720014785694,0.148920347806439,-0.0435472521554411,-0.3075199525100597,0,0,0.04580339,0,0.008274640615300156,0,0,1,0,0,0,0.8805953251008971,0.0,0.28824517886019274,1.3263971713901295,0,0.125,Low Risk
0.168461642941078,-0.100082655998824,0.251058385162128,-1.18556603860106,-0.390391935637303,-1.18822977938872,0.0433132949080328,-0.0601279932080846,-1.09658167127605,-0.0722146601487318,1.5312329141363,-0.388019018807406,-0.59774451895151,-1.27592088879783,-0.813729903471636,1.22003194459341,1.21979591068847,-0.357385823405921,0.777195532041726,0.15178144106844,0.326163703079642,0.828167927320724,0.165136291020982,0.447137181916743,-0.864515111795921,-0.310941054882672,0.129810265003695,0.13313630993651,-0.1861935873726529,0,0,0.0108524095,0,0.0056735294846321374,0,0,0,0,0,0,0.28013831698006497,0.0,0.12841917281605647,0.6201855934334559,0,0.0,Low Risk
-0.295099721271457,2.60765501937209,-2.74270567542999,1.11294006706294,1.75660353706685,-0.291342340838481,0.711233467056118,0.0007767310461328,1.56656709269602,0.0699388472454053,2.65050198306058,-2.26695519474609,2.56062604429606,-2.49494567689326,-0.0358647349089906,0.960937735666131,2.98921979551926,2.07812751986482,-0.330078607533508,0.776260526236703,-0.448236105149907,-0.403345657894506,-8.63935383315362e-05,-1.74292479425978,-0.111752314008063,-0.32294899247886,0.780448970021146,0.282921591368554,-0.3174241455825011,0,0,0.023668053,0,0.006802640203243039,0,0,0,0,0,0,0.4190227617638293,0.0,0.27257196380937926,1.918138656848226,0,0.0,Low Risk
1.80882665399446,0.0545450192243732,-2.1944848633409,0.918803806459477,0.401674373983067,-1.32137419054841,0.554370713001162,-0.423002205053151,0.686407665750767,-1.15343858150889,-0.267321459052408,0.667638381073689,0.889477811798988,-2.29528430969891,-0.283586305484281,0.0596639385347622,1.5570595898382,0.374177335721887,-0.0858145211376975,0.115200407165448,-0.103973565565434,-0.199715743283926,-0.0660023449115145,-0.251109096865283,0.198275999644049,-0.302799935934704,0.0032131729578442,0.0144047773786002,0.1336958743622479,0,0,0.04626767,0,0.011329386132149604,0,0,0,0,0,0,0.41137523647647095,0.0,0.1825653524729784,0.8582018497831915,0,0.0,Low Risk
1.3076072180793,0.06899427395832,-1.29495167911176,-0.481619071939204,2.13739290543605,3.1822440726423,-0.502537124227847,0.804369698568906,-0.0742934485767113,-0.218305849424243,0.131603291162265,-0.028068302371124,0.0117967512179825,-0.112493225167948,1.30024489945235,0.81305669550381,-0.495427440230187,0.166860348770052,0.174572576056036,0.0365830342205123,-0.341531035392545,-1.14950107618147,0.0936129709807733,0.946218214716187,0.369018954859377,0.110424098517919,-0.022193715915772,0.0239674600945034,-0.3378715119256058,0,0,0.0002209598,0,9.334819843032263e-05,0,0,0,0,0,0,0.0020682027966119096,0.0,0.022525733703420293,0.8673469460271833,0,0.0,Low Risk
0.171581515490044,0.73270176660673,-0.0548242611710673,0.139216716830919,0.399955675249088,-1.50657848366438,0.272719171498047,-1.16306310712191,-0.0772510258782325,-0.965885590327978,-0.0341355272451641,-0.0412097242157324,-0.348911397998203,-0.538011018679095,0.931272757158382,-0.0211983728815136,0.726808928532678,0.443129075272418,-0.443777777296919,-0.157238759565321,0.990856190221295,0.294606197725244,-0.899567438646782,0.425179214744208,1.08316680611039,0.0415740560143569,0.177661989511565,0.264959561699102,-0.1367125582728349,0,0,0.03385072,0,0.008242612151473205,0,0,0,0,0,0,0.3898689729612929,0.0,0.08298468039250059,0.49368888094020497,0,0.0,Low Risk
0.0389924850973676,1.13205639399807,-0.550380158725841,-0.184544185864799,0.685782011317498,-1.37234099251886,1.00099479041668,-0.308188501308394,0.0907694243227586,-0.656939886693422,-0.579593404796887,-0.312353630121763,-0.0895816036276172,-0.866472647502796,0.706251584161556,0.0325335594064039,0.410941772463325,0.711800520373635,-0.169470014572621,0.0019165520577849,0.271183758100541,0.997374259936202,-0.180155238627966,-0.0921668099346492,-0.325186993098403,-0.14909114954079,0.254422242350489,0.190079553934055,-0.3314817099433856,0,0,0.004831567,0,0.002352219233159269,0,0,0,0,0,0,0.2625992047343127,0.0,0.06559527510212154,0.4539640463470325,0,0.0,Low Risk
0.127267150575893,1.01434279168836,-0.430534785330566,-0.553104558819837,0.935584602985092,-0.713620952168305,1.00544665839541,-0.0932955410048399,-0.0685472826323399,-0.855266368971864,-0.650576761445745,-0.0511280501687159,0.124146723158562,-1.03547991607311,-0.201506955389789,0.279601113698631,0.403030669564571,-0.304218749587306,-0.29135372917997,0.0412112531172115,-0.331298860104571,-0.808339730012407,0.1188880100677,0.501447022496948,-0.423890629753834,0.118689223950236,0.222987588701828,0.0843344105723743,-0.30148957688933936,0,0,0.019078784,0,0.006014515351989623,0,0,0,0,0,0,0.04205288697941554,0.0,0.05105595078948906,0.5217936735860452,0,0.0,Low Risk
-0.681628755217151,1.09500680621259,1.24161671796685,-0.0926968851733741,0.0323678514945817,-0.368977387750252,0.417020466795265,0.286024427986852,-0.278238075126387,-0.0362723457237757,1.68717423491856,0.0681394638161604,-1.34725238371358,0.0015225554376869,0.59229155674451,0.268571565597202,0.177094806236136,-0.01301201870936,-0.256528312673948,0.123678795367736,-0.218175240052816,-0.55659272926775,0.0480436154911835,0.133522760340272,-0.285213847539984,0.0808202654520112,0.359453976798392,0.143574561430218,-0.34146577554060475,0,0,0.00068995304,0,0.0012089225803594145,0,0,0,0,0,0,0.052816090759256425,0.0,0.008115082505810538,0.448408309241285,0,0.0,Low Risk
1.91346327622959,-0.225373576802823,-0.765951624274194,1.4724205034552,-0.032754695965316,0.123921983448299,-0.166699143746724,0.096043257279912,0.950874294728506,0.167655131901465,-0.0854909525529269,1.08815696041634,-0.797333444045269,0.0353899854030103,-2.33380056215623,-0.588386748685902,-0.11987652104622,-0.329238359014156,0.638727768543616,-0.311103372452803,-0.303587980863555,-0.537212923649557,0.187934319344554,-0.440646420081277,0.0390600401843313,-0.812374775499227,0.0338471623205442,-0.0572215694314401,-0.29869403852211807,0,0,0.0025646617,0,0.0026555826322740925,0,0,0,0,0,0,0.09731685884899957,0.0,0.014966154242600277,0.7763428238495308,0,0.0,Low Risk
-0.428239091135846,-0.878213057688405,1.56652191534455,-2.47157444894594,-0.0206266343833604,-0.922500086502557,0.12131978522066,-0.671145559817496,-1.97289699173005,1.21775917329388,-0.725043008849218,-0.905964020766385,1.08097230108203,-1.13266395831566,-0.395627681194755,-0.916332928977899,0.320532538238422,-0.274074967940652,-0.193927248592347,-0.143733238425298,-0.270265742382076,-0.035515964843524,-0.40568483211477,-0.0011752992177831,0.683429407040485,-0.0866795448195412,-0.497134518595877,-0.470282296207962,-0.25276733677491003,0,0,0.00045904308,0,9.521220354204449e-05,0,0,0,0,0,0,0.03890531061145507,0.0,0.054962995869439396,1.1871337757622062,0,0.0,Low Risk
-0.332393578791924,1.0247231979727,-0.198144644758776,-0.728141835366845,0.272102403947522,-0.659112137741416,0.571831840864673,0.389165759687691,-0.441454572407957,-0.47114543373685,0.32442555291437,0.835331515065836,-0.036968311766285,0.622983869082026,-1.10983056419891,0.324179923850016,-0.603126214041227,-0.0966017647502199,0.319361028765033,-0.109247152035352,-0.182333121889209,-0.536277617042806,0.0983006036885704,-0.347281166112836,-0.451038706693469,0.143045741054289,0.11351716178163,0.0216270729461047,-0.29745601438806285,0,0,8.2197745e-05,0,6.397972874181679e-05,0,0,0,0,0,0,0.006358141397255208,0.0,0.00644473934789552,0.45592938592192395,0,0.0,Low Risk
1.38663945211239,-2.1006964128956,-1.39350385516511,-0.468644740531883,-1.18328512065092,-0.868154480227615,0.0013484847445156,-0.406014678708226,-0.305353969570075,0.557439510009741,-0.689035176947456,-0.197494378432245,0.693789440014038,-0.240668257438422,-0.0231061225817241,0.864068159349474,0.284695025498222,-1.5445069667239,0.446994640084669,0.828758365933259,0.451032245341621,0.4547722871357,-0.22491124204152,-0.0218652463351679,-0.197986405908305,-0.200854908257298,-0.0887673402182846,0.0157448775476185,1.3568237825463687,0,0,0.00075350614,0,0.0005513231213513724,0,0,0,0,0,0,0.048156083838076916,0.0,0.06349935646956148,1.0158368499474213,0,0.0,Low Risk
1.17950963797911,-0.511167830498541,0.983670481782627,-0.681936709503548,-1.3335042936332,-0.581737363885571,-0.758536830180202,0.180893527232367,2.05226931364824,-1.07459656567001,-0.215138245950872,0.0314348470541705,-1.81472352014354,0.236796055365972,1.68642996127469,-0.750376761882577,0.348907215890346,-0.159327843280704,0.0862929470235332,-0.276778018113065,0.0171922771017166,0.249723037425208,0.0544860321365011,0.377744355845028,0.326477628388981,-0.67139301741365,0.0994660984197106,0.0315432111447692,-0.3493332192312134,0,0,0.0021653334,0,0.004279855147435455,0,0,0,0,0,0,0.08338167469107813,0.0,0.037047021612206216,0.7989700209111825,0,0.0,Low Risk
-20.9248974344676,-37.9434520078454,-14.0602812514662,10.4730053591961,-10.8666391397557,6.25665449264906,14.9605214472269,-2.39215544778741,-0.597075587755593,-5.34124880430366,0.713032834250581,1.36129664869424,1.41076018309965,2.96993600298439,1.44111445655652,1.13421180167615,0.297531973084618,1.34082009238503,-4.39242090902923,23.6490945681255,6.8298096870742,-6.92635333081555,-9.92865678306739,-0.447083812247433,-4.84815081359338,-2.24162029000295,-2.1407232945292,2.00149228131724,46.73088753081707,0,0,0.042799186,0,0.007935409593168338,1,0,0,0,0,0,0.26799918928526606,0.0,0.22666666666666666,191.54938621228726,1,0.25,Low Risk
1.9538768490819,-0.468873397420624,-0.237900590885515,0.505622285916345,-0.802873318723052,-0.545381890090045,-0.58590723345294,-0.104876846578099,1.16804023626135,-0.0174399800214238,-0.929061127283239,0.708237021759379,0.876878125214312,-0.410114548726729,0.274137702076909,0.29095812554525,-0.544194569430655,-0.0140643096251137,-0.285479930059442,-0.10329705609761,0.23332704533894,0.899442938233197,0.0938990568973244,0.0645648308989358,-0.206526829070072,0.624622193363612,-0.0183423815489275,-0.0433039361818299,-0.23355799456586046,0,0,0.0034697324,0,0.0005227398303957409,0,0,0,0,0,0,0.0462898784515283,0.0,0.00806889218569616,0.515527295165893,0,0.0,Low Risk
1.25862372116225,0.454010740694721,-0.225845532469294,0.912610428875143,0.266513878183656,-0.678660892108285,0.45017704703238,-0.194895542891835,-0.535911543629579,0.211290945969455,1.06623028160312,0.866796456633544,0.100906575072784,0.714390616182552,-0.0090625033924053,0.0687179577358359,-0.690075003659944,0.21564890535281,0.159419076322486,-0.126464240251391,0.0341819921041122,0.129885375016378,-0.199200893691003,0.0277945135203248,0.871045784084355,-0.293919037871911,-0.0111815098059144,-0.0023847175210534,-0.34977251811749105,0,0,0.01949992,0,0.004672796639954301,0,0,0,0,0,0,0.07808097034156176,0.0,0.036556651396834776,0.2834899381659212,0,0.0,Low Risk
1.96018937259938,-0.940857320648298,-1.32472383572282,-0.330340923556221,-0.732209008943541,-1.24667254293638,-0.0806797339166017,-0.45953335401036,-0.678920210339527,0.909732182586528,-0.834542988876791,0.092145475323527,0.819237710085342,0.183517036243748,0.47579678115271,-1.4393314008044,-0.249779630191967,1.06466635505199,-1.05987286622208,-0.338730121713615,-0.0596550982585517,0.173962643023708,0.020346500013435,0.0977968209352963,-0.0989096489200347,0.778598419080502,-0.0804388563422223,-0.0424781294423074,0.1458764343908552,0,0,0.00031362992,0,0.00026715661944369843,0,0,0,0,0,0,0.030556302106951733,0.0,0.02344412329994205,0.8548408267581444,0,0.0,Low Risk
1.35385055868084,-0.499268925464994,0.518470179725269,-0.776910724201382,-1.04516026224431,-0.773916566902779,-0.597054037016526,-0.052743859548591,-1.03852956358959,0.787139139687245,1.47903405771397,-0.0079659332807592,-0.224862253164143,0.144560472481863,0.109521611422354,1.41083684729749,0.0055454366281141,-1.1216653888598,0.938551675896921,0.0717010057358205,-0.0854732661431698,-0.442924068351124,0.137059571048316,0.289028304499894,0.179761145815311,-0.533481938800981,-0.0008558072171927,0.01219941715568,-0.28962850695984305,0,0,0.0014918717,0,0.0006121585686009665,0,0,0,0,0,0,0.03260442330106016,0.0,0.033883491433965546,0.6736750125408457,0,0.0,Low Risk
-0.0282770177022301,0.704973697040238,-1.69235973845165,-0.739019175943727,3.67499851758172,3.33024529601094,0.86105717333608,0.740563587860999,-0.663330083551352,-0.374816458699925,-0.555736895558941,-0.0455689750136258,-0.564121392019006,0.672444563622717,-0.687139347061121,-0.789310215196736,-0.402456424874209,-0.510561601500333,-0.435483804780348,-0.166685839199034,0.204144364829774,0.624302511564655,-0.127019513341271,0.705101404791343,-0.389735971411148,-0.648545804835047,0.249388185836129,0.229987894040645,-0.3217771981828886,0,0,7.349533e-05,0,3.5215862534240036e-05,0,0,0,0,0,0,0.00880235637390037,0.0,0.012462487899291191,1.362957229791012,0,0.0,Low Risk
0.084622911456161,0.0497336642116673,0.235022065158614,-2.5743832009014,0.689250369714968,-0.873735137381891,0.835462806417917,-0.355359498272619,1.27080607314137,-1.39946764777834,-1.05853907204533,0.0652953424594523,-0.287463591564612,-0.0590608656504366,0.599634976273762,-0.721137529430174,-0.46728648182462,0.050837576778913,0.771678661662824,-0.0044508951762856,0.0098029393964264,0.290247620543975,-0.185970191790329,0.500470672471646,-0.049905916607372,-0.328566826245707,-0.108169680621951,-0.169769219289147,-0.31151357874894736,0,0,0.0019674955,0,6.93601428060263e-05,0,0,0,0,0,0,0.01744787394872164,0.0,0.012524426315620726,0.8446471191457473,0,0.0,Low Risk
1.90799415684451,-1.69087020811977,-2.26550266761231,-1.10561023771696,-1.14622068951081,-2.36764035602433,0.330001141733029,-0.787024048619396,-2.01044869681931,1.68144537968191,-0.349348625037612,-1.31703788916078,-1.15742396262767,0.635033451843077,-0.598195659645669,-1.62341821899567,1.21297131183447,-0.519305152454579,-0.412581303342694,-0.129329629945096,0.297207379532894,0.845420341028318,-0.221070110727871,0.969632315554594,0.411055361603806,0.224396985566665,-0.118853078139158,-0.0424524342450781,0.5971561993851597,0,0,0.00045432805,0,0.0088659033503495,0,0,0,0,0,0,0.1845853571925805,0.0,0.16067695770993567,1.684461947124007,0,0.0,Low Risk
-1.5237529885328,-1.28465711054552,-0.170666870612512,-0.790572324967691,-5.01114859012026,4.77504159361336,4.07042633271958,-1.95459319158476,-0.956475121091712,-1.06144942304029,-0.400709721088292,0.686608022442455,1.12144858146952,-0.758290513662747,-1.92180434344901,-0.247556292100713,-0.991416993746446,1.4108391803935,-2.27178899848728,-0.69142047329613,0.860269787711019,-1.6232286856254,0.452701987954107,-1.3717890255187,1.79978583002989,-0.445932089477114,0.657261201432936,-0.159952149259638,4.593338359065698,0,1,0.7387536,0,0.04263157010626882,0,0,0,0,1,0,0.05007731107478026,1.0,0.35978864058534793,4.545759102320158,0,0.25,Low Risk
-1.72754408567646,1.19080924180639,-1.0681987362564,-2.71496959495501,0.55393350901044,-1.33806204630644,1.00118908735618,0.20104747995535,0.72753854196577,-0.299903769642076,-0.0483705144014559,-0.0463104197342318,-2.18781942994447,0.862241507102119,-1.71010031621656,-0.113717065386644,-0.539364395963117,-0.113293639378831,-0.322476831897604,-0.302593252240089,0.0421680062133433,0.265165146308574,-0.133555278187148,-0.374825533141822,0.161851127088992,0.521890030546179,-0.0038680973930607,0.221912330079353,-0.3194209587019449,0,0,6.0870778e-05,0,0.00026837511244596736,0,0,0,0,0,0,0.0023294459591174654,0.0,0.047812667190245337,1.254058322476145,0,0.0,Low Risk
2.11676853949702,0.154861775750522,-1.94954906833623,0.275848472231549,0.722109294191078,-0.535227607645582,0.185309115887408,-0.208609982499861,0.507679472563566,-0.382675376315432,-1.07108000770459,0.0451820072112138,0.348571523672895,-0.9159220492286,0.229179367707963,0.482105461472723,0.246214657337597,-0.134934503722979,0.276584077056879,-0.124659567865293,-0.401673490944816,-1.03998939772887,0.263666601090337,-0.0574685803446101,-0.172444062764058,0.208047090192704,-0.0623460317449,-0.0360818034283528,-0.3454194655171035,0,0,0.0015062827,0,0.0005234999789543013,0,0,0,0,0,0,0.03614891952379463,0.0,0.016047365223808643,0.7273554072372235,0,0.0,Low Risk
-0.831643165584823,1.26630447919489,1.20761323632426,1.26766655877578,-0.0883593606263823,0.195940985689795,0.167679317207484,0.637725213179117,-0.821595589765938,-0.171848924130702,1.20968218242303,1.3860730130711,0.366830059061618,0.428271484442872,-0.60009042134467,-0.990115079664706,0.590700720849111,-0.285591503562115,0.927384194291536,0.0704339377737102,0.0810540256379149,0.453814641731785,-0.103313407724015,0.252045101908124,-0.106885320780163,-0.253094721794293,0.307496847943425,0.125302355464258,-0.3294050242991641,0,0,0.0003590714,0,0.0002030478251976393,0,0,0,0,0,0,0.07466462151968128,0.0,0.023498916546189734,0.3788949662019066,0,0.0,Low Risk
-1.06188808549444,0.30779007167664,1.18045344609851,-2.86725228994737,0.009395442795248,0.78738810116652,-0.350103512968833,-2.07924757056148,-2.0911875710454,1.86121522583578,0.544688890708335,-0.437649826253185,0.964356267160617,-0.955148282202747,-0.801367264791495,-0.817567783289428,0.179911730612736,0.502199355250487,0.771733149681272,-0.399956036325826,1.35543414929006,-0.463022359609009,-0.280960047218269,0.202834893574451,0.558632895155677,-0.0738357368324483,-0.755198573747184,-0.386347773671473,-0.3333587142756628,0,0,0.005735367,0,0.000606574253665096,0,0,0,0,0,0,0.017321563950309274,0.0,0.09727067905853597,1.4207198250785225,0,0.0,Low Risk
-0.297329684968269,1.15371028401035,-0.438003459374888,-0.707019097340741,1.76550553695729,-0.923957873129238,2.02767444041798,-0.590642809462058,-0.801259154309966,-1.0482520182286,-0.60846605215102,-0.343662911855932,0.1006460065953,-0.999832917540062,-0.528506351728354,-0.388415976619574,0.617945408668788,-0.178522873007113,-0.163557371465994,0.0958222015381506,0.0590440622743705,0.38670953239413,-0.472251254352451,0.595139635311471,0.570148444217309,0.666505334850088,-0.165059973348818,-0.0995204559815965,-0.21155311398958948,0,0,0.006732619,0,0.0031900430885908816,0,0,0,0,0,0,0.15380350487437344,0.0,0.046521133923418695,0.6809937046712468,0,0.0,Low Risk
1.38399262017825,-0.797879222900228,-1.41334693664605,-1.72202928739772,1.50284370559939,3.13281212674318,-0.8389920841951,0.696180238634913,-1.08405129908781,0.738116278016573,-0.262420432377047,-0.304989459229336,0.331304617683415,0.288186822026464,1.0300164869547,-1.00293425967698,-0.518004601313597,1.31543836157077,-0.399641337163855,-0.267342518327573,-0.415500286966387,-0.947144840644619,-0.0264839062696298,1.03746787057464,0.422878342351663,1.05121364596075,-0.0703170457113822,0.0050108890196995,-0.162231829939327,0,0,0.00021291272,0,2.9579651970486227e-05,0,0,0,0,0,0,0.0005874717528921297,0.0,0.024919787568240367,1.1943523873684883,0,0.0,Low Risk
2.01327757689284,-1.24342087381869,-2.28684848366679,-2.91378475323609,0.249357466357882,0.0238436696709153,-0.1465492281625,-0.101966882676895,0.660742660092759,-0.568024769282109,0.0071465915052209,1.09933100981496,0.809540882204514,0.453573777594503,1.77992144462671,-3.8022001809791,1.03008802753071,-0.282326076620197,-0.801908174817178,-0.523970320686139,-0.116800920833982,0.37549505871401,0.0984107522795645,-0.325963111741676,0.157724857687322,-0.641410971196549,0.0759176316698108,-0.0497638479372459,-0.05268666220663875,0,0,0.00084307557,0,0.0006759104353343012,0,0,0,0,0,0,0.005731086259671212,0.0,0.07083804733671496,1.8366295287134018,0,0.0,Low Risk
-3.60808342741559,-3.84387095143346,2.15070105748212,-3.02373377705158,3.3267361149947,-2.6084264810865,-2.32746338820422,0.714256668847385,1.70150415749153,-2.18090090490982,1.62882031068349,1.31247582634219,-0.897578858068427,0.494675061170365,1.26134171424746,-0.463412161069618,-0.422717365293896,0.151621458305819,-1.02656239655336,0.700975040648944,0.498190386605249,0.319395188666099,0.419528803752959,-0.318592614180117,0.607678294998308,-1.02865764594218,-0.0357165565759213,0.123618679359044,-0.2997723176066177,0,0,0.001229848,0,0.0002722411879919439,0,0,0,0,0,0,0.011879427293685952,0.0,0.10103810790634207,3.2521343000373757,0,0.0,Low Risk
1.49585992845271,-0.92393526546191,-1.10507833255077,0.781950553294819,-0.494776145473866,-0.16006316580157,-0.30794606173746,0.0203143538452668,0.78159321101493,-0.390569737639325,0.934637730989789,0.852762308393405,0.434863480941993,-1.23535460865427,0.0168797792994954,0.99952516988386,0.0569541284161702,1.19845842065665,-0.339083806104665,0.353200109662423,0.370150598818627,0.741512249778494,-0.168352808796432,-0.421676055745749,-0.253459808737115,0.441172706828517,-0.0388240466912631,0.0088179299489904,0.6246722841710957,0,0,0.0038342134,0,0.0028655678228207623,0,0,0,0,0,0,0.14640820564486165,0.0,0.07617428826426198,0.495221345896409,0,0.0,Low Risk
1.46402817880763,-1.20296537034596,-1.5613100976558,0.409946059705846,0.0641687371354289,0.41669059881463,0.0960743943930764,0.0046431238922619,0.502351704871994,0.105744684915958,0.196585311181513,0.803525892641047,0.253962806393981,0.312706549798049,-0.267492761752354,0.508524175450198,-0.920862376423412,0.353319240885245,0.295166890781058,0.454451946142784,0.146529825219972,-0.156298375309818,-0.109903645830855,-0.0775833675360853,-0.229170834043814,0.194742999666656,-0.102031105496101,-0.0127125493176517,0.8643297947667434,0,0,0.0008010101,0,0.0005083497514228935,0,0,0,0,0,0,0.015840226163172183,0.0,0.008164101626982957,0.4608370519142385,0,0.0,Low Risk
2.03273065093818,-0.201300559774792,-1.43847884153901,0.0998183520306374,0.0707942073685654,-0.676213913846949,-0.0535808773475731,-0.0533462492095803,0.749639725811756,0.120416953699789,0.717477984155495,0.0824755763079088,-1.76729257999186,1.0192244719399,0.384969124662638,-0.0058225653254246,-0.679530709070734,0.799282565560466,0.0936979384488754,-0.328424549290481,0.300402139791041,0.892588323482221,0.0296747600279607,0.740656768752047,0.255428487020049,-0.469759787492136,-0.0114329544014491,-0.0601513877494168,-0.3493332192312134,0,0,0.009129717,0,0.001190587696286857,0,0,0,0,0,0,0.10033736315014843,0.0,0.01972053737977119,0.5879058258399196,0,0.0,Low Risk
0.584042886159305,-1.6371771049361,0.379417223473768,0.412868731428427,-0.617548089898654,2.20317031801604,-0.947580179358042,0.755653049944936,-0.481575629571655,0.600895289466964,1.15853940300868,0.115813148798606,-1.40472958631143,0.415544386238804,0.935237887284696,-2.31217326390444,0.870060218712345,0.333987865497012,-2.32225583482959,-0.230567877980265,0.0461013775275217,0.220070686564847,-0.188926008731573,-1.3893109325111,0.0740493855986536,-0.113324012643387,0.0851970443259005,0.0479573601708876,0.7249522390295645,0,0,0.010695831,0,0.009048767203473123,0,0,0,0,0,0,0.06451606134497598,0.0,0.27135934856261673,1.0917143438198869,0,0.0,Low Risk
1.57523287720103,-0.655281260172275,-1.93917271978286,0.467432245132286,0.395481418657832,0.244910730465824,0.0065198398081571,0.192507917031546,1.18793015440469,-1.07414642904718,0.0036722144594519,-0.132116774247452,-1.45416754664434,-1.21301428469349,0.863339492735754,-0.825462760713502,2.15075812826536,-1.1716472591544,-1.07810455855201,-0.0402887012438655,-0.0868786419727209,-0.291852448397246,0.146989004499935,-1.1880008175373,-0.393569210688153,-0.0032325554461507,0.0099864600984119,-0.0046722001988367,0.3227142042488004,0,0,0.32458487,0,0.20000001122617705,0,0,0,0,0,0,0.2234624045103528,0.0,0.34767974353338893,1.0465278330172507,0,0.0,Low Risk
1.37407291859877,-0.544422019093509,0.11750544820057,-0.831207067892451,-0.660605389950454,-0.584247265160986,-0.397050505926277,-0.206242286295778,-0.856901300482507,0.574391523193823,-0.820307861010339,-0.512992875874328,0.874906309966052,-0.263921681490114,0.782026247297499,1.42357817449121,-0.0957220479686167,-1.441063077642,0.944876256635537,0.229561954098135,-0.156480486588005,-0.661377747885442,-0.0017422918103206,-0.469657039807901,0.33500589138134,-0.471575089996784,-0.0005468879902685,0.023154259709494,-0.11965977423278466,0,0,0.0016143756,0,0.0019519445777248002,0,0,0,0,0,0,0.01833807936488279,0.0,0.025488529161995118,0.7914226990850219,0,0.0,Low Risk
-0.494736322357017,0.780066214251408,0.543307722726305,0.0690462601276711,0.895695029047418,-0.966550720426446,1.01401453423668,-0.509372769570846,0.204377445869396,0.0972546233123507,-0.725993035711221,0.284620076581005,0.285307992643826,-0.0761530630537098,0.186028777294045,-1.15329622696764,0.0388049250106376,-0.587577597662,1.1747929601584,0.0414769780911295,-0.196447147661486,-0.0678283951504209,-0.195438030172804,0.0048486780318463,-0.516947391904001,-0.438970899838621,0.0807900921470757,0.0095283152159865,-0.32549127058505417,0,0,0.004898795,0,0.0008569505805266179,0,0,0,0,0,0,0.08979457227001145,0.0,0.010990254839663816,0.4859281596014621,0,0.0,Low Risk
1.9801988303726,-1.13427079881287,-0.398373897221393,-0.424962552843178,-0.869556948119541,0.446644577032129,-1.11787237192615,0.0588399806468728,0.358600920680277,0.553266946103832,-1.59524404055174,0.563223540788406,1.88329131143558,-0.701453826373327,0.702087918927626,-0.896191977625734,-0.774427491648449,1.73865500590495,-0.813778028047695,-0.324244535934533,-0.284632931642791,-0.309273207539867,0.210861457484266,0.013496976833969,-0.36694071335583,-0.415063203669109,0.0709934041865009,-0.0050397333516667,-0.002886143007709755,0,0,0.011079665,0,0.003442052242633588,0,0,0,0,0,0,0.01115597890284029,0.0,0.07154160616972305,0.9717009879715569,0,0.0,Low Risk
1.95801635994802,-0.51092336350626,-0.256059401033488,0.539303915061298,-0.903482903159574,-0.563378139240838,-0.686495114685339,0.026005113446544,1.64394409925703,-0.141330193334165,-1.1354953410381,-0.113403978641844,-1.05378144204043,0.0404751623517855,0.649405509122426,0.0690365784785782,-0.373993077986653,0.250289448025396,-0.29924836224443,-0.295491625696098,0.188690629539643,0.745222306050019,0.136788043109426,-0.0195803899373904,-0.152909541046679,-0.206564268446044,0.0366456782812206,-0.0386839927099717,-0.29929308245795117,0,0,0.0019133359,0,0.0001813525680988663,0,0,0,0,0,0,0.11946555519139414,0.0,0.009650569597333625,0.609357260746391,0,0.0,Low Risk
0.043480035409241,0.798405537148511,0.278203733484144,-0.573839083178912,0.318165489504366,-1.15464367155566,0.945805137837916,-0.153614321609213,0.100142353181297,-0.38235268497413,-1.08191601514764,-0.368236667477959,-0.948398684955511,0.303250285487574,-0.298984040200869,-0.0510721589079155,-0.350622748882967,-0.634136147793123,-0.0806920992320455,-0.101294361655777,-0.271207660791197,-0.648075014380271,0.0811979880193854,0.0132578076848651,-0.523009914508825,0.140959115346961,0.241087083464254,0.0954232003668194,-0.3425839908874933,0,0,0.00068050146,0,0.00040562304089106796,0,0,0,0,0,0,0.03140539394777965,0.0,0.008140815905791085,0.5699333022453484,0,0.0,Low Risk
-1.53934999665118,1.938019466686,-1.28956893692781,-0.747991075845807,-0.272801652709356,-0.89477090446548,-0.0772044806959201,1.21113543563856,0.0366623528428699,-0.472587419562937,-2.20950251637678,-0.249500880662422,-1.06333798143589,1.16035464489944,-0.589737347527784,0.195138323139648,0.0782501475928674,-0.382086991624676,0.135644030098986,-0.183794228441097,-0.143918626268979,-0.492348815112945,0.169273996675839,-0.676019553997793,-0.629354675711395,0.216458379529048,0.223380005990326,0.195478501427749,-0.34597857319054776,0,0,0.00026749072,0,9.461511982372839e-05,0,0,0,0,0,0,0.0012033403897431013,0.0,0.01371049580527376,1.060837468560255,0,0.0,Low Risk
-0.517074938344385,1.48263272103933,-2.12895346552736,0.0405665440575885,2.57240815715452,3.7167548967272,-0.501822552103967,0.374314095549373,-0.67679688490332,-0.376283265628718,0.339866282253328,-0.257609327294666,-0.0332979180932481,-0.243742569089419,2.47347492042851,-0.850893893426461,1.57123431938535,0.973303105307793,2.12250193546435,-0.0123878615644643,1.15465619991799,0.769140003809595,-0.0776615404289738,0.649716574387309,-0.491522525148698,0.254503547567772,-0.0638289527105271,0.164207496593914,-0.3172644005329456,0,0,0.0054547535,0,0.001426469250774394,0,0,0,0,0,0,0.02475669081217282,0.0,0.16134142052265113,1.4260473164954666,0,0.0,Low Risk
1.72534688132518,-0.271255649548486,-1.76476504537866,1.53157953832053,0.234904657035393,-1.18083811573407,0.875954617314581,-0.490293522761457,0.177579166013453,0.190273083655079,-1.00555755688214,0.335465376770582,-0.191551917958264,0.557141107864424,-0.550870299052628,-0.664077821372939,-0.177296577637465,-0.54651391537286,-0.206918552031998,0.0352207019830016,0.142846759819385,0.270498714125517,-0.150097651004265,0.0612505800963313,0.41408569969753,-0.512489188575454,-0.0480285649814668,-0.0332006825149028,0.3251503162545218,0,0,0.00019581245,0,4.4534658341658075e-05,0,0,0,0,0,0,0.18570703521686785,0.0,0.028680725617062523,0.6833192598736259,0,0.0,Low Risk
-1.56470877102446,0.879477945549959,-0.475141230041042,-0.550711384543665,0.0966140169159612,-1.13137892291425,0.275611884510211,0.498063764961083,-0.0391146889901078,0.111747854051628,0.629900995064942,0.844365674702574,-0.424019233677748,0.65306574839253,-1.01867348230287,0.267786770674629,-0.41676015627453,-0.214026768687072,0.220504556714133,-0.439703317367996,-0.294765960025427,-0.430809082481726,0.598646279407156,0.0555203046245661,-0.370372965863952,0.103807948982611,-0.167389686608929,-0.299002434389457,-0.3174241455825011,0,0,0.00015341165,0,0.00020556759321160438,0,0,0,0,0,0,0.005187054095513366,0.0,0.006412533228732879,0.5584783458611872,0,0.0,Low Risk
1.9855651825559,-0.392878911339846,-0.456363475781098,0.130417142909798,-0.48703907256837,-0.272618074122944,-0.548878012277109,0.058780224525164,0.799000420779034,0.170762481778333,0.575411023129365,0.946247268923492,0.059202346628514,0.126236924350453,-0.15417426577073,0.721638227115086,-0.886325178127321,0.120595904139972,0.399992144367972,-0.167107900467575,-0.236037922040131,-0.615320096031579,0.380815082018566,-0.41939875711317,-0.627768785165748,0.237156558753567,-0.0442499208462097,-0.0573896406403525,-0.31343051934361343,0,0,0.0004899281,0,0.0002209243960815655,0,0,0,0,0,0,0.013782722029518711,0.0,0.013576611054180265,0.4960455802887097,0,0.0,Low Risk
2.31295648439205,-1.4036378719343,-1.09262760822738,-1.5653973248026,-1.20696437517935,-0.687145197040761,-1.1255061567239,-0.143000094541297,-1.04983177397379,1.61257186166634,-1.27984496557529,-1.52084858164311,-0.861670432794236,-0.149317205066686,-0.0350116355435373,-0.530836041852114,0.55805146866323,0.053004734541877,-0.0940375681525327,-0.497995798696287,-0.19257309832787,-0.124625572818138,0.274952076530274,0.679781779500058,-0.186232921015476,-0.189718585792602,-0.0045079502184149,-0.0475251240595036,-0.29342245188678634,0,0,0.0021915033,0,0.0004435705804026907,0,0,0,0,0,0,0.03526989006618003,0.0,0.04318848522247227,1.2891520699583368,0,0.0,Low Risk
-0.0902601918648124,0.456101798019459,1.65615926854613,1.2815648965554,-0.4514516317461,0.579337401302317,-0.250121352019638,-0.469321612562886,0.266766697786344,-0.306349559526918,0.250454849487825,0.0594796722427574,-2.48296866778352,0.487924536369369,-1.11453378688544,-0.564083974719777,0.357317375918199,-0.0951217268807825,1.29305222262355,-0.255757484033785,0.197563181781034,-1.85284282212885,-0.146944884813369,-0.107993917119438,1.25386789097899,-0.696409307701838,0.120524814103565,0.145167045985253,-0.23787111090385912,0,0,0.0024086025,0,0.0030089661363932475,0,0,0,0,0,0,0.15715408886438817,0.0,0.032782439921681866,0.8437647400078546,0,0.0,Low Risk
1.39534508102627,-0.469220166605701,-0.402679906017726,-1.09935333665286,0.0225148036954984,0.155617501112495,-0.327599673255791,0.0238668524779747,-1.25970741350183,0.752666734535794,0.736718378962238,-0.11926544634153,0.223068674990995,0.222126522188317,0.150974259206439,1.17881826551135,-0.0300024052368809,-1.48892043987828,1.16206825074948,0.113083475672429,-0.19181676467015,-0.722103799411579,-0.0121934169661942,-1.17951942154486,0.394041227174827,-0.446590872557972,-0.0080424132841859,-0.0084304900242997,-0.24150531078124685,0,0,0.00060362136,0,0.0004649398305192149,0,0,0,0,0,0,0.011285970491322883,0.0,0.025094164166510762,0.7378531663613414,0,0.0,Low Risk
-0.56833795241377,1.51703342711616,-0.207057359355552,0.604820700187288,0.377430523756115,-0.684023171197507,0.87390413945952,-0.0480149512843425,-0.110586820774375,1.31206095301198,0.853310366910655,0.288933041983683,-0.572985175969957,0.559201958218714,0.0984291248735048,-0.29441107392068,-0.517832984485161,0.497147847273912,0.715933637635974,0.384392287117421,0.0538387403997103,0.562077948966968,0.058913544762821,-0.006802494002886,-0.544411968431208,-0.393627712948803,0.765601036446108,0.395589363078071,-0.30943689310472583,0,0,0.00118368,0,0.0007285988510086739,0,0,0,0,0,0,0.059275370881900644,0.0,0.12342558218898726,0.3424433524285005,0,0.0,Low Risk
-1.13111201073183,-0.152172176363127,2.69752120413599,2.66995829144285,0.723275416451921,0.848424842053049,-0.881044714246605,0.678564974890754,-0.74958438091714,0.469127786767036,0.555283625406003,0.257896378538069,-0.462908797946141,-0.128988010232375,-0.226217035813908,0.166663455984355,-0.0587998212637189,0.320630521300492,0.352461032860834,0.275226939911405,0.0906338622044803,0.0707000318941586,-0.0135481118082524,-0.318666173944886,0.123480180033831,0.174185173066508,0.0141568341443472,0.0065415679789697,-0.30172919446367263,0,0,0.0037297443,0,0.0005774918122940867,0,0,0,0,0,0,0.2474711646457654,0.0,0.08539542443882363,0.611777170180092,0,0.0,Low Risk
-0.494944743709723,1.0588534803186,-2.10490789730927,0.0433417769912137,3.50458085470307,3.61242765354252,1.45564046125662,0.421865855548619,-0.593293984045434,-0.212177908667035,0.195388591506753,-0.537617251997293,-0.545460312926412,-1.11221713205319,0.288831626924288,-0.797621286830153,1.07402599422796,0.230538489135207,0.494324957847866,0.152207233204138,-0.0330813854490056,0.327782550115471,-0.169141728832705,0.592868937581072,0.0696245615264107,-0.403259469613335,0.0908779000839628,0.0615934887675622,0.08277713981643035,0,0,0.011168748,0,0.0023037362574571153,0,0,0,0,0,0,0.06720494109426253,0.0,0.06810953846173003,1.2502090985909795,0,0.0,Low Risk
2.05253216129564,-0.1551115629315,-1.25519779972276,0.194225440151122,0.0948253580570434,-0.630316053646489,0.0325838067236661,-0.124778567599018,0.401439226443585,0.259732134314023,0.433827987676267,0.664704613362807,-0.511610193220705,0.557752668538747,-0.562622991494741,0.256990641163577,-0.679054183135595,-0.148485354247926,0.618947222306671,-0.234733028500754,-0.275478384288917,-0.721319457089657,0.275834455508376,-0.508397417645912,-0.284392447196982,0.209920344640509,-0.078927037607398,-0.0761784142853984,-0.34621819076488103,0,0,0.0052124974,0,0.0005962384079589789,0,0,0,0,0,0,0.01944471000311987,0.0,0.007971167823204546,0.5612200429401196,0,0.0,Low Risk
-0.53722700165721,-1.32298395891791,1.68628500064249,-2.06633109519334,-1.24448004552164,0.108341131698702,-0.753865239353303,0.316705558114969,0.680113586456626,-0.824767460907663,1.01249363178069,1.09780339568205,-0.254007558538248,-0.157033364575934,0.760276421043625,-3.6287146179626,1.28659433596794,1.76778183750726,2.39203794426861,0.0393488907089371,-0.219010099574472,-0.0224203840118406,0.31519187613092,-0.001754613720174,-0.542956918740816,-0.665004522349236,0.270797348762618,0.181297779894576,0.07926274872620918,0,0,0.0020720914,0,0.00029793197593723844,0,0,0,0,0,0,0.03807694939076038,0.0,0.09365711034108373,1.4542399555244023,0,0.0,Low Risk
-0.83587023379474,0.347191208853341,0.900423627935755,-2.42095641610885,2.39910656588514,3.67965494852148,0.892104262798989,0.136048691712552,0.22532611984705,-0.0039101171321457,0.0696253500220899,-0.592335374059505,-0.136456302949522,-0.671888935885312,0.945262012043462,0.815021327134407,-1.52433038864289,-0.0098226422787911,-0.262274428564056,0.132865265880535,-0.339457675364573,-0.769837553864298,-0.338221473001959,1.03224835311954,0.075625096027395,0.5794192370328,-0.880131308392136,-0.642508028255025,-0.02277440167737027,0,0,0.0006646629,0,0.00013162822868279496,0,0,0,0,0,0,0.0009080509650285897,0.0,0.057102289304229475,1.3650585846103926,0,0.0,Low Risk
1.2827565811752,0.0134941411612395,0.174402853920709,0.653482289346176,-0.193311685307147,-0.248519013877514,-0.0630306525013211,-0.0599015465136454,0.588351561328055,-0.181078609364693,-1.48728984293688,-0.0368891245464044,-0.333562498075703,-0.0302676071267378,-0.101146793217989,-0.0175018664738371,-0.246580767393457,-0.385868964497753,0.53574614677082,-0.113451755201292,-0.289708659727619,-0.677189717799376,-0.0892545130888641,-0.435129181045257,0.549130457765174,0.322410907538106,-0.0270262829845487,0.0040949314756164,-0.30991612825339226,0,0,0.0013015784,0,0.00023633871694285027,0,0,0,0,0,0,0.03902252171902759,0.0,0.008429574662159166,0.45112751927178424,0,0.0,Low Risk
1.80349747049655,-0.543558436257861,-3.2124043867224,-0.558472240862579,2.46322779544416,3.22968205838298,-0.384866760147066,0.80439105679498,0.862880645863861,-0.925379086991049,0.313824604961663,0.267727266233057,-0.359840505925564,-1.35721210700893,0.32268654433173,-0.0317526677582601,1.11384114491938,-0.0180931477919469,-0.0555065032473433,0.106015033057605,-0.193564062454683,-0.6497709466665,0.131853667134948,0.577244169664815,-0.0677676938181944,-0.0787401690508677,-0.0059486048396709,-0.0064597074506541,0.10526125554136781,0,0,0.0021269468,0,0.0014582884787982021,0,0,0,0,0,0,0.009900984169294498,0.0,0.08916755420348413,1.2880302801513315,0,0.0,Low Risk
-0.935657460332511,0.836350451300127,0.996811638856003,-0.574027220966678,0.506118534137726,-0.740654733775518,1.14680575649976,-0.131860563219487,-0.473468593604399,-0.462404549361215,-0.270321030905973,0.148292817755784,0.19027607970301,0.171467693870536,0.371590707367292,-0.142231741557775,-0.296065484599205,-0.90165841340285,-1.02260371445238,-0.0176013112670044,0.0357428256620861,0.204049460342101,-0.0235996719376643,0.119564369351811,-0.0138879259404316,0.318980415732953,0.18214429451037,0.174962358073418,-0.15803852238849497,0,0,0.00169318,0,0.000618187728402054,0,0,0,0,0,0,0.03141370323512493,0.0,0.02029509821294646,0.4914485030270106,0,0.0,Low Risk
-1.17971534114514,-0.422926908785207,3.03380987434546,-1.40847084623013,-1.1805139296711,0.41206716832668,-0.835621309046674,0.455357971462096,-0.0659727406516216,-0.0485342559258146,0.391038972647209,0.41671262951909,0.0835646776511055,-1.47677192063223,-2.65051784795214,0.884693682275933,0.392915671778431,-0.815321229862431,0.775504580780498,0.170954113598119,0.198096886418443,0.934955563434806,-0.202160507430839,0.402285373367305,0.574405207842672,-0.135244814994265,0.235972451530449,0.107032591263573,-0.2958186276301189,0,0,0.0031783506,0,0.0006880344287138762,0,0,0,0,0,0,0.05071498327165546,0.0,0.08976843410157118,1.091323592700005,0,0.0,Low Risk
0.580717067742821,-0.773120798810938,0.0235689174558675,1.52335996401972,-0.723984555401567,-0.77020242132296,0.53397603344853,-0.249049119099574,0.0474890888510747,-0.0721165813535194,-0.527235450249401,-0.171538784311156,-0.565985251284078,0.536694608422734,1.05259143845643,0.225243989279146,-0.424607735199067,0.0812340983260389,-0.57838993856015,0.503929316899191,0.267352298657139,0.0200871376276369,-0.398701478567307,0.401088160452026,0.527208478089489,-0.314873170794604,-0.0499727433464218,0.0795273234421504,1.0131722446900864,0,0,0.005022284,0,0.0008040148466243182,0,0,0,0,0,0,0.1752405904731569,0.0,0.04920754963960271,0.45520179150151613,0,0.0,Low Risk
-0.916466959495371,-1.09136659234035,2.0911933637402,-2.22094538609266,-0.516893563312025,0.223005062188758,-0.658605317356822,0.21337579406874,-2.0234884854969,0.544804060017188,-0.120743442618752,0.160319696247595,1.15141879565303,-1.18872017516826,-2.63368713694694,-0.645861987422622,0.393692604898129,0.406505844973969,0.360220411915947,-0.0231910478408149,-0.155329348386156,-0.0465394791834396,-0.228672214751884,-0.320542674998604,0.674024264837982,-0.148832746850063,0.0488032696010723,0.0591445355124347,-0.11203194811650923,0,0,0.0011397152,0,0.0003352986937149979,0,0,0,0,0,0,0.018884614093757274,0.0,0.061812692643612076,1.2495442359356288,0,0.0,Low Risk
-0.519294909088266,0.26448323682505,2.03605928081884,0.161142080587618,-0.460663064623204,0.545509368974247,-0.332716579749419,0.337195756872708,-1.38598503969281,0.727274867500461,1.01144917866059,0.851706559489649,0.910779610185859,-0.261720735968125,-0.0744498593885074,-1.96770894618975,0.179694982585897,1.63734245933797,-0.389629783400942,-0.189068303588864,-0.0842441934549172,0.515914159300598,-0.129626955634876,0.0309522410454173,-0.200128151352584,-0.160598117672025,0.463947272760944,0.203486359426681,-0.30592250201450466,0,0,0.00017470052,0,0.00011549531786204866,0,0,0,0,0,0,0.08312235836803655,0.0,0.015042302343992781,0.5970618344388723,0,0.0,Low Risk
-1.3369425809839,0.979398469962778,0.877016671626426,0.558923553487082,-3.15712608100139,3.12327387813674,1.86511769885817,-2.40467901780645,0.000668206243535,-0.603193008294313,0.795679558670675,0.542588924897441,-0.204996943695857,-0.144379212078027,0.0314248730937656,0.525115040066184,-0.417872183206861,0.596639720153223,-0.363277613997365,-1.07363212128751,2.31169381412825,0.107720171770886,0.0651129902450308,-0.285962345648726,0.085199454745011,-0.205183528511624,0.675850751235458,-0.193795620171559,2.102753291445804,0,0,0.0122821685,0,0.008856046184920526,0,0,0,0,0,0,0.47609454528746753,0.0,0.18573545832911503,1.6854217152314055,0,0.0,Low Risk
2.1267994364176,-0.208599931126219,-1.77690454633623,0.0490031496411056,0.322242459479414,-0.594739872152367,-0.0022255447621965,-0.123438269535676,1.13980782035943,-0.0317928392549613,-1.72635752562124,-1.12985760986522,-2.0848378601054,0.884284466865989,1.19714752023529,0.036117914779182,-0.664581688848575,0.607804775693562,0.0836491736457236,-0.349769477638689,0.194474758330493,0.601874419659721,-0.0420036820164159,0.0462860088106569,0.365282849093111,-0.405127224799595,-0.0120417236837049,-0.0585362633667675,-0.3493332192312134,0,0,0.012902053,0,0.004226267464054247,0,0,0,0,0,0,0.09423428080850961,0.0,0.05914287201371846,1.0012413703355203,0,0.0,Low Risk
1.98470043460989,-0.142826892657072,-0.841506512498331,0.414340562826294,-0.261437287582531,-0.990631214105442,0.0444146019589839,-0.344628767402345,0.921865726244147,-0.25323976901809,-0.608378883660242,1.30933575454916,1.54211729600664,-0.128054758068596,0.281884040772963,-0.39219906881989,-0.486944529592891,-0.181251001437362,-0.0912033337381099,-0.113265315869274,0.187938782068026,0.817006266076082,0.0265312019155036,0.102447050526674,0.206644645163859,-0.534907087889561,0.0390055490971013,-0.0379071983654916,-0.2492130094223,0,0,0.0006726816,0,0.0002312525725264427,0,0,0,0,1,0,0.062243091874432235,1.0,0.04127264039422178,0.5725639393978824,0,0.125,Low Risk
-0.139830469783005,0.194810219085428,0.373033290252684,-0.471939776377216,-0.0157684766706675,-0.0995074479517678,1.11574550973858,-0.0322410338948642,-0.233551353582158,-0.559106341703162,0.375057480997612,0.629745410722067,0.0810589193938702,0.153921282198198,-0.892138817694166,0.411933062635824,-0.915510991687878,0.372496660782068,0.0467923104745877,0.169590299996577,0.151937431864096,0.244202526706187,0.252124847924714,-0.33568665251186,-0.386503684631271,0.139873272073977,-0.018785501040338,0.0397592947668932,0.257498287767765,0,0,0.00092539634,0,0.0006642828204164772,0,0,0,0,0,0,0.02886805013268199,0.0,0.012626141939582813,0.3325815655816923,0,0.0,Low Risk
2.16069592841849,-1.03054895720783,-2.84370722642613,-3.25659302188324,0.837540956478168,0.303555748065237,-0.0609013288077936,-0.0157788782210265,0.240037030042724,-0.283709914859395,1.10711731859935,1.17901136759402,0.202968638729158,0.952721332301785,1.21710342041215,-3.44428499351261,0.528923838072025,0.48026833994972,-0.179239619049921,-0.642941126506122,-0.13542527575623,0.342723100630757,0.0183189442915839,-0.939400710913181,0.349910493705688,-0.585223385196965,0.0526474222317706,-0.0838168170348794,-0.27912526995156856,0,0,0.0005038636,0,0.0005834032394729804,0,0,0,0,0,0,0.0036276999479796647,0.0,0.10695432659883337,1.8113137256319176,0,0.0,Low Risk
0.0575167161185336,0.634549785829123,-1.68772453818679,-1.52796004340314,3.17110354880516,3.17875369932775,0.336059806360891,0.923801509827234,-0.158206339017595,-0.80263535812725,0.136701823507569,-0.153047793925599,-0.425090706194297,-0.748616350505846,0.158367321788628,0.215076788502665,0.352846517718006,-0.370978560882734,-0.400352080751647,0.0797746599402896,-0.325309177833238,-0.910895178065608,0.140860926063347,0.591834081464954,-0.417890311231798,0.163962894040434,0.24055128547592,0.073019721134553,-0.3174241455825011,0,0,0.00018805689,0,3.706687364507625e-05,0,0,0,0,0,0,0.0025900829089242623,0.0,0.02447467728331455,1.180963311976971,0,0.0,Low Risk
-0.823457033592062,1.24802450807417,1.39274024768184,0.0847461090410372,-0.493660602471621,-0.798710559714776,0.244255530013067,0.4907771083381,-0.536975963788367,-0.565078008175727,0.0764520270066038,0.140948980961928,-0.455550022093784,0.604105038812768,1.06904799334234,-0.107650120989933,0.272164764730599,-0.884908614920235,-0.546290273537386,-0.0968183170853714,-0.130098978066948,-0.428041024781433,0.127984790600315,0.574655902576506,-0.329416697319287,0.0719698309769683,0.155124613335871,0.0599417143877997,-0.34977251811749105,0,0,0.0011990161,0,0.00011492240315737396,0,0,0,0,0,0,0.024808658247993443,0.0,0.015299905969676203,0.5148765742350031,0,0.0,Low Risk
2.07810558677155,0.236465277160991,-2.53718729393941,0.298697459051405,0.782778990779801,-1.23314429458143,0.521962166698063,-0.249055300561428,-0.0691540509691307,-0.0852490210624011,1.17044513415285,-0.323112276189026,-1.88941890410486,-0.0392258144749456,-0.0727603219336501,0.357887451272953,0.526890974960742,0.607038327914229,0.0719970912030035,-0.262664234357018,0.0350029232940431,0.0673069996305146,0.0661452494890473,0.66822996005718,0.165072810837074,0.565613546011222,-0.119517758148522,-0.0588314496737673,-0.34394182380871513,0,0,0.003799385,0,0.0014911750368713087,0,0,0,0,0,0,0.1796073373099774,0.0,0.034427499590230885,0.7390189920965188,0,0.0,Low Risk
-1.42806875641895,0.401066050138474,1.35987548135569,-3.69644345012034,0.429592413053694,-0.315496975411537,1.13471948755089,-0.557443468978418,2.20619479222809,-0.245740287840753,1.22229405686321,0.925808201242664,-0.215239708328633,-0.922975036983667,-0.302694606953014,-0.0963783918302174,-1.37717191585873,0.13106481244099,-0.328927155504487,0.278548421535033,-0.323747183724038,-0.209936667541369,-0.202590444200637,0.678944730324062,-0.047861736315663,-0.838243182085853,-0.376060089760073,-0.211761175618504,-0.19362173217698392,0,0,0.00048464857,0,0.00020032819740635607,0,0,0,0,0,0,0.0023965735537001534,0.0,0.0266775545764095,1.3346456172173375,0,0.0,Low Risk
-0.469019492888066,0.628690009626793,0.765648514930087,-0.576314608439119,-0.455471250025503,-0.485553334870413,0.198378773991324,0.112013312628084,0.475506791668488,-0.421277879880831,-1.06670830317082,-0.0393851913694237,0.130519375164693,-0.161325559589513,0.490558963604733,0.543258574999132,-0.696243811599005,0.148959883420274,-0.646059362503247,-0.270035897598389,0.264552179224735,0.847877265289449,-0.0170302589193076,-0.0408812672071739,-0.599763579168605,0.421972389008805,-0.473046295720883,-0.263416421600507,-0.19358179591459507,0,0,0.00019882564,0,0.000535201891478535,0,0,0,0,0,0,0.02288033220621284,0.0,0.00953494266924809,0.47520323979064577,0,0.0,Low Risk
-0.23076520117793,0.914932253187849,1.14102628854153,0.566978207825025,0.581044556508558,-0.0362650890667699,0.829552780743402,-0.187533739342818,-0.526108173671888,0.298939778202406,0.505382000636948,-0.226895666325446,-0.845847631885516,0.431326724830246,0.495830945879889,0.0172398085961121,-0.74888235069797,0.902351274629948,0.993673014268108,0.0233695238435405,0.118632739158274,0.448687132418339,-0.294492472812127,-0.363211692857568,-0.265195951693338,-0.348348788467549,-0.135216870610482,-0.0758049831712369,-0.31530752367589066,0,0,0.002097092,0,0.00132830084036945,0,0,0,0,0,0,0.1672664963707424,0.0,0.02004145506352387,0.33834023172153477,0,0.0,Low Risk
2.14879644732009,-0.520916037414118,-1.13336327522501,-0.629759625455032,-0.689634382221993,-1.30598980006755,-0.498979543551699,-0.276340660251134,-0.285621646436508,0.207357579463282,-0.203172693398797,-0.37999654813955,0.428648016533953,-1.54431929664118,0.0901923155991021,1.43218565751275,1.1717291073119,-1.43286456091544,0.644125408543903,0.0344828513288268,-0.328789576867133,-0.964418395491245,0.448204376467765,-0.106403073896231,-0.528377236431472,-0.679920970065755,0.0069734070364276,-0.014508676842871,-0.2671443912349056,0,0,0.026398243,0,0.00545314689974149,0,0,0,0,0,0,0.0796233751734126,0.0,0.0986888240448517,1.0864233929923734,0,0.0,Low Risk
-2.10922538444469,-0.537176167124266,1.74047070164426,1.82519603167162,0.129311840879827,0.355559260823843,-0.309531874714906,0.389935209959034,0.900526579088669,-0.240225250755712,-1.20741112072311,0.832092225518771,0.0330567867477133,-0.867737464995027,-1.4955629472067,-1.43095106843945,1.00017285649021,-1.12210517196895,1.10028464519167,-0.568180533860729,-0.417821972215807,-0.237485131529262,0.740859300259029,0.0945250839492998,-0.335383685569364,-0.541464094425279,-0.332407423645442,0.0139301164060491,-0.2788856523772353,0,0,0.0073112347,0,0.0023640263750264543,0,0,0,0,0,0,0.1610937786809196,0.0,0.11805246021930349,0.9929616585829544,0,0.0,Low Risk
-0.52792460567826,0.61801594165902,1.04373862491063,0.076111018876978,-0.728142284719805,-0.130336885442687,-0.11531864725063,0.710791974879607,-0.344922594967925,-0.464975570502105,1.1091819763403,-0.0372343005431456,-1.7178042769707,0.914904171133365,0.596686162034806,0.365057783139585,-0.140107565245644,0.412923711024549,-0.460737332018845,-0.228147990090106,0.382342428867222,0.840869765497899,0.102742856770722,0.213198969958504,-0.478448298166853,0.386054367320627,-0.10346429858974,-0.0363886629998858,-0.15544266533321802,0,0,0.00032839354,0,0.0003471170436574197,0,0,0,0,0,0,0.0553410025666567,0.0,0.017952259589481087,0.44891279816994367,0,0.0,Low Risk
1.38947157727587,-1.19768769107478,0.891563797794534,-1.42586375980221,-1.72512489283793,-0.137461059184488,-1.43772179795607,0.141560438874627,-1.84041932212595,1.55607912421686,1.55055710668492,-0.181096942094002,0.229191802517377,-0.216249923817153,0.400457366160182,-0.29494719728506,0.488427790175733,0.313916021805106,-0.587576925526476,-0.352273596462396,0.032388778105635,0.485938003662012,0.0403270453530687,0.210359436224213,0.201108517803047,-0.103251142659989,0.0626470279474468,0.0160061592150385,-0.28703264990456606,0,0,0.00084357057,0,0.00021265399562949382,0,0,0,0,0,0,0.03841122014294817,0.0,0.02348257828695683,0.9327328873089082,0,0.0,Low Risk
-0.705730020679389,1.51746194191559,-1.23945336463111,1.11783359076738,1.51813801318777,-0.587264470684533,1.15693301477776,0.178562442099387,-1.06342890204664,-0.899697468045753,-0.879704834173508,0.294098765052134,1.03694177600961,-0.956393074114621,-0.256596056799451,-0.540076514843657,1.31658568107805,0.341015075021274,0.635506163936137,0.273931875876886,0.109243024144194,0.387683410691449,-0.19559728518033,0.332514810061307,0.165216314482795,-0.394772358774859,0.328362581606617,0.176433869155663,-0.16890118575826937,0,0,0.017297972,0,0.005727978608147789,0,0,0,0,0,0,0.2207962611813152,0.0,0.09194442821530774,0.605626424660084,0,0.0,Low Risk
-1.87640813062254,-0.690369562737328,1.1383521250154,-0.799069875377097,-0.310788670891181,1.26799613088622,2.01095624017552,-1.12596980783141,1.47661657270783,0.928763685072871,0.392678266088757,-0.8958650579085,-1.60466593052009,-1.08681243018163,-0.112509733861948,0.524091478986239,-1.4327953128107,0.840055554435118,0.273562566990288,-1.08577402514097,-0.233853004266974,0.993444794955719,-0.37785995149962,0.446378956644319,-0.244111241755534,0.454987113496905,-1.07619806141016,-0.66858601847648,0.9339786363729441,0,0,0.022703633,0,0.007400099795090111,0,0,0,0,0,0,0.20860865076471577,0.0,0.1412151467631936,1.144328050363036,0,0.0,Low Risk
-0.934664733696079,-0.401561140999275,2.17828294675999,2.76001609720098,-1.61328646095503,1.10130364547276,0.46288787790405,0.0942892680393377,-0.0073894827787203,0.209558067943939,-1.11803992785715,0.153456716380934,0.529941297720388,-1.02358754928926,-0.52423931751434,-0.332805395204573,0.570489912053127,-0.195655993780097,1.4659098610371,0.205606897527583,-0.0515840056560341,0.266778573646178,0.510621326349554,0.488659654865487,-0.492443335548055,1.15238383736507,0.0818086231134087,0.0411387154039202,0.8203999061389793,0,0,0.18123405,0,0.10331807670863198,0,0,0,0,1,0,0.3224223821606546,1.0,0.275554897138686,0.870419879315596,0,0.125,Low Risk
1.10214613859417,0.022364747847394,0.454896805908539,0.422853620440831,-0.10741676007595,0.267137099373786,-0.211107724037888,0.243475058614958,-0.151804150271791,0.0217999642456566,1.8539685802332,0.97780197233425,-0.2876848698159,0.592021701712712,0.89217400692677,-0.0674294387353712,-0.0826902845824488,-0.891444127439859,-0.555083548370507,-0.14814217995354,-0.146499478074249,-0.446946440384827,0.177699476749224,-0.304577582741121,0.0182332506285156,0.136481394666657,-0.0055084011554012,0.0035043910357151,-0.2894288256478987,0,0,0.00048481836,0,0.0001849699932841365,0,0,0,0,0,0,0.024966204812213226,0.0,0.01156753330670843,0.39831399525376776,0,0.0,Low Risk
2.09686773484866,-1.57635174349257,-1.09018202327682,-1.64121776412254,0.747902107042861,4.38127035181029,-2.27185040714024,1.24410364788478,0.857574400777001,0.521209799822805,-0.538616128263592,-0.0913449823190401,0.0124857229553981,-1.03342302834917,-0.627622460798458,0.817203034446184,0.413983039974177,-1.43879767538259,0.681334372577159,0.0103146023849854,0.133371883025977,0.597006400219528,0.280175101917602,0.737921811417605,-0.302254901770024,-0.168414778236794,0.0826474835442429,-0.0441508156367042,-0.3493332192312134,0,0,0.0034077081,0,8.015664066938389e-05,0,0,0,0,0,0,0.002060869319595023,0.0,0.08199544539639463,1.701789463347549,0,0.0,Low Risk
-1.10103196503798,1.33090284931416,-2.08312429368392,0.317613335618954,1.23936979596595,-0.0697383117052555,0.776364242455387,0.829322740492742,-0.846720969405208,-1.2558237573071,-0.632727563971626,-0.675975835013775,-1.92211476657327,-0.0298345677210046,-1.24528722590813,0.704806199890955,0.63614888052195,1.40942462789411,0.190108314119609,-0.452338800389269,0.0686298486589347,-0.0936204617091375,-0.19812037449152,-0.524387645016829,0.572756791003831,-0.511063670262429,-0.26726610584074,-0.207959330147917,-0.12301442027345026,0,0,0.0013203003,0,0.0013902770790925382,0,0,0,0,0,0,0.089765633418074,0.0,0.07239033190140766,1.0136960351623967,0,0.0,Low Risk
0.55249060028792,-1.29923091864784,1.01645625808704,0.564500640326731,-1.51574006765275,-0.105916782517327,-0.277975039265614,0.0438168194333245,1.03584595311914,-0.654577855883136,0.014799102505831,1.1815760286725,0.53789688260623,-0.551173915829296,-0.12142744051844,-0.558386423179818,0.590438958458379,-1.2778601392062,-0.193608989563986,0.522606938940913,0.0174889333674339,-0.306116145954564,-0.0962232823674736,0.713004697745921,-0.0967649690525773,0.905416028961033,-0.0689641267294905,0.0697639943459437,0.8767100361072953,0,0,0.0044221575,0,0.0015034646802019383,0,0,0,0,0,0,0.031603828365261856,0.0,0.029550229302675687,0.6161200050667995,0,0.0,Low Risk
-0.417919659369321,1.13125363161022,1.8860117705254,1.83864985547795,0.0592626756517301,-0.165031476285493,0.754159409842192,0.12037947103482,-1.53813323106024,0.389119938764937,1.19646021022632,0.25045245956631,-0.410349225810086,0.439035462699476,-0.334955480464482,0.842239101386295,-0.79870196576122,0.168940366393343,-0.575542550042991,-0.0345929199875552,-0.0942971273357573,-0.50665893332258,0.0938957791324286,0.470657257200269,-0.24248681497273,-0.336759624804147,0.001452647855033,0.0283691943905221,-0.2013294308180371,0,0,0.0009215917,0,0.0010442642479859023,0,0,0,0,0,0,0.15629114096296517,0.0,0.10815284953096362,0.5631844464165261,0,0.0,Low Risk
-1.36725710258318,0.753394836275553,1.72534680974579,-0.149553181033611,-0.229130970356203,-0.417623050605125,0.0042374268621542,0.438238663099935,-0.273172535471879,-0.946201078236425,-0.955074424415919,0.262132014574183,0.411426355068308,0.0781409887675955,0.543850600457934,0.239374817281106,-0.158965828997275,-0.235273562265027,0.277145565049412,-0.105295980394895,-0.136380933226295,-0.562228030097959,-0.265746714849716,-0.0030937432584248,0.139575705200575,0.173368345476195,-0.16814136266045,-0.0809708938379856,-0.27349425695473695,0,0,7.390324e-05,0,3.1694365043746884e-05,0,0,0,0,0,0,0.014722973097609024,0.0,0.013016064879182785,0.5170743087898837,0,0.0,Low Risk
-0.546941547042431,0.428647873099354,-0.499228008341586,-1.99196993030241,0.111611884180875,-0.839809262605152,0.490920115034516,0.17751905555197,-1.62068169634952,0.0741891760875316,0.0065063996291035,-0.558689893247687,-0.90474248620702,0.549098320431134,-1.81720201698098,0.728545525459558,0.271194544071342,-0.964971210149932,1.18789281199808,-0.156306633468646,0.355494793478806,0.821421729982558,-0.281837407914586,-0.375627951306413,0.0128358315444026,-0.122830764114491,-0.141602976004645,0.0638842581620838,-0.23391742092736034,0,0,0.00044539158,0,0.00022944600592008044,0,0,0,0,0,0,0.02226542513222174,0.0,0.06364701106207964,0.8533852272487663,0,0.0,Low Risk
2.03285044465131,-0.547048509480782,-0.713685974408774,0.271042599589414,-0.365477445651468,0.160931160139609,-0.776027313269562,0.164625547054108,1.74129943708585,-0.125997758007664,-1.89525524185102,-0.617286714366981,-1.30552562120571,0.0565876653812769,0.740612027451867,0.376784636444923,-0.685557607627287,0.651104747952386,0.0512022566241516,-0.268656077963734,0.124418647483653,0.505452125639048,0.087647307581335,0.0655587110235994,-0.0381473954808746,-0.200954544370824,0.0256407598900259,-0.039620156453518,-0.31343051934361343,0,0,0.002406565,0,0.00025051465396978427,0,0,0,0,0,0,0.06139859691580048,0.0,0.011531433349005011,0.7651780663097574,0,0.0,Low Risk
1.81896985125009,-0.820929586047367,-0.47796936352407,0.091695650970774,-0.726897145391508,0.0462012100732929,-0.751737754423677,0.192960477444105,1.35942017162317,-0.0578244706755473,0.620280477571081,0.703611964773133,-0.756547581186149,0.14388068443737,-0.0573849413831621,0.354479940860415,-0.668518733111521,0.751857977059037,0.144624121570121,-0.07401746835398,0.261780683231984,0.734425380761327,0.110688546816528,0.788187152801588,-0.239800007248923,0.0644039045920687,-0.0113900376338699,-0.0338604565351406,-0.03403642767103342,0,0,0.0009379703,0,0.0001625250627761807,0,0,0,0,0,0,0.04357477378722597,0.0,0.006355324925556783,0.4258428725470703,0,0.0,Low Risk
1.27761550906948,0.0085270859525092,-1.15430596848204,0.258948795048481,2.19375276155309,3.60418599478164,-0.448926153533064,0.851077917323215,0.173329813990368,-0.0148259319641006,-0.542440082848131,0.235823954990299,-0.224137907797123,0.189806975259994,-0.152089687583931,-0.10227498768647,-0.511051608340644,-0.0778439815759751,0.36593403468752,-0.0538512715732708,-0.187916205873319,-0.476908112062869,-0.120082287769419,1.00949732418224,0.89592151829584,-0.325839628513173,0.0267376579036011,0.0111693186559834,-0.3493332192312134,0,0,0.002078715,0,0.00038688231556538753,0,0,0,0,0,0,0.004725069859705849,0.0,0.04124550090341987,0.8975990259020241,0,0.0,Low Risk
0.247763350348519,0.885687642226509,-1.48782263238345,-0.618502482905975,0.830027381214808,-0.85369390539924,0.816830550143769,0.253094136550186,-0.602355313551134,-0.383682737349142,0.382470125305518,0.328607579540107,-1.1823615927325,1.14790468948421,-1.41897120721138,-0.260189089502878,-0.248315123671659,-0.0774769404864293,0.0267083619148285,-0.406425649440394,0.287307896608087,0.749725291080189,-0.0277316704670743,0.750219023215644,-0.379279956940617,0.500561512467702,-0.172126810884112,-0.0842039902066127,-0.35029168952854645,0,0,0.0006969546,0,0.0011576515439673158,0,0,0,0,0,0,0.02265721813880604,0.0,0.07130070415630545,0.6483928878490408,0,0.0,Low Risk
-1.74902968477883,1.89565098016085,-1.39545741633805,-0.575240065618861,-0.497237063366297,-0.627341636512392,0.210995712632736,0.79174827622773,-0.0115096654463728,-0.619551573690517,-1.22742178619499,1.01021286786285,0.926887667520905,0.668859940577897,-0.314434381179923,-0.0267336289224627,-0.0860017992944492,-0.526948281091759,0.0304972200036523,-0.624692698961945,-0.059866248939401,-0.451514470416851,0.205733651246279,0.715969327652794,-0.319773555911509,-0.809197824414548,-1.55358637210068,-0.70057434608863,-0.10388495058917843,0,0,5.16399e-05,0,0.00027601471774276154,0,0,0,0,0,0,0.000757102174170887,0.0,0.019103189630578186,1.0168613913611293,0,0.0,Low Risk
-1.77709763134892,-0.11137092296497,1.90442060714585,1.08073334683498,-0.672804004487942,0.21560732733074,-0.478565285924082,0.915470530345561,-0.057068289850571,-0.400348750442128,0.170927143251035,-0.269645525683375,-1.72317638976852,0.573630887473515,0.388507906547364,0.37986418780274,-0.192520449045139,1.3997999244664,0.810763437249675,0.462008213149567,0.320680116669756,0.466132681262525,-0.0718633307177737,-0.0227550450992225,0.416344504862783,-0.107517551156446,0.201858673299126,-0.036633827636534,0.14156331805285657,0,0,0.0006983292,0,0.00028399833044988413,0,0,0,0,0,0,0.10748710833722991,0.0,0.04838652645821122,0.5847972647421864,0,0.0,Low Risk
-0.332285798980337,-2.7309833638143,-0.25015378722387,2.03321442326166,-0.843371087304032,1.67020433427803,0.437397085926681,0.201907251432229,1.33642208601229,-0.763030210435544,-2.43973687178365,0.267239709359094,-0.418439223322078,-0.542872297961821,-1.44416533748469,-0.610030854118263,0.319224834349009,-0.671075746997782,0.456138054492077,1.39406937096199,-0.0400792402135056,-1.43383552434733,-0.771089091374802,-1.29537022545994,0.307523342132414,-0.504469456294079,-0.0617415131428731,0.149524839945403,2.8111826499620842,0,0,0.008046993,0,0.002718290568315198,0,0,0,0,0,0,0.06629177751425412,0.0,0.11862838881080996,1.7444655998484457,0,0.0,Low Risk
-0.40640287771718,0.726930782366909,-0.407212831244596,-0.577784578678157,-0.313977986462009,-0.325500655111111,1.63064533085176,-0.209593054677102,0.2707010404839,-1.26940062226992,0.993230872796884,0.0535853271661443,-1.39426777373801,-1.23772367976114,-1.05344302142372,0.221643858936639,0.822435007433978,0.655620342981125,0.14479007601746,-0.359887096397619,-0.151871053632378,-0.225308044482027,-0.0026891611217191,-0.118443299633619,-0.351515426707104,-0.183308572315641,-0.0663339810273013,0.0018808453653273,0.4551428503303148,0,0,0.25427783,1,0.751966413586851,0,0,0,0,1,0,0.24237091548667394,1.0,0.2241513560278359,0.6355982203502271,0,0.25,Low Risk
1.11980768181098,0.298335277870575,1.34162916044425,2.32483690388957,-0.533662243655849,0.419649941182999,-0.617223555172648,0.265810700519147,-0.482633100906196,0.799597241007961,0.811777880352958,0.550988294712421,0.274955506173767,0.0492009701307369,0.226888675861582,1.44515476852796,-1.22241704815742,0.779954137641374,-0.855605875166752,-0.103094819756311,0.113128254830674,0.281647586937273,-0.0198964347075586,0.0003454721026748,0.247706198760747,-0.0077699152890999,0.0301587923562076,0.0258566588708032,-0.338151065762328,0,0,0.051161975,0,0.03684645263286139,0,0,0,0,0,0,0.12454960635469092,0.0,0.16232442209581205,0.522899392824151,0,0.0,Low Risk
-0.464325696893564,0.895162941258381,-0.567343730024451,-0.532787582693925,1.18624032313357,-0.958443949013078,0.709512289630781,-0.0922567277795886,0.280115790011824,-0.370568057009855,-0.660618993484776,-0.158326772056841,-0.133131676242648,-1.08594272172128,-0.125109051975864,0.262501666212404,0.403909724903024,-0.304490582128878,-0.298670185641861,0.0758800566268861,-0.368532042410489,-0.869968212476622,0.094036540543452,0.49817105389395,-0.394996363252983,0.113689641301837,0.19657453097541,0.204265712215416,-0.3461782545024921,0,0,0.0038784367,0,0.0020238438400587816,0,0,0,0,0,0,0.030727425955093642,0.0,0.03533780799881978,0.5603040040512173,0,0.0,Low Risk
1.32824354716997,-3.02281645009365,-0.932276044254549,-1.20723171883222,-1.95303050755116,0.0088405284285738,-0.90548938592737,-0.122442897897286,-0.946574199531954,1.2660848065815,-1.02793944337191,-0.650755251886138,0.817640935010691,-0.619209729744815,0.260014674401417,-0.123094531393686,0.339080611617523,0.0395189124820495,-0.38137390754692,0.593732460558978,-0.0353126866600959,-0.728560798849792,0.0297495711575669,0.571318136252458,-0.746976746338094,-0.488682303921316,-0.0464573048300505,0.0568215206207733,1.6394926477348364,0,0,0.0053148563,0,0.0015611390439890173,0,0,0,0,0,0,0.01519857963508748,0.0,0.036013242221028946,1.398868891649616,0,0.0,Low Risk
1.77884890906236,-0.47122061578653,-0.878886700056165,0.997146725057748,0.189087895387218,0.659989262762001,-0.280988156338532,0.124049514142406,0.579966351123848,0.255662956552767,-0.26920162666812,1.01327475415863,0.867427751898976,0.0458458959859379,-0.194255561228095,0.86212811254426,-1.37308901621801,0.580862115526808,0.27586943314099,0.0628732031622364,-0.172656855377199,-0.627531759492861,0.104619238600115,-1.50272983049274,-0.266855153963466,-0.924089466399011,0.0336002929878642,-0.0284641883135816,0.12750575369197206,0,0,0.00051987567,0,0.0005668114801631655,0,0,0,0,0,0,0.021654435097756646,0.0,0.010332209334792678,0.6361664870941123,0,0.0,Low Risk
-1.07997113961648,-0.225436369010151,2.07282502094615,-0.526804302231991,0.350355370914718,-0.151283637565082,0.0088221190480245,-0.0741221968609745,0.509276939387951,-0.249885922536909,0.75433181069488,1.354558814061,1.13001865106866,-0.89348009976665,-1.12148182569921,0.395514295018376,-0.943357862851932,0.244432585722412,0.0927534536081931,-0.121428333722663,0.0083285020384199,0.461772921102266,0.211544633279249,0.0879672725679273,-0.66827016737852,0.273687772060764,-0.253385947387658,0.0163078738006073,-0.3493332192312134,0,0,0.004307722,0,0.013400288388845296,0,0,0,0,0,0,0.028484635489123018,0.0,0.0984741702541327,0.5852661355562153,0,0.0,Low Risk
-0.613145350751261,0.72585850047591,0.688945015862838,0.972238170511395,0.400037767876996,0.894089127593022,-0.098889534393767,0.807171192551164,-0.133805478744707,-0.518812827527545,-0.345330584676821,0.727656793221918,-0.618909633082558,0.311737635723128,-1.57576323270734,-0.449238213519581,0.091476070047591,0.115463991125097,1.61801870259288,-0.0948860574552016,-0.330780200408018,-0.972353334720384,0.187099486688489,0.136760099418536,-0.773260970655537,-1.02713226123137,0.133182876297268,0.109100562328596,-0.2910262761434537,0,0,0.00073983235,0,0.0009505428964302404,0,0,0,0,0,0,0.03298835446108765,0.0,0.017531836254229608,0.6119663030925299,0,0.0,Low Risk
2.00586822408631,0.0294369342133537,-1.83121448014015,0.561280037336382,0.0701728913811498,-1.44886366526389,0.182573415635594,-0.278218629111993,0.839569581917157,-0.484418688712511,-0.614448712824681,-0.843364025481027,-1.66108667284953,-0.494465417057363,1.14640941661331,0.278869270027145,0.603164087356915,0.68804486196153,-0.489623054908994,-0.266145491634261,0.186296349394824,0.588044592699214,-0.0248291711324455,-0.200739185439484,0.182717075199957,-0.0908478735093742,-0.0133588893657947,-0.029588115960855,-0.2454989370201345,0,0,0.039578382,0,0.1457816806304482,0,0,0,0,0,0,0.40798465712829607,0.0,0.13049323693123527,0.7825840137715059,0,0.0,Low Risk
-1.91544711166544,-2.51343499422803,0.445797698401571,-0.160755384456336,2.8114079698924,-1.22936629915041,-1.42076056996672,-0.338380268037032,1.63875188931506,0.767849694338062,0.261294977205689,-0.0411091410506165,-1.03873155726768,-0.318359847416978,0.328280720544979,0.746785840693343,-1.50188588264905,1.01164566941367,0.0093235634860387,-1.39491787167392,-0.175426504201174,0.777645889340131,-1.06764738129646,0.309839864689951,-0.882676753456936,-0.447451276713348,-0.001754691471752,-0.543982386900767,-0.11231150195323136,0,0,0.0034638646,0,0.005227346790947016,0,0,0,0,0,0,0.35771688854200473,0.0,0.11669414066791987,1.498157532423326,0,0.0,Low Risk
2.0328480250299,-0.169549190248288,-1.67882629284021,-0.0251062037436548,0.201639285528899,-1.11590173915335,0.347011490415358,-0.30817894075015,0.618285935152095,-0.0438531200409306,-0.781566358951643,-0.206378736408264,-0.936399239618861,0.784872837973544,0.838748487962722,-0.133506166355115,-0.390333924911623,-0.43468325938927,0.143247711064838,-0.187895549395682,-0.147564464373912,-0.509904583033251,0.250924858293625,0.699860721272307,-0.0970069498493424,-0.190160625506359,-0.0731286654262277,-0.0491520992541274,-0.19358179591459507,0,0,0.00017541292,0,0.0002154084590867654,0,0,0,0,0,0,0.032546122967032465,0.0,0.008308321165897426,0.7173641183512359,0,0.0,Low Risk
-1.48492489629999,-0.476433531504234,0.717077120390193,-2.40613394892743,-0.394147736138206,-0.369432113228962,-0.292573299034225,0.921403855513977,1.19048610217264,-1.43299116696676,-0.184016409861413,-0.845503525108976,-3.59564514573449,0.797143527389942,-0.683184714833964,0.896326451775872,-0.694719754720755,0.952713779097853,-0.873445753901912,-0.0613009955606808,0.33563502446448,0.500006464417449,0.0636221059784693,0.668599982177665,-0.281011156511021,0.487272045324406,0.151480427931926,0.0510924156605197,0.006099516029787458,0,0,0.0010305267,0,0.00013856681341743897,0,0,0,0,0,0,0.009139088749453558,0.0,0.038350616987038774,1.383044945943473,0,0.0,Low Risk
-0.39802568297679,1.03179590985141,1.38507346262051,0.0014393149639357,-0.0812635258257607,-0.794935524764313,0.559085829963019,0.10510264721951,-0.550762679457169,-0.319697808202189,1.53669093293425,0.263077230042479,-0.780549263908431,-0.0657309604053158,0.263788632549521,0.555904949572127,-0.123750485893711,0.385486916490867,0.127072797857765,0.0671985454695995,-0.207951091871872,-0.602896650716042,0.0059214106694909,0.463092380292034,-0.244436017895328,0.0444235854766157,0.237202708161095,0.0884656619868052,-0.3425839908874933,0,0,0.00071712607,0,0.00040119266220308694,0,0,0,0,0,0,0.07220417666145687,0.0,0.011000077421930076,0.39276771651329023,0,0.0,Low Risk
-0.0294269581184064,0.354226373403424,-0.119607133517744,-2.09627244779677,0.698007701553438,-0.559983274135881,0.650400669551536,-0.172168267396706,-1.69074783865166,0.534262194768581,0.298138237316627,0.113944594173875,1.29824261083914,-0.13829053025467,-1.1551468088555,1.36440821220265,-0.677764552274073,-0.770329973622837,0.657271571972787,0.251188747993712,0.323620855572744,0.976604844807214,-0.189741045407895,-0.782948490151246,-0.467781665193438,-0.37268785437703,0.4292529263762,0.259478121161588,-0.29342245188678634,0,0,0.00047929471,0,0.0003378904059697595,0,0,0,0,0,0,0.016685945598515294,0.0,0.019086252318504478,0.7653414057167421,0,0.0,Low Risk
-1.0530122194695,1.22691624206356,1.2027525643166,2.68776414294256,0.170833660101107,0.230623779775897,1.88921908783906,-0.248517973805601,-1.82256105440629,0.720440163416677,-1.08079422335987,-0.595200224304525,0.128897492521354,0.110776122790816,-0.477836555102755,1.35012941254565,-1.17570711081284,-0.598642319988216,-1.60090714882979,-0.38149312316566,-0.402511603773989,-1.19925109304422,0.460335794058294,-0.0783736939533612,-0.697518151947251,-0.688988629093013,-0.0108208537415032,0.145741461366676,0.44140477606854134,0,0,0.028935198,0,0.009937218715223243,0,0,0,0,0,0,0.19224938525931679,0.0,0.16366258734742253,1.2533445206218479,0,0.0,Low Risk
-3.04211836259786,0.913598811197947,0.301034199176921,2.42696007665862,0.430241011003753,-1.64001996339978,-0.614516266199155,0.906155491293476,-1.88734298519389,0.0071283784563472,-0.54856964818972,0.919576105940269,1.12953749993685,1.08538630465625,-0.0302996229725353,0.702912614620865,0.0487908009622457,-0.84648733084443,-0.626777978446668,-0.852268505364064,-0.240326209993728,-1.06224366126958,-0.688675351712206,0.758297174339935,-0.570355087399523,-0.508560071806459,-0.234851738643245,-0.575006219596456,-0.35332684547010107,0,0,0.013181349,0,0.007293120923786481,0,0,0,0,0,0,0.02766032690655327,0.0,0.20653148317659928,1.3902118173724878,0,0.0,Low Risk
-2.58967364388856,3.13050704127684,-3.10069355420272,-1.17691776784668,-0.314873050585334,-1.64841317014517,-0.0991607634087239,1.71387597113343,-0.633609997411041,-0.395193275100845,-1.45529339131968,1.17071609929309,1.00481110521968,1.81502035766463,-0.372708334136005,-0.144210172846682,0.311642923407282,-0.324181245605355,-0.255991443798533,-0.027450582794034,0.337933328693474,0.795352449278784,0.0787820894342742,0.792621711787697,0.0727573170153153,0.0821266660215588,0.196656785339134,0.197486597637097,-0.33795138445038364,0,0,0.00018096165,0,0.00011336321237235781,0,0,0,0,0,0,0.00011077750065169144,0.0,0.015966704099897783,1.6846521728766584,0,0.0,Low Risk
-2.21065806821517,-1.27083571023237,1.21525810648794,0.385360670727574,-0.786577113451178,1.65893307229081,-0.256714178737738,0.925415416288373,0.63442990549065,-0.951290009024106,0.240947714690106,0.69560388038491,-0.309143534392976,-0.210184647773795,1.07475451342051,-1.54133466009377,1.83194497315149,-2.35020029431184,-0.396527722061054,-0.345590552159275,-0.0364195191351475,0.304039780530154,0.753190259918555,-0.560084581841152,-0.578356770032974,1.1075953141689,-0.268282765069283,0.109901789300866,0.5732743144766115,0,0,0.00044080708,0,0.0002011633249558662,0,0,0,0,0,0,0.023167688262344218,0.0,0.10590243383399296,1.1512660484708939,0,0.0,Low Risk
1.91817704609812,-0.264101038462801,-0.802758717920253,0.954059992987982,0.196860208256141,0.539303786585245,-0.374121099878156,0.130114454940935,0.628510233336527,0.303476981535185,-0.357299239993184,0.85429196472676,0.596020375634515,0.0774008527100067,-0.22212970647798,0.921425104633232,-1.41329167837752,0.685060682545214,0.367871198200109,-0.0862873692344467,-0.222134449408763,-0.635082327668896,0.162029190377724,-1.45384964658588,-0.236884966318261,-0.921644645441826,0.0415668567088904,-0.0402074188597881,-0.1438611492404438,0,0,0.000590476,0,0.0004451755365257786,0,0,0,0,0,0,0.023826740185515005,0.0,0.010244354037635055,0.6460750621676703,0,0.0,Low Risk
-3.44577139220178,-10.2028620533602,-3.89450700807467,1.52542865451042,-3.70579395543912,0.687094832201442,2.96061917023207,-0.800777029623817,-0.190626852818304,-0.715782112451285,-0.941919352914005,-0.206988991151096,0.66319517996304,0.115554518966739,-0.0500281794136437,1.36000301346334,0.400098684744637,-1.19255272834228,0.0401791608145093,5.90644094399074,1.53712877261563,-2.14091041383737,-2.11677941184307,0.775231372842021,-1.51348013936909,-0.911803474573581,-0.545684956327273,0.469395579510758,11.307742281982728,0,0,0.06829913,0,0.01148650049716699,0,1,0,1,1,0,0.03789944903334314,1.0,0.5772019563265715,11.820517277590266,0,0.375,Medium Risk
-0.716545620192261,1.75235586431705,2.32711895031215,4.44594834161338,-0.215945562240969,1.1704847389784,-0.26073256836351,0.677887457028876,-2.08013224565317,0.922012791187437,-0.914016878956937,0.000629756784089,1.28266559518506,-0.0784518066953888,0.66686489301835,0.0521606719794742,0.362766454125184,0.360485693858374,0.972066236688469,0.207631660118542,0.262606779934711,0.770192198651902,-0.270694146445927,1.19028984613384,0.215866790538496,0.54091932477708,0.0056483785498298,0.0474056069228601,-0.3291654067248308,0,0,0.004065569,0,0.004497572283878574,0,0,0,0,0,0,0.3756264062735261,0.0,0.07257961927723641,1.2273869592681002,0,0.0,Low Risk
-0.839634134532306,0.924464513018604,1.21818008420298,-0.90846932784794,0.297070087375471,-0.0087515172602347,0.588061222898067,0.212018572569878,0.168802311610264,-0.24889415089989,0.0404172452466253,0.331721847058305,-0.646255538621477,-0.0605596344322992,-1.28700279382529,0.224232998134363,-0.653387468067176,0.154685402673112,0.488692179429628,0.151524333743364,-0.240108082283352,-0.441616647623724,-0.264858930740563,-0.481737344263686,0.129475211074779,0.417627245875562,0.381844927901136,0.205879431267166,-0.3333587142756628,0,0,0.00026088717,0,0.0022560558131186656,0,0,0,0,0,0,0.011888209455653689,0.0,0.009681498811869997,0.46229750132448616,0,0.0,Low Risk
1.93723859092288,-0.292661553122382,-1.01691053005796,0.253843183750251,0.248129810970507,0.232039246232522,-0.161176007338095,0.0322334838974305,0.433340453686005,0.134876199029707,0.475034997071097,1.46256566265702,1.03687949492789,0.0418361794862747,-0.672268687631597,0.466539556313516,-0.900810210777795,-0.262327425612296,0.678122967704974,-0.0098357490318447,-0.452058832612586,-1.31976367850996,0.410220998063884,0.0646569004768473,-0.512119435142475,-0.26434150260469,-0.0451713240751711,-0.0434658910520619,-0.15041069627221954,0,0,0.00038305527,0,0.00025784023201527864,0,0,0,0,0,0,0.006110479611332757,0.0,0.017128452903617714,0.617494344397624,0,0.0,Low Risk
-0.892929080165404,-1.48966233201562,-1.07151209264734,-1.6746375033459,-0.558609947856103,-0.111328166620583,0.486760339906222,0.421145325089939,-0.702142278003049,-0.307808826668193,-0.194619558094632,-0.133410103333279,-0.820066082488774,0.0370528004567645,-3.03196695080461,0.675631101232613,0.344066214853022,-0.722014616090027,0.208502307966029,0.520012138365492,0.988379674853694,2.19685749447459,0.637496251015484,0.761141423903544,-1.00797095141993,-0.169253489411257,0.0931421111232808,0.161520595382083,0.8447610261961941,0,0,0.00020746667,0,0.0002877237216125651,0,0,0,0,0,0,0.04474749907965939,0.0,0.12877403382350391,1.1662538485159464,0,0.0,Low Risk
-0.371487610974569,0.96872533023204,-0.129222538832451,-0.52466369324826,0.100897116559186,-1.16583090565581,0.646986186485407,0.24211359357191,-0.160546803863341,-0.635755378543287,-1.1858213902388,0.105830055393137,-0.237674922935811,0.495676460916881,-0.397634388127297,0.0654137373870328,-0.243553830358122,-0.641648017578827,-0.0682952234365552,-0.109239997824303,-0.209592679497122,-0.62874440886127,0.159048971574084,-0.042273361151901,-0.462059795675653,0.144352803263568,0.115343121336189,0.0226002271397609,-0.2735341932171258,0,0,8.077823e-05,0,7.668301580009598e-05,0,0,0,0,0,0,0.01086635801586902,0.0,0.006777188507930887,0.5507117074476043,0,0.0,Low Risk
0.858780661056524,-1.58459427642675,1.33232920722852,0.406402997603499,-2.12175719218996,0.132240916567459,-1.10252948392745,0.152839262113064,0.414438646124365,0.355227250714121,-1.34726488121978,0.0088951536321202,-0.230532420713845,-0.795619223900244,-0.582485952993176,-1.51791182242322,0.366269416545682,1.21827302404774,-0.679600232897917,-0.115927536142907,-0.281051416758987,-0.502795893106831,-0.126014683314528,0.410370882573818,0.0945453755978552,0.56193668003192,0.0114097774848177,0.0667011949122395,0.5252709270851821,0,0,0.10187886,0,0.011766345148040579,0,0,0,0,0,0,0.06044212550340735,0.0,0.11678421181050813,0.8687734933739638,0,0.0,Low Risk
0.342715294293475,-3.40401087592654,-1.14326427427201,1.62816332068165,-1.88263491137994,0.0975680988049802,0.222514910952184,-0.0491319344797282,1.97317366923583,-0.462525152936213,-1.86130989490732,-0.520817831528288,-2.19576536686828,-0.0432874951958262,-0.923566168394625,-0.330897499778025,0.291202780400235,0.136077700645358,-0.208429374952857,1.30425273896075,0.693692666424652,0.50686432127123,-0.71048050404641,0.0728129900916305,-0.299739448767304,0.550532297084929,-0.163752675522933,0.0858197813620534,3.001319195195525,0,0,0.007279423,0,0.003011693685269288,0,0,0,0,0,0,0.24569273293447527,0.0,0.06765607693704438,1.706544509820352,0,0.0,Low Risk
-1.95703761639347,-1.83848710129292,1.81896993722593,-2.18459744860912,0.658842783838111,-1.77155219711765,-0.164644925918531,-0.402247692651778,0.0783253191881554,0.591284078843854,-0.868858626462104,-0.300062711555611,0.0620835304134597,-0.983605013156664,-0.708423261859346,-1.01136914175615,-0.693468928183769,0.769750392268404,-2.08688364863842,-0.0585102176758,-0.490816411707707,-0.566036893664754,0.130889313222555,0.423665734699327,-0.334889391536631,0.919017006368279,0.0015077208597795,0.0363689654796869,0.005700153405898716,0,0,0.005639945,0,0.0008969024901224751,0,0,0,0,0,0,0.013403159225547273,0.0,0.17239455322267752,1.4323204168162418,0,0.0,Low Risk
2.15210102925749,0.20602990394923,-2.6916427159259,0.254526543182383,1.05005698516473,-1.47238152702268,1.10825015133462,-0.678700983603529,0.0628032356949111,0.0580733709532232,-1.33916934550145,0.211756159111575,0.246787190295233,0.788855684296432,-0.115050263393039,-0.855271191721518,-0.367685725048918,-0.34396397674594,0.345093498889671,-0.197010505923495,0.26206733688298,0.967217718138619,-0.325012518973563,-0.563944561655493,0.925673512523297,0.160131362601005,-0.0785797022716147,-0.0884506497994232,-0.2681028615322386,0,0,0.0009554497,0,0.0005993705071175951,0,0,0,0,0,0,0.0797759841287443,0.0,0.03514083144629265,0.954303828619325,0,0.0,Low Risk
1.74751485406082,-1.02408764487498,0.582676096652283,0.652084533236053,-0.920454290032803,1.75302244467155,-1.64667080149736,0.738699865400345,2.53221716181141,-0.544200385113155,-0.936221548926018,0.849711896881475,-0.406160063276706,-0.857799935264862,0.181823924410699,-1.03420713778529,0.737354115123634,-1.13852563422488,-1.11206020270636,-0.351720313809453,0.231313283558161,1.25097421112192,0.235452730865709,-1.00089538265984,-0.476459857290568,-0.0905697849655682,0.150769463467204,-0.0351499790595946,-0.2964975440907298,0,0,0.014625763,0,0.001298681866112189,0,0,0,0,0,0,0.07593798749414202,0.0,0.06151436021017047,1.106053220381911,0,0.0,Low Risk
-0.591784949137626,0.941737111611325,2.37518608129426,-0.1333139534322,0.10082812071948,-0.340416857971515,0.5513513389292,-0.329027240148897,1.54987769116116,-1.03238687255602,0.312646506843678,-2.48814742197021,1.87869238398635,1.16988696609378,0.582621817675466,-0.299967189975277,0.281361918365259,0.480442124588487,0.540487142308771,0.0412998700693705,-0.294102501966019,-0.41461479483094,-0.319211018046368,-0.0505603744413983,0.254728649801543,-0.743979608279363,-0.208796198819175,-0.149302807465706,-0.3448603578436592,0,0,0.002624487,0,0.000608936342259923,0,0,0,0,0,0,0.11432475816814006,0.0,0.04520722260285608,0.8578785277562215,0,0.0,Low Risk
1.30754858771948,1.35710323264558,-1.91496793708451,1.44015400870983,1.34069280198415,-1.32634834865925,0.831449672088192,-0.394173328381049,-0.552049231164981,-1.58059767556156,0.254922421497799,-0.186001717117499,1.08287231916075,-3.64253120008595,1.01436996432367,1.2296785206847,2.34137071208638,1.47481259716473,-0.529155890043252,0.059428191523078,-0.253205166136493,-0.571616564800378,-0.324952456420525,-0.750590537034654,1.00579879322026,-0.245823994973174,0.0458893991534388,0.0907700265546546,-0.3493332192312134,0,0,0.043691777,0,0.014087300736848465,0,0,1,0,0,0,0.8091042082228265,0.0,0.27043927184841476,1.3085113331989686,0,0.125,Low Risk
-0.588946193462047,0.563557070762795,1.05573216052517,-0.246615054522023,1.21456703218983,-0.618896513324205,0.918343863033638,-0.313605242399194,-0.242009760460187,-0.515936830833692,-0.876612196523595,-0.657333780699149,-0.582569717581341,0.366501930984277,1.40985640997557,-0.782433880027791,-0.223976661788011,0.494233538417212,1.00523992798828,0.202423171974305,0.238447935325032,0.792546897991071,-0.594303008265177,0.688165210887466,0.978572759154851,-0.171283869716338,-0.116636004638355,-0.152671260961847,-0.3493332192312134,0,0,0.020113539,0,0.0034545553919236283,0,0,0,0,0,0,0.16007246963985958,0.0,0.03154701175003982,0.545412593012208,0,0.0,Low Risk
-0.527015455852432,0.579473288182735,1.14350221558123,-0.483624214711648,0.255764204176601,-0.962225184358919,0.71259282269855,-0.0727331919241129,-0.120477542262463,-0.548185472648036,-0.123283576069601,0.177112443419642,-0.241463957914701,0.187342069465792,0.319996273702477,0.19904098917054,-0.461701900494247,-0.98305195453474,-1.51726254822465,-0.328550034739253,-0.0213014726315433,-0.0861307592018451,0.479530636460986,0.363471525395832,-1.34257642066057,-0.300297192228222,0.0825100204506898,0.214780554619336,-0.3174241455825011,0,0,0.00078945106,0,0.0006858206617401276,0,0,0,0,0,0,0.042897636668610475,0.0,0.1349706959579049,0.6953887058518442,0,0.0,Low Risk
-2.37584764272898,1.11388101793483,-3.26240373100939,0.113254443087207,1.452455665046,-2.09622959803566,0.318823001362506,0.841345438808082,-0.853059378307409,-1.96798970348856,-0.781351452637565,-0.303423146448146,-0.331093990329685,-1.53914680509999,-0.467545559160925,0.749371112375816,2.52803032631308,0.882184511636182,-0.439375287724077,-0.278943603057951,0.165098382946253,0.117264328426384,-0.501706833874674,0.527974409733661,-0.29469134259241,0.525556854112606,-0.110334224316842,-0.163858532087537,-0.35029168952854645,0,0,0.012561477,0,0.004332247409719781,0,0,0,0,0,0,0.11027687372978068,0.0,0.19024621401384773,1.5873567615333783,0,0.0,Low Risk
-0.670395292596517,1.12606295129812,1.95079510042719,-0.213249419465474,0.37308666609921,-0.543104060096767,1.26608021257327,-0.632648799823415,0.29040681578502,0.876118195018473,0.561102505795255,0.29254448123085,0.628927309030088,-0.726715468705216,1.11779805262153,-0.511747177980193,-0.368572490082348,-1.11684063868867,-0.519272194261442,0.554269713924079,-0.391796554098264,-0.325027079793058,-0.0706682022707759,0.396591283776116,-0.263942010683453,0.0028362024241271,0.021355922635366,-0.431283647248364,-0.3136701369179467,0,0,0.0037151796,0,0.0005359559840742349,0,0,0,0,0,0,0.04096324983449285,0.0,0.019201394780942665,0.5642216491969879,0,0.0,Low Risk
-0.232150440397794,-0.394876531322497,0.399112607249393,-1.85080757572939,-0.686082634587246,-0.5700468770348,0.217058287948286,0.145160840858235,-0.707531812986293,-0.72239830959012,0.998335321046631,-1.20886807942283,-1.61762685098826,-1.75694080678553,-0.858499349340077,2.13451612576888,0.986332887982736,0.220660763981677,-0.390158749163625,0.20245195183934,0.385624151862642,0.749349199915282,0.0913804404180301,-0.153652324792027,0.0805231623546336,-0.193849534844931,-0.061206501298547,-0.019022491267068,0.20570095544939218,0,0,0.0161126,0,0.0070698007021942535,0,0,0,0,0,0,0.24338889578184034,0.0,0.15996116254481818,0.9369338610135773,0,0.0,Low Risk
1.80888580120365,-0.699901907453964,-1.41192659426633,-0.101255637515896,0.479881645809919,1.04899977221234,-0.329081096024142,0.385854690743167,1.04604209477172,-0.162235115444438,0.610352962401577,0.6651570526803,-1.32432601827821,0.591344127646303,-0.0351976285595531,-0.941151749922794,0.316977202521436,-1.13917460285594,-0.195139696583259,-0.272403055743338,-0.0555865830838366,-0.0084155373014661,0.175069087885377,-1.64714073823403,-0.286039921996293,0.0215267139045696,0.0024246770903611,-0.0761251316043972,-0.11370927113684205,0,0,4.8936865e-05,0,0.00011206419911246994,0,0,0,0,0,0,0.02185073379766617,0.0,0.014920369932004478,0.7592765062357314,0,0.0,Low Risk
-0.587963873905716,0.637341469774893,1.57715147537642,0.0780095593553307,0.0333036112401896,0.255187951902821,0.364270956982245,0.319267306744069,-0.0509739441603091,-0.317718486836518,0.876603056935052,0.71968993428276,-0.654153354127638,0.0024633877127767,-1.06058242243375,-0.57842908999709,0.144841882905811,-0.280982080587961,0.25871963439575,0.0568360953925257,0.0642475371371823,0.477492579585996,-0.132196558419414,0.059725887360496,-0.246688335846747,0.376349925726198,0.363718608223605,0.187753674777005,-0.2849959005227334,0,0,9.4045754e-05,0,0.00013035332211451195,0,0,0,0,0,0,0.06756868086819022,0.0,0.007445264062591813,0.3099383144213301,0,0.0,Low Risk
-0.879563507928989,-0.75822112155583,-1.97826510929728,-0.979040681424748,0.712019898584404,-0.922780736451072,0.53998845238203,0.121130130107517,-1.59907991994398,-0.231248733283655,-1.06507197574705,-0.67330106362837,1.31785330522817,-1.08870317658279,0.0140885015074791,1.03155866044286,1.2922149138325,-0.56894166119328,1.26443790771619,1.00513425034138,0.492903089979265,0.76117650977855,0.340666437824844,0.0399765636645433,-0.182558654186001,-0.0199022925705621,0.189866274759089,-0.0180931555963951,0.5203188305489613,0,0,0.0032676233,0,0.0020247830477958103,0,0,0,0,0,0,0.050207401615270084,0.0,0.095303427747205,1.0016414813356218,0,0.0,Low Risk
0.946626181837404,-0.341451517376538,1.10593723900256,1.42316006636828,-0.882409337662638,0.234037675036615,-0.541982631434394,0.205051356773188,0.761341684039489,-0.154908667903371,-0.556533506123275,0.211491319895852,-0.300953229635934,-0.13497611918477,0.888576986451301,0.0218563185403027,-0.117797363297334,-0.181042559278178,-0.870353522930072,-0.0046252467718408,0.202099222637212,0.565950045304181,-0.13435508709598,0.0969002309228091,0.386475558255066,-0.221511463275071,0.0644462034786554,0.0476742105258546,0.03405489970200101,0,0,0.0022954764,0,0.0006361322610658355,0,0,0,0,0,0,0.1557934722048834,0.0,0.011662621073731819,0.41439791469617937,0,0.0,Low Risk
-0.865771037136517,0.597277471302261,1.36259573340493,0.685139308755378,0.0843964022511166,0.194300521915978,1.34803640515808,0.077180815628141,-0.961886397852329,-0.520538471097871,1.28417842643807,0.743501313547046,-0.366200192491068,0.421619443305061,-0.655286294995879,-0.632529254033457,0.0204224865706732,-0.206574129330397,-0.093182632491413,0.221178019267469,0.229313097175625,0.495719034861661,0.0309406206575341,0.231468546549645,0.379184902440514,-0.287963950659696,0.047727335855637,0.0966585503317964,0.25717879766865404,0,0,0.001782411,0,0.001102334257109939,0,0,0,0,0,0,0.14679283649165975,0.0,0.03865124376582102,0.3703787258608184,0,0.0,Low Risk
2.07440460208857,-0.0366567727359624,-1.12126154197609,0.379161258271058,-0.0529700929316896,-1.12496727041407,0.194397195634159,-0.337007338152541,0.520705476570293,0.0678711266126917,-0.838128692947408,0.498896591824982,0.294691779634228,0.225598919780166,0.0282083746881615,-0.0718954243689212,-0.353436041116595,-0.846815303265559,0.200601427656252,-0.208137504447423,-0.29709834613003,-0.709048877400958,0.320228564218938,-0.104801341538834,-0.271465491379444,0.20448300639881,-0.0694345143100396,-0.0611330456232996,-0.3493731554936023,0,0,0.0011570245,0,0.00013418653484620355,0,0,0,0,0,0,0.02462932061100433,0.0,0.009838155339559406,0.6220526323469534,0,0.0,Low Risk
1.78360412154188,-0.805355563902098,-0.171680870076043,-0.429198866448409,-1.3467079255836,-1.39867656313458,-0.385832298140938,-0.292775248615,1.29017232304771,-0.4666890434615,0.38918712994922,1.43213663863489,1.35425431721318,-0.24749627782169,1.02438773915224,-0.130948396079086,-0.206210531273449,-0.444763839095366,-0.376493167049584,0.0899207063720582,0.317986965111176,0.938517146754329,0.19193943448663,0.985466769973558,-0.464336862314895,0.63823504056928,-0.0437391526508562,-0.0231321259192139,0.07798478832976516,0,0,0.00023055398,0,0.00045632572780939033,0,0,0,0,0,0,0.027740332181848838,0.0,0.04533802592623792,0.7143097790415911,0,0.0,Low Risk
-5.39325878128662,3.16483778983139,-1.19123614183799,-0.969546117174394,-0.563970382731492,4.71143269629636,-2.21272732456803,2.60882661466436,2.546175160102,5.05883799527828,-1.42214418226767,0.42266823981764,0.177130311289592,-1.61024770244156,-1.00481678731085,-2.32295477385646,0.728914330952629,1.54429915049361,0.524296991212275,1.63814909628073,-1.04766346333162,-0.958814013476286,-0.0965284823421134,0.943159945649194,1.28557163172828,-0.0705455161480802,1.06379353284939,0.415420785744279,-0.27345432069234804,0,0,0.0022863334,0,0.00036655235081323086,0,0,0,0,0,0,1.2421008688913168e-06,0.0,0.20419917607560395,4.55386438406864,0,0.0,Low Risk
-2.47359208264243,-0.742804652747815,0.250403650069425,-2.40835053157795,1.1345584687623,3.89462092109607,-1.34554086528235,1.55929666516691,0.0402885127466918,0.362794415639747,-1.02693491416786,-0.555257849965625,-0.0063294738557514,-1.03588490009788,-1.21723613928586,1.25336845075481,0.153343310285228,-0.72241956308422,0.662743980445885,0.141093424905171,0.104962953734283,0.780682302551726,-0.315166708474756,1.09539002212681,1.05496213175591,0.0474495184149917,0.430392307225648,0.173691593092865,-0.033836746359089044,0,0,0.0014711035,0,8.727350506445276e-05,0,0,0,0,0,0,0.0008647508712223682,0.0,0.05565054067069385,1.687425872156372,0,0.0,Low Risk
-1.55102825771352,1.86643091847793,1.45049923657587,0.315059286985941,-0.716048593754693,-1.16732845985557,0.129549720722947,0.485387377590759,0.192513391244742,-1.25146567219591,0.868224877811605,-1.68460885550494,2.52907753208673,2.06629506123349,-0.131462452243865,0.0708270431508272,0.900136549979533,-0.275013367155477,-0.26741634782435,-0.258111846122096,-0.136448063136043,-0.534416827668067,-0.0325897564759041,0.879512909090529,0.182683739140098,0.110575131765437,-0.538390923091692,-0.0680658967997984,-0.3186222334541674,0,0,0.00044512947,0,0.00010774796710423382,0,0,0,0,0,0,0.013531798772316219,0.0,0.022613601406182637,0.9971165554787713,0,0.0,Low Risk
0.854025844348487,-1.35947077222402,-0.120066778829195,-0.435022235820278,-1.00977351905124,-0.34853078275999,-0.179877743007465,-0.0409966379989141,-0.943871805004127,0.616462544362364,1.47777583920456,-0.0605983842365846,-0.884078592374127,0.249834058522315,-0.578033230621312,0.438274851701892,0.77556694357956,-1.53662226828998,0.59673959895742,0.463556490251003,0.38142584153357,0.560722005774627,-0.326915343292218,0.279491818947362,0.542702243737168,-0.0891690856025775,-0.0475722836597463,0.0331524126992769,0.6616532631431952,0,0,0.002032331,0,0.001321223391079871,0,0,0,0,0,0,0.08818891301812767,0.0,0.03457915918228977,0.6054391149669344,0,0.0,Low Risk
-0.42020645111891,0.253488955841114,2.06006784723785,-0.0730303648583466,-1.70246962104375,-0.0581081307364312,-1.03815741195093,0.551145791988245,-0.973868417521206,0.196529734936486,-0.827708545782309,-0.635851962412755,0.220764147258685,-0.465455309038711,0.602959206283549,0.398765781711266,1.2738794481482,-0.868996548499484,2.48237541836843,0.233355229276541,0.26258654954433,0.773598688484214,-0.0825725271287707,0.443656784500895,-0.337877524821074,0.0140435190816792,0.070151756637771,0.0760262769758463,-0.30268766476100567,0,0,0.0050566844,0,0.0009522105197775256,0,0,0,0,0,0,0.0901996171359443,0.0,0.08339200334053812,0.8419981702596191,0,0.0,Low Risk
-1.40900945232726,0.56349250557035,3.350717448401,-0.436893036215523,-1.12346735730314,0.256345113515164,-0.253389869002478,-0.795814176328408,1.42195353626503,-0.681589991684782,-0.680795734506939,1.39846316174049,1.1149291547091,-1.89459455741933,-2.18914668158254,-0.640207205790668,0.334833423615037,-0.835911605027666,-0.0706198923933176,-0.0286012310991169,0.66558541540366,0.170281348729688,-0.231556647153314,1.06722019805911,0.279905966725531,0.988255366052758,-0.105953908087145,-0.0737791122395499,-0.26039516289118547,0,0,0.004709977,0,0.003214470235682042,0,0,0,0,0,0,0.043171242021350566,0.0,0.08188279081610265,1.3092474376965115,0,0.0,Low Risk
-0.425990766041273,0.853078501532881,0.710610064311155,-0.400718296762686,0.873791560777917,-1.05534468471199,0.905689242625805,-0.382172114360724,0.987408690743683,-0.943391593629295,0.118722047043277,-2.10334143954132,2.18887957200368,1.4897469399608,-1.15605225253476,-0.270253429735393,0.365394128286692,-0.600561589839325,-0.223844906023172,-0.22250703357499,-0.310108778160772,-0.573280075340101,-0.0070938379260303,-0.0488663046113893,-0.759927874943045,0.05991584992945,-0.0002906764747825,0.157551093615435,-0.3222564333315551,0,0,0.00062557025,0,0.00021918231369815768,0,0,0,0,0,0,0.042357196561553866,0.0,0.010059636275712073,0.8852493269920768,0,0.0,Low Risk
0.993618815434588,-0.165155021817198,0.652105272448477,1.07241817238705,-0.378651811404915,0.385052850709943,-0.367829078463646,0.245593965863526,0.0818569638532713,0.134061239125807,1.12116260360696,0.637697730005363,-0.290744747001614,0.409830452570005,0.845282752220828,0.483687192387507,-0.682235987003829,0.409193909231583,-0.590750705387141,-0.0097529346411113,0.214519971267335,0.477705586863344,-0.149767988699669,-0.303538663520982,0.400705632475654,-0.275108748689555,0.0396476729093411,0.0277625914873786,-0.033836746359089044,0,0,0.00052674586,0,0.0001426339449945885,0,0,0,0,0,0,0.08430654369964992,0.0,0.008585901252106946,0.2751339102118002,0,0.0,Low Risk
0.406852607896357,0.247479078751317,-0.380177344724628,-0.450692628087536,2.06935778618741,3.92989506571082,-0.832315642510902,0.0443403197479534,1.60355265333198,-0.720462797794792,0.281890767090456,-2.27569174058776,1.3745483901281,1.46710950907038,-1.10606967378069,-0.0338442142826084,0.322492860494241,0.202475038655749,0.23415594530063,-0.17258008097562,0.499761582097782,-0.717516879742659,-0.119549685151397,0.991587758545835,0.62624854414965,0.354788489381353,0.159912128371546,0.240932235712167,-0.3041653064693941,0,0,0.0006973256,0,0.0006607286426565268,0,0,0,0,0,0,0.0050305439098853,0.0,0.024617228434641453,1.263866081050801,0,0.0,Low Risk
0.349719371224898,0.310325243429097,-1.3679470155877,-0.288491124279383,1.62880076229849,-1.11712646969427,1.08809909655692,-0.510042564997553,-0.234100540109786,0.597139895009832,1.13823264074378,0.67373323031607,-0.0196175993208385,0.654150387507527,-0.104395771121764,-0.944792825892127,-0.359094206506029,0.0722258951678077,1.07926346831674,0.0637643306649519,0.240693371987915,1.07062048591341,-0.0627405946433195,0.77734673592056,-0.683782693180407,0.130607914793759,0.0537037282000639,-0.130469383197897,-0.27345432069234804,0,0,0.006959223,0,0.0020646668003351295,0,0,0,0,0,0,0.07681957810700685,0.0,0.016624404328763297,0.5403539594378743,0,0.0,Low Risk
-0.953512821084606,0.101905474304977,1.65494650988104,-3.03286967780152,0.256223122087383,-0.668791717573201,0.528727756912627,0.0666498165579709,0.713772790682825,-1.97137118848519,0.733003051127416,1.28479725383409,0.433327821541783,-0.0225743078319421,-0.139786666020046,0.0421734744389374,-0.896527632129575,0.39361174876269,0.648052322618022,0.0601542282763159,-0.157177834529807,-0.524891860678812,-0.242530595623255,-0.342215624351044,0.507349164507645,-0.523519416955753,0.0174945383776514,0.0515922576980934,-0.23503563627424884,0,0,0.0031483758,0,0.001009109997561754,0,0,0,0,0,0,0.004260042875410571,0.0,0.06875280857340803,1.0319880983777172,0,0.0,Low Risk
-2.4628681057787,-2.59645947614912,2.5228184694347,0.169924401862387,1.05194694114745,-2.09609973432945,-1.45017211523845,0.248741682977372,0.33648046321501,-0.609279696392678,-0.169581590058885,0.390356886480804,0.771998544724964,-0.296861768610823,1.48011556013191,0.560870552745778,-0.448031944468348,0.418140448662664,-0.295457728163785,1.02792398351558,0.621927351951894,0.827592936425749,0.704377678178123,0.783154230072618,-0.429963571420123,1.05252504280019,-0.0542805298968592,0.199495786918769,0.21141184097100155,0,0,0.002347479,0,0.0013823215494409022,0,0,0,0,0,0,0.06018964337379832,0.0,0.05700146551796967,1.3118928124251787,0,0.0,Low Risk
2.08586142589376,0.14315494214167,-1.7716696658484,0.382433363669299,0.477845241504792,-0.795413667870812,0.171904918235046,-0.217894078181843,0.527856173919216,-0.373464089830697,-0.73368499396209,0.0137304830518216,-0.06118835847153,-0.823350482525787,0.233421410114128,0.36917344088274,0.425400438516706,-0.237935163193831,0.112814361346064,-0.160632022458299,-0.376640848333258,-0.985976846351918,0.322295617312012,0.374732759500328,-0.242432411987944,0.181856735294547,-0.0639065648025779,-0.0323604960616426,-0.3461782545024921,0,0,0.0042153597,0,0.0008435964734519128,0,0,0,0,0,0,0.053883641387418094,0.0,0.02925229261994806,0.6525627536199269,0,0.0,Low Risk
1.26343879842113,-0.888938197452951,-3.10336727486771,1.66836812754073,0.857740581626949,-0.432817475288624,1.16455373791587,-0.355429667555549,0.238762759381898,-0.534384979420552,-1.29196835622622,-0.606319808043662,-0.856878720328695,-0.788883680217138,-0.136545061240392,0.0662254714516544,0.806653673326263,0.439687922258464,-0.299100094250158,0.606277374700681,0.162185815257241,-0.317256060247245,-0.439291969405068,-0.0980481007922735,0.39275978738802,-0.521633956621404,-0.0867799310855722,0.0425954907901942,1.3619356241321448,0,0,0.02326983,0,0.0060947445628205706,0,0,0,0,0,0,0.39739742085040225,0.0,0.11547606625469647,1.0090439654203442,0,0.0,Low Risk
2.07210339917214,0.135143969615055,-1.77544559179603,0.386273513782845,0.489190341553056,-0.787905062076354,0.195482099975257,-0.231505250897855,0.495712121093347,-0.382888260276333,-0.698333641259513,0.123952797448764,0.146785423136054,-0.862854327760227,0.211649716801428,0.360427668033157,0.413802716524066,-0.26181836872939,0.109119264887303,-0.132726766080368,-0.369901711202493,-0.972849472033677,0.313468648982905,0.38076120565505,-0.238082603281488,0.180396205579848,-0.0639157991247339,-0.0306629444923824,-0.3174241455825011,0,0,0.0010351894,0,0.00046882135785776015,0,0,0,0,0,0,0.050603724950602426,0.0,0.028342995266014033,0.643647468247802,0,0.0,Low Risk
1.62670025584349,-2.58376821041377,-1.0401925083877,-1.60770564017441,-1.51427927156442,0.371024003170559,-1.16646941064442,0.0624755721516776,-1.21912934738756,1.56695930919785,0.190703029819476,-0.458352601271481,0.374536055127486,-0.285585510016937,-0.126814943721141,0.393126695105132,-0.228758609130178,0.852090919909727,0.143977349459037,0.299912596879016,-0.111650331792374,-0.722592237218436,0.0977020582966846,0.0322986577223144,-0.678755772308583,-0.484858669384295,-0.0346856416932476,0.0151459111089821,1.0444423381405765,0,0,0.000704371,0,0.00026553078429514,0,0,0,0,0,0,0.00869144237729723,0.0,0.018972362958477342,1.2388867089558366,0,0.0,Low Risk
2.02076472757577,-0.967323065589332,-1.40979663954962,-0.877021423298602,0.369254009671538,1.55130820103828,-0.871211719774156,0.418394964551679,-0.529122505006487,0.896373377022731,0.642842945203718,0.674644576419763,0.299988945672489,0.227907950945955,0.234122447504936,-1.92408107810115,0.206040473679743,0.269224102012219,-1.29738159362205,-0.618840454188209,-0.301617978911488,-0.235324426214854,0.3002877445797,-0.946692080757098,-0.453302119349128,0.637370863575714,-0.0044616111397665,-0.0743630680633134,-0.27345432069234804,0,0,0.0004339468,0,0.0006188731064931937,0,0,0,0,0,0,0.00514347639197649,0.0,0.03324916636547368,0.8999088732772287,0,0.0,Low Risk
1.34484457257368,-0.624910188994961,0.847009598336979,-0.297256273270675,-1.49759814418527,-0.578579061904309,-1.14835256304766,0.0697087024275374,0.075255053984099,0.0783336798432448,-0.480057714033769,-0.859637001121276,-0.516686039279835,-1.63930389043705,0.0819839475838413,1.35314117657733,1.23888489727267,-0.8054017865522,0.544393170202986,0.0452361517860939,0.0572565544130098,0.260584864071068,-0.0177425486714653,0.33158801316463,0.340442241613105,-0.1941411120742,0.0616040501693633,0.046393338629072,-0.3254113980602764,0,0,0.030964877,0,0.007276541563839649,0,0,0,0,0,0,0.21295843699626335,0.0,0.16313814763750464,0.772017979778574,0,0.0,Low Risk
-0.228357481576254,1.15882394086575,-0.478762896346811,-0.327744514580662,0.139298591009157,-1.32836158431995,0.674760840904844,0.161464134709983,-0.0713874516470757,-0.483152913140471,-1.20192747066333,-0.287821518650954,-0.695447546479773,0.891329655901668,0.498395951435485,-0.289462757923426,-0.258409653842642,0.287596817341039,0.034834729334927,-0.180577982132467,0.40377149291771,1.27120343635802,-0.0667097172467964,0.0648098002180919,-0.792766524242197,-0.217758860005256,0.379856867531156,0.258771605661056,-0.33739227677693934,0,0,0.0009719835,0,0.0008341493909133624,0,0,0,0,0,0,0.06935914474031808,0.0,0.01574572241582277,0.5383156013863046,0,0.0,Low Risk
1.16939538786011,0.0296409944579016,0.302088588279737,0.0934825740514127,-0.0217023461119747,0.115526278187502,-0.277952923946347,0.0905234341587487,1.18223111804167,-0.390939579974434,2.77051100582466,-1.69057142515845,1.19781992003068,2.05803011420931,0.101402839144958,-0.235052108928569,0.791373966132701,-0.570261204141068,-0.632828983740113,-0.190602666490046,-0.0723467723810986,0.0785874110367703,0.0279139952217711,-0.27081478703904,0.174923079481478,1.04285810578712,-0.0908607079348746,-0.0242870914231144,-0.3275679562292757,0,0,0.0006209692,0,0.0003739170073382945,0,0,0,0,0,0,0.03435050797009452,0.0,0.0749181735491944,0.7590901738294359,0,0.0,Low Risk
-0.826807234907625,-0.0123861703481072,1.26993123577825,-1.77329787336391,0.55748672096153,-0.991528695111645,0.444823269831162,-0.142344508728449,-1.70082433644916,-0.0573362440301923,-1.36750326323635,-0.683067298556066,0.204455240083467,0.125114002289864,0.247576773506612,-1.02296472418659,-0.425291053313386,0.741091353893891,-0.589204639214274,-0.307685554950145,-0.770416111357276,-2.0514406188643,-0.0139051787573531,-0.507650500967722,0.121948274518321,0.602588011525852,-0.077763170159562,0.0506947038205036,-0.29350232441156404,0,0,0.00053516094,0,6.346438324781762e-05,0,0,0,0,0,0,0.0053612581077064035,0.0,0.03815229704673193,1.132014922049264,0,0.0,Low Risk
0.496639998259337,-0.731322387419457,-0.342049313285547,1.20073449522723,-0.190815851832486,-0.426532738756651,0.889192617800405,-0.25224401767166,-0.60149446450066,-0.0402133160276734,1.26658699368259,1.33474904055899,0.82371599548029,0.620204189151481,0.0582437816531351,0.296750809973934,-0.759873231081481,-0.101143186581166,0.195174119598641,0.698855405127019,-0.119758827150526,-1.23175927545272,-0.253658205070207,-0.0143318203128577,0.306665270578776,-0.781585180983383,-0.0670803943816804,0.0783561766048852,1.182342252169367,0,0,0.0007205544,0,0.00032435716923711976,0,0,0,0,0,0,0.034966164963956124,0.0,0.01982363277638338,0.5244845149663947,0,0.0,Low Risk
1.89293197814387,-0.60210351885784,-0.667988931530618,0.16925302043558,-0.314751290983583,0.317547830960103,-0.672299525076065,0.274624850855527,1.2400973939787,0.0119240189582751,0.27904222516734,0.317341750151547,-1.25826794531947,0.406496422558969,0.231482611856356,0.560265958285972,-0.847239309310049,0.572891377704367,0.32200801096481,-0.180352343083931,-0.148843281302773,-0.503819514429174,0.325984848104403,0.139155757523961,-0.455627043609255,-0.642297407888257,0.0120979934204542,-0.0346315769564643,-0.1576391597646062,0,0,0.00015320553,0,0.00013045602273422966,0,0,0,0,0,0,0.026646480118473488,0.0,0.007859632294007076,0.535126405369965,0,0.0,Low Risk
-0.822567841492359,1.21026166450733,0.204387835504642,-0.0580447871828292,0.183085143115126,-0.594630578478209,0.466764160500256,0.19711589814414,-0.740211085371251,-0.118882540582903,0.922888448705094,1.18026678334804,0.553646188062023,0.578906838259275,-0.490863509742763,-0.393164529439495,-0.0112073079474535,-0.240442289602162,1.35215084807319,-0.169739638097196,-0.0270619746466503,-0.205631098474902,0.126395182956726,0.0480099147045756,-0.838608133463279,0.239524350899794,-0.368789091967654,0.096648109217474,-0.34817506762193595,0,0,0.0032276562,0,0.002612640749059585,0,0,0,0,0,0,0.011021610185064848,0.0,0.02393374204933775,0.41193056440261755,0,0.0,Low Risk
0.0915267725073576,0.969428561858621,0.37303762713958,1.20263035238883,-0.365919928301717,-0.418396579428926,-0.666294217975642,-2.78894339328225,-0.552551151476826,-0.5535011935836,-0.734599878544702,-0.482732009985436,-1.74922610047238,1.27225356945905,1.10182094126693,-0.0943669431049091,0.0646546016599996,0.029620788062743,0.11703455688622,0.556461086626697,-1.2567540260556,0.316482341324795,-0.0512288668464814,0.345560726700833,0.653167104733655,-0.272261180966103,0.109452696979471,0.269047931065043,-0.24677689741657857,0,0,0.0055073984,0,0.004909992584848708,0,0,0,0,0,0,0.22249695816907422,0.0,0.0839554306238191,0.9341534145435728,0,0.0,Low Risk
2.005824268613,-0.109753097486134,-1.24547559265425,1.17955489423237,0.293101738967262,-0.0589578376377799,-0.107087283123772,-0.0688803115870462,0.738320267749383,0.247585379444024,-1.51801443272044,-0.168291876626866,-0.349377484515242,0.224356007664896,0.270960493827168,-0.0123280925297068,-0.610071919925378,0.345123686070785,-0.492335008844951,-0.231378686880107,0.376906397821274,1.25963106798504,-0.12724120234838,0.29783032624937,0.456373691203696,-0.247540511856341,0.0167705015143362,-0.0461867151246075,-0.27345432069234804,0,0,0.0014384243,0,0.0005635937087650344,0,0,0,0,0,0,0.14785965282225846,0.0,0.04061295731445067,0.5647805491723422,0,0.0,Low Risk
-1.28228078534669,0.0032555405377908,1.81045809729856,-0.678613092615544,0.40148249833676,-1.22586730259448,0.436838787366147,-0.0693184614461579,-0.295171598950047,-0.763819922874726,0.378116657299354,0.652842404792523,0.588785956257405,-0.0124120955065714,0.700523706436871,0.0275638350619147,-0.186369332285541,-1.2184778905727,-0.983719507657206,-0.031656145321022,-0.117313978021432,-0.49668844185826,0.349701770497914,0.61744544922121,-0.602843793796681,0.277924398553181,-0.115336811241384,0.241130822518871,-0.19358179591459507,0,0,0.0003386682,0,8.649096716151307e-05,0,0,0,0,0,0,0.019431755573569007,0.0,0.016022149774134985,0.7030734444384955,0,0.0,Low Risk
-0.418874509105723,0.422631704584034,1.64469637246064,-0.8470432160812,0.303929846341308,0.426718739129002,0.351576325067984,0.0230853654963432,0.246473602136042,-0.345651160963781,0.691775490034309,0.670244754294508,0.187953398127267,-0.451571733604438,-0.664882137301933,0.321835080113396,-0.885820778436048,0.527824860135725,-0.110901234423471,-0.0016342648680615,0.265780278832286,0.980001422676603,-0.230664546859767,0.771074096246432,-0.451221044395408,0.442289590541364,-0.176603820189778,-0.0607365384434592,-0.3074001437228931,0,0,0.0001975599,0,0.00034063074939463144,0,0,0,0,0,0,0.03235659822095108,0.0,0.011503674418100228,0.3978466935214746,0,0.0,Low Risk
1.25805026314934,0.361121117928622,0.30824740392625,0.692292830572335,-0.366313702399458,-1.07245649411464,0.0891365575834431,-0.206597078247983,0.0246624871794594,-0.283789561816178,-0.0570291645770411,0.26283763945161,0.278060062539101,-0.298112346433117,1.08807907935961,0.475900316058445,-0.0082204030721187,-0.305856162983459,-0.198544725062255,-0.0792334534909085,-0.28753426334658,-0.82512636615934,0.129536996402919,0.346756847234547,0.218171274699747,0.094323072738236,-0.0225612078908611,0.0307811459093172,-0.34977251811749105,0,0,0.005677583,0,0.001558913013175621,0,0,0,0,0,0,0.06392064069558398,0.0,0.028081071638502878,0.36197999001296177,0,0.0,Low Risk
1.0571950120439,-1.24292985814346,-0.134082266561784,-0.793723895501571,-0.944545850426524,-0.261373238533214,-0.482308117122123,0.0136262517427587,-0.77573109913641,0.765208363314697,0.4519220087329,-1.05461736944414,-1.38200307649604,0.383969607819008,0.346193712731632,1.68396459276371,-0.217116753340571,-0.396482357065,1.06932431975547,0.392060619751369,0.205203841110031,-0.0420535097711964,-0.278764156914253,-0.521164420256625,0.405068764289376,-0.233367843724895,-0.0471687381283871,0.0281032901812538,0.45338565478520426,0,0,0.0058362857,0,0.003467916536785753,0,0,0,0,0,0,0.04528744541467519,0.0,0.0269890156494179,0.7165051717732941,0,0.0,Low Risk
-1.47517662795005,-1.35454836706094,1.96909241151632,-1.9791493069746,-0.607420711020339,0.451565637836889,0.191157608114751,0.291330371333614,-0.725872296698049,-0.634842348065181,0.0577579188059048,0.0724032397391196,0.180862624663985,-0.912125495354971,-2.16370575212345,1.2729283130438,-0.0626665298891613,-0.900496447350526,0.682027170335027,0.730162132518626,0.178351940289102,-0.0240841602358554,0.288809777596776,-0.488806147152811,0.617869493505279,-0.325214361808797,-0.0559252784851437,0.0698892445799693,0.6410860880129239,0,0,0.0014350796,0,0.0007103550334355131,0,0,0,0,0,0,0.01609230409373929,0.0,0.09020230049985703,1.0360198319927465,0,0.0,Low Risk
-0.252839938869595,0.972347600093798,0.2198979174092,-0.617281823156896,0.488554587150554,-1.02018620434645,1.04728197643645,-0.303629549340541,-0.0202406555201462,-0.221305002434904,-0.73030272459794,0.554359752732939,0.767100492890103,-0.106691968752839,-0.41795740828171,-0.206021786026779,-0.412119300514904,-0.944234499151609,-0.1479608499289,-0.053577738650598,-0.221316517445955,-0.479969660277626,0.136217211394383,-0.0010830290361394,-0.48691937564522,0.118300486178052,-0.0013587114060631,0.0859609156857997,-0.3223363058563329,0,0,3.6365236e-05,0,4.979111166936623e-05,0,0,0,0,0,0,0.013657470326247837,0.0,0.008065303432815982,0.5002307211752438,0,0.0,Low Risk
-3.43464327693834,0.489886642738401,-0.215729116360991,0.64282745115844,0.428817446788632,-0.616103339122959,-0.757657780112635,1.25667759939239,-0.171518035058788,-0.644308534950134,-1.56598382310476,0.81178773591453,0.389576177769206,0.650660597931211,-0.649919345422158,0.0050674385123996,0.289309050034703,-0.735037435115618,-0.703597139595486,-0.724444499526568,-0.124470301161539,-0.184969582243433,-1.06129725276998,-0.353754417434728,0.263600544784402,-0.438104350574527,0.290366318181907,-0.486684735716194,-0.18683256757087494,0,0,0.001426927,0,0.0012201304393741521,0,0,0,0,0,0,0.009620981155345942,0.0,0.04490294545576402,1.145414947214752,0,0.0,Low Risk
1.2227037147669,0.612403268209863,-0.336157269631479,0.758399256275771,0.0837054902886147,-1.18503605226692,0.351176605020993,-0.22836574577944,-0.552156160878603,-0.45166871584629,2.12798362839395,1.09811057375421,0.617426437210197,-0.963354899028779,0.134816150541225,0.558020918977745,0.593406190494587,0.470360776441382,-0.116396576345875,-0.0222515712134989,-0.0639005809959216,-0.127137781903295,-0.075838279989821,0.470372650366057,0.54069958205336,0.335968409127385,-0.0323748001317153,0.0302300050780382,-0.35029168952854645,0,0,0.023962775,0,0.007705896587633834,0,0,0,0,0,0,0.17506741051387018,0.0,0.17983971877483143,0.3754523160049346,0,0.0,Low Risk
1.19302517934093,-0.323699582465147,0.670139435736473,0.387335989948679,-0.236840415307478,1.24391638426933,-0.870195596185616,0.472990439909824,0.833437723462146,-0.0981098977533725,-0.0905871533635595,0.512679356851671,-0.317514078721611,-0.164980804109952,-0.0974088398414566,0.479020488313527,-0.604192331710616,0.306125341430479,0.397934411455629,-0.113479266399703,-0.107131484347952,-0.128438526672184,-0.1086666665073,-1.28155475880022,0.313889589265608,0.413300429760594,0.0249748845374295,-0.0012036591635712,-0.32581076068416515,0,0,0.0014026312,0,0.000429421080099987,0,0,0,0,0,0,0.02050563111368957,0.0,0.01624599500605633,0.4168047194731556,0,0.0,Low Risk
2.10336178600858,0.618340349268084,-3.4000517432362,0.48119900040075,1.5371412477391,-1.03313556736143,0.694684627757425,-0.291502181252648,-0.161033139405256,-0.868866118192813,1.2229010498907,0.0587588071370675,-0.468452001579058,-2.20363852475431,-0.634313838246227,0.68967544247801,1.74968167536494,1.24820571367836,0.187180292802239,-0.114768577203413,-0.0557339558600736,0.0006479311163754,-0.117030029929035,0.0175190366458249,0.433235902387217,0.694912441697013,-0.087757188595597,-0.0288864628924588,-0.35029168952854645,0,0,0.01239605,0,0.004229654863241015,0,0,0,0,0,0,0.42161187382906934,0.0,0.131413824769337,1.0262338732419332,0,0.0,Low Risk
-1.92476062016476,-1.76918150786834,0.733610077514978,-1.02168332999215,2.09347680270386,0.455211482426658,-0.368663693278034,0.470449825395608,-1.59957067330487,0.0056148760685711,0.564621664276543,0.209778660223731,0.0402775658279557,0.506618923359585,0.591454906273784,-2.53402813384407,0.392195491139013,1.05070424609166,-1.01173971264548,0.198648485955635,0.251963125406061,0.652500258119202,0.0032838023830799,-1.63774132304135,0.905892578311551,0.295944240484357,-0.0054372343703794,0.0664167282692208,0.17383181806306877,0,0,0.000105698644,0,0.00010931273837063272,0,0,0,0,0,0,0.03213929736443126,0.0,0.07553796212669704,1.2556535577823675,0,0.0,Low Risk
-0.968115284369839,0.836637590106514,1.83372036370805,1.23514532805683,0.0012756488675873,0.339720284680915,0.497400275771995,0.205294062104545,-0.470866016819768,0.0088628173991453,1.06221763188405,0.0553154008480392,-1.76334024090514,0.466801135775426,-0.207421984361471,-1.02056891694164,0.572438177127228,-0.0820917736320712,1.06210442668203,-0.131363730111988,0.0216599347667209,0.125290630772248,-0.273621578286858,0.203862382646136,0.326569785519711,-0.179649390983376,-0.159637041369102,0.0808378467302618,-0.2105147711674787,0,0,0.00037988907,0,0.001203307260844189,0,0,0,0,0,0,0.24281489428891034,0.0,0.028093151337486747,0.4908280599007587,0,0.0,Low Risk
2.05386646481878,0.0998182674266327,-1.73244060431782,0.431749623935385,0.609038832996539,-0.321723333243979,-0.105557752597339,-0.0693157417111765,1.75076046100674,-0.541151289053057,1.50512872135324,-2.52023412706799,0.328141001691819,1.03520250180653,-1.05521217682463,0.6592001796191,0.893969546837415,0.75315422831748,0.291109412842788,-0.255240441458839,-0.501900932239858,-1.2020182493089,0.304945950325017,0.0016247214785434,-0.307715574046283,0.143434326275687,-0.103336139354536,-0.0531853777250108,-0.3314018374186079,0,0,0.0021580667,0,0.001914886620178996,0,0,0,0,0,0,0.08437667224219535,0.0,0.09939669739305033,1.0283341072697512,0,0.0,Low Risk
-7.71215938274266,-5.6853679996649,1.03199813970665,-1.43578586901441,1.29676020813791,-0.0597782968314243,2.08610367960241,-2.05057483520401,3.75014283689233,1.14349179318854,2.35941996944131,0.629990201134222,-0.23148609117782,-2.29159197179892,1.09590378464883,-0.0693823641035323,-1.48467263191323,-0.62012173247365,-0.509290765781114,-5.3122990973877,-1.69561812327589,1.68964861028052,1.57906914945292,-0.0934355917673427,1.36174682011176,-0.844079105120237,-2.08838586014142,1.63286109916652,0.37654828594900586,0,0,0.016772132,0,0.003377253626542844,0,0,1,0,0,0,0.5726906426185914,0.0,0.19678164337397167,6.473818144194803,0,0.125,Low Risk
-0.545459955105752,1.30216568005458,-0.404277470862819,-0.83878214411114,1.26266595478993,-0.467569227241704,1.32701558860262,-0.319891405048996,1.24230536392245,-0.45968297024441,-0.51598393624073,-2.7129274174923,1.49150365096094,1.58140825832794,-1.50703615470972,-0.541153760095639,0.403554071150692,-0.371520796181791,-0.0680084941938892,0.0474754752531943,-0.18127160307728,0.0028903366403376,-0.232347979501217,0.269919240465884,-0.118254219062558,0.546684402893502,0.287232241981771,0.267669713666904,-0.2534861894979098,0,0,0.00094612286,0,0.0005006845260913155,0,0,0,0,0,0,0.021488440509822942,0.0,0.024617699854550992,1.0137930646453874,0,0.0,Low Risk
-1.17890932538665,0.93180945452536,1.09774775252857,0.160734619593952,1.65503883125733,-0.728850681550805,1.04911839868653,-0.256502180155888,-0.586211470944656,-1.16218586550619,0.0120903667251461,-0.217451772919954,0.459144413470047,-1.83846136216603,0.78343266803262,0.435472027900329,0.680929077844994,0.253459259017098,-1.3195330036248,0.0285458284561897,-0.0341353305712645,0.0327218647617497,-0.33108322819671,-0.415276316428166,0.70410110733763,-0.398662544541084,-0.246750179597484,-0.0674387324637091,-0.3493332192312134,0,0,0.021819482,0,0.012444584312063089,0,0,0,0,0,0,0.34847284272395285,0.0,0.17684234466086188,0.723668805135312,0,0.0,Low Risk
-1.12489809276231,1.14906349119298,-1.06363869545518,-0.985456869363211,0.529906625941493,-0.024801007456426,0.285235554121411,0.593101036782667,0.0540911185421213,-0.0130973999468039,-0.769485721739909,0.0181698208690057,-0.850911682393679,0.736476379330747,-0.832437122898992,0.627109779503232,-0.838207175401717,0.266354949302778,0.669939284551591,-0.27957359096233,-0.212807600324448,-0.786955428344516,0.0348521648094659,-1.48558511988674,-0.400852325423434,0.138877809636251,-0.745195816626881,-0.226354760955776,-0.2974959506504517,0,0,0.00011920122,0,9.731013924565572e-05,0,0,0,0,0,0,0.0013583979724318118,0.0,0.011185846752390106,0.8142937494905407,0,0.0,Low Risk
1.05805298831931,-0.398097784053875,1.30154143218874,0.735476544304755,-1.34631793397618,-0.414051012676324,-0.743684565643305,0.0864141041741236,0.817964891229585,-0.11566967629699,-0.516213994681216,-0.133469128570234,-0.271429651730735,-0.0919092442209804,1.66773995876174,0.882117982149856,-0.662251900475199,0.507384066643559,-0.635526622209831,0.0345986541698493,0.258994101306835,0.61843068592826,-0.0896369528561962,0.415486349424685,0.165942222572137,0.466158914711658,0.0048267929484656,0.0433702977400636,-0.04689590416025165,0,0,0.0019227939,0,0.0001768952134594151,0,0,0,0,0,0,0.0843007737647669,0.0,0.0125867156149938,0.502077322005396,0,0.0,Low Risk
2.01540529314653,-0.081505884612121,-3.07015323564151,0.256246817487629,2.93340741223233,3.30237515139865,0.0113692806002149,0.672129183348794,0.0446219343836957,0.280104169537858,-0.25475682147557,0.325980724770722,-0.403504457186172,0.723382174989572,-0.14715947456583,-0.752681419101395,-0.270539364360172,-0.693603893900036,-0.277675302831887,-0.20646649219416,0.0448208193444414,0.222803025616546,0.0265345103351811,0.707614401241008,0.509132062909902,-0.472287611221555,0.00058884755966,-0.0672222002934326,-0.30057104285439523,0,0,6.7436566e-05,0,3.777105934459539e-05,0,0,0,0,0,0,0.0068738371763269225,0.0,0.01682179453480504,1.3010365382926357,0,0.0,Low Risk
1.57972963457671,-1.0289770779693,-1.68169870814965,0.589712299074186,0.101853823220434,0.171521939889112,0.242974698732514,-0.0745095972034753,0.983817339434762,-0.177866473851201,0.0233140099005947,1.27657428119206,-0.0827744234948644,0.0904995268285212,-1.95086360876231,-0.761987374493404,-0.183862167025178,0.113455247105482,0.795757374853006,0.24421135709878,0.237894793338655,0.562208651187531,-0.280926742942372,0.43246514358388,0.409764685896079,-0.105818114117412,-0.0524498503760358,-0.0301788647612419,0.5793046900973319,0,0,0.0019440537,0,0.0010020418496912622,0,0,0,0,0,0,0.05559582205406319,0.0,0.022075620076757296,0.6375321751497033,0,0.0,Low Risk
-1.25491426452193,0.0632633014929883,1.03452438854945,-0.813681670425429,1.49009531063891,-1.55064741503516,0.512097580704538,-0.212823398362364,-0.224468465664564,-0.773545198905853,-1.02196679662622,0.0821251630655866,0.0116287307247902,0.0541125952053922,-0.470164432833009,0.15674698449006,-0.577125151803328,-0.795516102395771,-0.374387472775715,-0.320391882205224,-0.357454941940483,-1.0198770537063,-0.436239342128032,-0.0879773548366061,0.650782252295129,0.24514157243633,-0.151001948111801,-0.137407608719846,-0.3454194655171035,0,0,0.00015457341,0,0.00010641249612818482,0,0,0,0,0,0,0.021860068807623527,0.0,0.02340192985499396,0.8395271362434635,0,0.0,Low Risk
-0.939114609689869,1.28683644434196,1.04405400253823,-0.19111651188932,-0.106741647291545,-0.419512370840652,0.293513267766597,0.444535299306565,-0.849023692071307,-0.28247363429097,0.996169176028176,1.10571417423427,0.854611764456863,0.445094334299744,0.0590112294778677,0.569034096105342,-0.648737585923189,0.188203338284009,0.421069666916878,0.0553920700677597,-0.12721731463063,-0.495311940401366,-0.0138579448464252,-0.0009740848114753,-0.138377864633858,0.0611216399899942,0.0068484598468694,0.0419864041106144,-0.305483203128227,0,0,9.1312795e-05,0,0.0002220973543188153,0,0,0,0,0,0,0.0071160024516183015,0.0,0.008505174897883376,0.37150756382424405,0,0.0,Low Risk
-1.39777471710591,0.574989734786312,2.70694767838885,-0.572228012821638,-0.719993272131834,0.250156394644539,0.449594567542759,-0.415065884945144,1.34628323888719,0.14541935965083,-0.352984061809754,-0.35365440785874,-1.25677141865749,-1.07561099221649,0.0199155370186472,-0.82582131783616,0.402569985743991,-1.00301250593677,0.278068305440782,-0.14526098820267,-0.15908208501363,-0.18254298412571,-0.237184178184522,0.449642714362965,-0.248254508692388,0.843285519337056,-1.23156358938351,-0.373432467971728,-0.16602577486627026,0,0,0.0059295655,0,0.001643523449249549,0,0,0,0,0,0,0.03577049851960683,0.0,0.04247746094945203,0.854020503074769,0,0.0,Low Risk
1.86464440979884,-0.567581561036995,-0.354610625291527,0.305009315089332,-0.823725601427262,-0.458986692838954,-0.636610491642642,0.101692590949767,1.27288482899204,-0.0264663136400664,0.834840332871281,0.608760074880457,-1.02009413787433,0.442170571654057,0.52923753492964,0.325818086986207,-0.770218325915517,0.887617889871431,-0.150298528580735,-0.224144955311082,0.300212463626036,0.900517242677528,0.108719538680961,-0.00767881256454,-0.170088150901226,-0.581952321398797,0.0448271894655034,-0.0382194542564494,-0.18319836769348716,0,0,0.0010035306,0,0.0002252929681778715,0,0,0,0,0,0,0.10016711112604025,0.0,0.011957679258964137,0.4920965062250158,0,0.0,Low Risk
-1.87206143967661,1.56129709889349,0.0720590577919111,-0.871884461823318,-0.497715157387056,-0.97793676380677,0.0561919337483658,0.472393529893775,1.40479734013664,-0.167530664834182,-0.837616927724653,-0.532328757440051,-1.1018270292231,-1.3103289190155,0.612729620413687,0.705405757423217,0.484082944688357,0.500614834209067,-0.408747545236588,0.215516003947434,-0.386912781873756,-0.763963437612814,0.0777989368291508,-0.205561937583949,-0.0521150535133582,-0.312940161752341,-0.290016126608836,-0.196543032458591,-0.32257592343066616,0,0,0.0005360541,0,0.00013767574595821772,0,0,0,0,0,0,0.009888586520416544,0.0,0.09265533330744778,0.8829384881678325,0,0.0,Low Risk
-1.01230430112374,-4.24703382217468,-0.495481462353288,1.56674465001283,-2.41768761874845,-0.0697020758076685,0.904918312846023,-0.329414763573567,-0.545572981654147,0.161236701744204,-1.01347227686718,-0.345905966331095,-0.367148404551415,0.240726580607399,0.491049561969915,-1.29651817131589,0.0533357623617808,1.57804599129939,-1.39038358458748,1.83761053372978,0.337168515757206,-1.17222135434213,-1.02531047228489,0.377057102560371,-0.0158524592099476,-0.475920638393849,-0.159527781299447,0.240907572874522,4.462986398628405,0,0,0.024904814,0,0.0027233267795551794,0,0,0,0,0,0,0.14352513364831992,0.0,0.11403278085865413,2.3656029997989383,0,0.0,Low Risk
-1.61752412469287,2.54502509389284,-2.33584586133153,0.04689276140859,2.1434876366147,4.26211125352043,-2.76113147117554,-4.65262975116879,-1.21120597410382,-1.70784347247245,-0.081112557701831,0.139459967961551,-0.5249696500754,-0.145232457018262,1.16700226149631,1.05326953925369,1.12215357718598,1.40547078817151,0.0828021712421879,1.26658238684326,-1.76798903179012,0.383143291905025,0.439340890332692,0.79525572813809,-0.0323788787342318,-0.321025997734176,0.183927629701787,0.156266780372504,-0.3493332192312134,0,0,0.04011694,0,0.11436153081479347,0,0,0,0,0,0,0.01899318518758901,0.0,0.32116908226139185,3.081989720726421,0,0.0,Low Risk
-0.474763337621001,0.928662162026416,1.41995268313445,-0.273202414235561,0.324499687372219,0.0752195619736118,0.496716416243945,0.251338824983908,-0.607957884021431,-0.179477372783574,1.19667529362194,0.520450249722087,-0.197284790912644,0.38338066507277,0.443280196420123,0.205950957352948,-0.474099538428961,-0.177553348505049,0.0701916674303665,0.071740026565899,-0.173194303689795,-0.443002536131464,-0.0472511886024799,-0.332188634483796,-0.260080425884824,0.104456476772556,0.276931445710795,0.103607380809882,-0.34977251811749105,0,0,0.0005159938,0,0.0002942787335690505,0,0,0,0,0,0,0.022122258490002666,0.0,0.010748353291188544,0.3368682061007999,0,0.0,Low Risk
0.245310531137384,0.919861260944825,-0.543399453342149,-0.890195427113627,1.5829894293332,0.0703784209303977,1.08685052510518,-0.142602897221307,-0.202862899693164,-0.479441203485263,0.549159286149006,0.572814173818832,0.656455049250069,-1.19560393302651,-0.873160659844033,0.587619873684272,-0.254924342987696,0.344091099877522,0.286230927881572,0.161252280807223,-0.380375042602807,-0.766546381085534,-0.0539097057063264,-0.294546155927007,-0.365875460216917,0.118302032355633,0.0611413966113971,-0.156073128294747,-0.3378715119256058,0,0,0.0029148643,0,0.00028422505007207397,0,0,0,0,0,0,0.022392717651128376,0.0,0.0362575615984995,0.5087136387815029,0,0.0,Low Risk
2.1089062200793,-0.0365050711884789,-1.72932174768056,-0.0067987700434224,0.594976607121086,-0.414453952360293,0.167961966699844,-0.220672222880371,0.3301883753486,0.170453661475715,0.128669906042685,0.914493564635765,0.705247919420814,0.512780722038945,0.0602493088919393,0.269673880956105,-1.177070616189,0.717076442810391,0.461637906624614,-0.166839037401605,0.231472524698164,0.833534588547577,-0.151936789926576,-1.04612527007365,0.40070417406441,-0.0628154939248451,-0.0211973587884024,-0.0787446085877661,-0.34977251811749105,0,0,0.028716685,0,0.03605906688215147,0,0,0,0,0,0,0.029355573268371744,0.0,0.04646761109472897,0.5378434993444263,0,0.0,Low Risk
2.07035193931369,-1.6172477920068,-1.0534557551906,-1.60658943944895,-1.07178937601015,-0.179886339080344,-1.00764913193346,-0.127757361238613,-1.65067976350204,1.65425557486353,0.933063608552604,0.544934359283593,1.59466661525555,-0.471811732777519,-0.952547408445749,-0.513731572563931,0.239850911174861,0.264593198806202,-0.0098218002477723,-0.137720595457015,0.0511024513478694,0.475964304194183,0.108552126952304,0.741285776226691,-0.127994877568927,-0.130366595470085,-0.0031021969540041,-0.0360252173024315,0.0879688539269843,0,0,0.0040285178,0,0.0006647997504438633,0,0,0,0,1,0,0.014825312283991796,1.0,0.044748005176082815,1.1196388114077278,0,0.125,Low Risk
2.31332039656993,-0.366240332602234,-2.32500934687129,-0.656126719722234,0.174848774712975,-1.84954122506143,0.344863228692955,-0.741666604830926,0.384546856438171,0.601729027667944,-0.0602463922657989,-3.73771275213823,0.599100256338364,2.05559877340616,-1.1652970941015,0.11268155067979,1.28906822704673,-1.32972275012502,0.608217088475723,-0.179570609328278,0.305509691607936,1.18361134563426,-0.222460661893683,-0.0937340379288674,0.729793668524121,0.272015728793802,-0.128168918637655,-0.103251670244712,-0.3133905830812246,0,0,0.0034150907,0,0.00264538525938189,0,0,0,0,0,0,0.19981329574109297,0.0,0.13327889515079575,1.7007644129429687,0,0.0,Low Risk
1.16562260983838,-0.24040457866276,0.627112287379246,1.40367498636287,-0.0655340572072902,1.3876474083589,-0.576439558418298,0.389557353604993,1.39658249789638,-0.407807540373621,-2.41425620216776,0.346496480354903,-0.350324562916417,-0.759267904701035,-1.56532052211946,-0.722840590516248,0.285256829471176,-0.856366046618304,0.701771749585322,-0.172388570950704,-0.507371379672916,-1.00637235355338,-0.0906498979487501,-1.34221367461321,0.598746459828031,-0.421894901636936,0.0862184727805275,0.0148351289343221,-0.28555500819617763,0,0,0.0040685744,0,0.001435818962285232,0,0,0,0,0,0,0.05255977305187408,0.0,0.057877063190315,1.0706064297962308,0,0.0,Low Risk
-1.45150752098207,-0.0116414118687651,2.17230011182788,-0.050878884228783,0.558741461366182,-0.304730625897592,0.308886584842474,0.285892588027884,-0.34773786051043,-0.777512041778934,0.592616837227614,0.282604836243662,-0.645684922955571,0.202812159372585,-0.392803424506107,0.762962482824934,-1.12905099793086,0.925740387707074,-1.12844884822663,0.128071773034236,0.375874881211575,0.703394319673974,-0.216152809578399,-0.0249796319038586,0.766940602060928,-0.542821377629685,0.0136259488576386,0.0729108892756298,-0.04182399883686434,0,0,0.00041582782,0,0.0012949545028698654,0,0,0,0,0,0,0.10156686279610551,0.0,0.03868346198446608,0.6600939749633083,0,0.0,Low Risk
-2.28902297019363,-0.959632252350325,1.78832460692468,-0.277851558060032,-0.638014082806124,-0.676791013246128,-0.150300047799045,0.550256728555734,1.87699446676685,-1.74047870062502,-0.289583202651601,-2.1612756569142,1.36778104836536,1.15162474520688,-1.68839701607201,0.221955029978777,0.776039895172326,-0.110240969990215,-0.494720058810466,0.660197416773552,-0.0884447230310367,-0.642223263699902,0.402475654110798,0.373440839666012,-0.0278594621740593,0.744116036033837,0.0613976873570189,-0.0898658203172756,0.4947596226200804,0,0,0.00072321296,0,0.0006924099520037776,0,0,0,0,0,0,0.017264442183263718,0.0,0.05651826514898075,1.1767251392922096,0,0.0,Low Risk
-0.438822063130478,1.2399027775104,0.0960798820719659,-0.703275589626379,0.442608317603309,-1.05517299347341,1.05050992156618,-0.221153160740681,0.181655587527775,0.16671095192645,-0.654676592889184,0.722892525644127,1.03537073258887,-0.227562722730882,-0.435911406797723,-0.239579531431325,-0.429612614138001,-0.995284262639726,-0.222470542510356,0.275251536318596,-0.304478839567779,-0.508488731976675,0.092973428113961,0.0004509666627674,-0.363782369482717,0.149360053706067,0.465839990771341,0.2329499752338,-0.3216973256581109,0,0,5.8229594e-05,0,6.0593844417978257e-05,0,0,0,0,0,0,0.007643018802942501,0.0,0.021735443615282717,0.5161964434160355,0,0.0,Low Risk
-0.0517301063770295,0.971515892936171,0.363334131636793,1.45406810357225,-0.0688679727019942,0.0929411032050499,-0.50570423932676,-2.73466489984361,-0.968143843165404,-0.549856532665268,-0.214672091546913,0.182890005879894,-0.731187135545919,1.21116480578565,1.34243193399018,-0.51879427052648,0.43534296412753,-0.877239986644467,0.183532594171891,0.729671497544283,-1.5004727897847,-0.463293245756776,0.078680930126769,0.0108916457014793,0.466932086685577,-0.467260315023739,0.107213773682705,0.266491238963032,-0.05799818510435932,0,0,0.0013862203,0,0.0006873693890950225,0,0,0,0,0,0,0.11608005162653036,0.0,0.04468607078766581,0.9242727965719758,0,0.0,Low Risk
-0.766512832379776,1.21260320389558,0.182339449913185,-1.16345012793043,1.20696624227162,0.0378275028672612,1.14360520850361,-0.264173968808496,0.0127734721885955,0.48812749111229,0.59369291478959,0.824886870686537,0.567087205459615,-0.186980167097169,-0.984017373270501,-0.0291471664184802,-0.935058407314698,-0.259863155915231,0.395414677040875,0.233548658955874,-0.229238092387065,-0.435637454016582,-0.0304373223196911,0.229191256023189,-0.558883781374408,0.0495954383587735,-0.126951474384619,0.0848835680235131,-0.3473364061117696,0,0,0.0029603338,0,0.00041134443294824655,0,0,0,0,0,0,0.004487333971083231,0.0,0.02225767358283541,0.5066050658443634,0,0.0,Low Risk
-1.46376704838463,0.252156054681835,1.3531585511428,0.638504503600258,0.0104847696137971,-1.15273912161938,-0.0235679714119215,0.401999732617375,-0.715830590458417,-0.604297484447923,-0.761985081188454,-0.611047960627226,-0.951565988415677,0.811134754670256,1.34353807001892,-0.0092863476744743,0.165008660070613,0.231344106937556,0.626453555302911,0.210087068954506,0.221845440942687,0.122517134405094,-0.228666529667783,0.421624534189974,0.335449452488007,0.558374011604338,-0.105720360628931,-0.125492822461332,-0.20839814926086825,0,0,0.00023462767,0,0.0001629880144844526,0,0,0,0,0,0,0.07477394324838857,0.0,0.022266862069418823,0.5604586590208978,0,0.0,Low Risk
1.62681141704492,-1.11690509806123,-0.0794686102730193,0.771111217072948,-0.952493541590443,0.607749879303075,-0.872534280546397,0.33001021963027,1.53657388495978,-0.0555890200079378,0.289034945782545,1.12750506510272,-0.498710268637855,-0.390279630976739,-1.48405458594575,0.165732237922098,-0.322272431712973,0.135065084756478,0.424931376630857,0.0746097083609521,-0.0691489861849674,-0.24731450429139,0.235603952672399,0.77591247366394,-0.533614458992232,0.0519543619887642,-0.0187688044371858,-0.0162819112136181,0.24811326610637904,0,0,0.011268241,0,0.0011573293400598263,0,0,0,0,0,0,0.03328082657753277,0.0,0.040313120178333564,0.5894624936320354,0,0.0,Low Risk
1.99399136899056,0.639871714684711,-2.36853033928435,1.33533243782726,1.26237916510674,-0.523883255310842,0.487766659987166,-0.239051095953388,0.0421253831890279,-0.74466599732444,-0.477227672281684,0.273139635411124,1.15627860316521,-2.12930954298793,0.521089774225046,0.828853152393258,0.974277433198965,0.509755405116612,-0.446449096456835,-0.0276901769754902,-0.375524302433896,-1.01284276353292,0.181623166498481,-0.212320838195877,0.0327282023531612,-0.915249643954752,0.0350521598850881,0.0156524301909749,-0.22113781696291984,0,0,0.01053405,0,0.003975104655280994,0,0,0,0,0,0,0.2608206712584424,0.0,0.14131035758261842,0.9075441633400584,0,0.0,Low Risk
-0.0720749988787974,-2.27918503873424,-0.443792986517364,0.863821235645224,-0.817489035147532,0.597002168536433,0.530702347336819,-0.0546410310284326,0.248589731683389,-0.331086355779803,0.152507257248336,0.866454445648392,0.652113409055966,0.0993127780012594,-0.144633222147144,0.708534067044279,-0.876889763251737,0.651593335764144,0.456008127115921,1.38154776879545,0.348802622250711,-0.438881613497588,-0.7918627900434,-0.744080319833217,0.265040214336884,0.45811022520931,-0.15055828296828,0.116103841765786,2.4382178955123663,0,0,0.00036917796,0,0.0008267233014759394,0,0,0,0,0,0,0.021969070987001064,0.0,0.06649855977012052,0.7770958078812997,0,0.0,Low Risk
1.99733549107325,0.501246579536446,-2.2801629985545,1.36910105431156,1.04734506414709,-0.663576924102991,0.55861002010583,-0.185861195473828,-0.132229962529184,-0.188666010451025,1.18097616867851,0.698289767063154,-0.409039138939629,-0.792088264188726,-1.02530597304951,-0.0419272320993245,0.767189691364181,0.518013123893425,-0.153588099031255,-0.231758181618933,0.0108482662352073,0.216542477745542,0.0075852670942853,0.579994258895608,0.447233589228173,-0.541258647492206,-0.0038562098919143,-0.0331851794861445,-0.3493332192312134,0,0,0.02964969,0,0.006007790405146411,0,0,0,0,0,0,0.3733264424588577,0.0,0.08563829073709249,0.5692801741104239,0,0.0,Low Risk
-0.895861668931347,1.31684610479744,1.42131280275549,1.98904516296428,0.197292630637145,0.0800334684356803,0.32728464756955,0.523607202306704,-1.0692395794779,-0.155402544757711,-1.76944714259691,-0.384357170181282,-0.402991671650355,0.216466265492208,-0.881657809662123,0.344716319731464,-0.180342184838379,-0.217540352072975,-0.185664210971691,-0.177802682263854,-0.114341856122053,-0.436892633757647,-0.155256946692351,-0.170199388547892,0.041381867745003,-0.103722414270678,-0.0278299539559073,0.0360391715929965,-0.31542733246305726,0,0,0.00011794462,0,8.06643725393303e-05,0,0,0,0,0,0,0.09973934628178828,0.0,0.05130299716454919,0.7247976495139136,0,0.0,Low Risk
1.02989724407871,-0.820117073251289,0.640364960356746,0.162301680148646,-0.975067524219046,0.115194831900434,-0.548418068824601,0.110837999497638,1.34692664212152,-0.489418320263628,-1.65227286757347,-0.0403216615626033,-0.506436546996494,-0.448091102753662,-0.155483787929759,0.170496622375309,-0.118792137898299,-0.261364045721101,0.746077737900039,0.160256845946797,-0.221128133727759,-0.684733948817802,-0.125440538576879,-0.392817916904888,0.180322455367937,0.983698856505782,-0.0624458859397398,0.0260165235965278,0.17666729269267903,0,0,0.016469419,0,0.0007689391180805682,0,0,0,0,0,0,0.020612283571225222,0.0,0.014589959555750912,0.5710001714709748,0,0.0,Low Risk
-0.285159400940557,0.802550246735616,1.12929198689521,0.22850111198775,0.67297803227866,0.759744313951274,0.962644849757221,-0.0778544649203599,-0.103860570459385,-0.154463405441931,-1.54832271450092,-0.927968900791374,-0.571730972493741,0.0175257636515462,1.27779712931028,0.313868027674633,-0.799052159832006,-0.121823794946024,-0.0120984790918434,-0.0558616339862262,-0.320391510851409,-0.839751588349129,-0.116970052536762,-1.40448485098073,-0.0955540128841065,-0.637375188486638,-0.210689745182162,-0.220941568419338,-0.0937810762047927,0,0,0.0017484131,0,0.0007963338879122951,0,0,0,0,0,0,0.05025364504953685,0.0,0.03705286272196006,0.7415974093442055,0,0.0,Low Risk
1.81643389797115,-1.05577087141304,-0.412770112886421,-0.63214727156378,-1.1524276240434,-0.514838006405182,-0.765246183179685,0.08256063420288,1.62897059586549,-0.290729781224952,0.825314374043244,0.798999471730881,-0.835451474614018,0.148982234135133,0.10328866834123,0.190824795705772,-0.44787962818854,0.487127870413045,0.381986792900346,-0.0589490683201586,0.258754849285547,0.753782474323267,0.102645921722034,0.0819692010035782,-0.41016567627525,0.710857416772988,-0.051398741679478,-0.0497862081234077,0.006099516029787458,0,0,0.0007880759,0,0.0007015303010945403,0,0,0,0,0,0,0.027913136891461597,0.0,0.007833611837805959,0.5582839125338226,0,0.0,Low Risk
1.20305473263425,0.247362156105198,0.631621201171341,0.547487223200124,-0.469597132191021,-0.77100842308366,0.0037301149815221,-0.105269417857149,-0.318266130551811,0.0853827741399843,1.76652628081524,1.44008582727604,0.786325462605069,0.330445547214041,0.251553698834249,0.411882377801856,-0.633265573998503,-0.186193576181536,0.0895210149366082,-0.0505168582246902,-0.185388043619145,-0.545954364405521,0.142027789802906,0.546562765464924,0.180024701965305,0.0624625401267773,-0.0287745624746277,0.0122169703737295,-0.3454194655171035,0,0,0.0016779948,0,0.0002920511521363215,0,0,0,0,0,0,0.026777151335355902,0.0,0.016251653419874678,0.38606766204730997,0,0.0,Low Risk
1.82903401077697,-0.406649289879529,-0.467437013765951,1.406378509337,-0.270651622166539,0.415940552487759,-0.463805011462053,0.305229910129276,1.12022758461662,0.172162478511892,0.199487935981214,0.634248916501164,-1.73709127216581,0.219227098641639,-1.66348965948729,-0.196444010040332,-0.172806081645734,-0.265599631210509,0.431401351509453,-0.289662539503842,-0.46869212569455,-1.26044805735999,0.461520517895971,0.580152582026681,-0.40972206487121,-1.15386553607422,0.0337127616073047,-0.0312557190940318,-0.19713612326720506,0,0,0.0009238243,0,0.00027847671410597476,0,0,0,0,0,0,0.07213384510668475,0.0,0.04136550430802412,0.8120614378560821,0,0.0,Low Risk
-0.28270580205166,1.22674886642752,-0.0786171817594845,-0.62412847367788,0.641303653555344,-0.970096797451196,1.19565913291422,-0.394483733472462,0.161571002050642,0.699120841132361,1.0765523536408,0.88733588290402,0.41437589634491,0.169924299470377,-0.252534149147275,-0.426605607510762,-0.841972710171396,0.498017508176784,0.231717562521127,0.348064961713968,0.322588351432434,1.49882842348587,-0.161243580163857,0.124654927472993,-0.739331271651428,-0.266698846574488,0.557386418962495,0.211571675807111,-0.3461782545024921,0,0,0.0064476565,0,0.0009480140763048255,0,0,0,0,0,0,0.05437993080530506,0.0,0.03302965351140902,0.4283821856742861,0,0.0,Low Risk
0.212742754499388,0.830234568245717,-0.429459694020255,-0.783157879825572,1.25965614798915,-0.231769677940019,1.0576575859815,-0.128933185869897,-0.056842550094152,-0.44510576119375,0.619675564699724,0.0646596926876536,-0.532086843961353,-0.953837533309297,-0.821293794184656,0.598504221228015,-0.1194588027451,0.46069074481207,0.231391000934902,0.102276364282031,-0.371107979581042,-0.81901111191388,0.0161602627179654,0.0758924968995718,-0.432521402050778,0.0949292137526217,0.0480698473122573,-0.153720567547455,-0.305483203128227,0,0,0.00047199227,0,0.00032789627195145164,0,0,0,0,0,0,0.04160573154266785,0.0,0.022028353952200572,0.5019054412557244,0,0.0,Low Risk
-2.96363339352709,-2.0763488891401,1.84274580073391,-1.17183704190524,1.02513800219062,-1.59293378987478,-1.42175891803553,0.758670416698946,1.08191556166206,-2.0531783927421,-0.57413033774957,1.03866368949821,0.421428506402091,0.0826215963992718,0.969414576282483,-0.485655167047373,0.0960417212664029,0.0534376527636077,-0.445472190478206,0.534993443189757,0.496173281403671,0.608708723911602,-0.389775804095717,0.14761843730832,0.571516457808681,-0.615704699276455,0.0497751552529847,-0.392249661238485,-0.32137783555899985,0,0,0.0008670531,0,0.000865780215620038,0,0,0,0,0,0,0.023576194100214085,0.0,0.07362402698623066,1.448745270134414,0,0.0,Low Risk
-3.06949925670914,-1.73833698345512,-0.011921435800062,-0.843505688412354,0.416050098858987,-0.629397002862563,-2.43728171601844,-5.59472362683743,-1.18290346917741,-0.235197068192367,0.303770017280852,-0.201448086795578,-2.51240279251616,1.08086316558057,-1.15585152058229,-0.875078028383009,-0.0090344427760233,1.40328998130176,-0.952396476480779,-0.395630915696745,-3.21440443513384,0.382688115967363,-0.0832062548395579,0.401631146412983,-0.916136402630869,0.798998171448336,0.578074807099988,-0.321931445253048,0.6649679729214719,0,0,0.005694732,0,0.0018005702842306532,0,0,0,0,0,0,0.3782293812604882,0.0,0.10528632728548827,3.31235962455052,0,0.0,Low Risk
-3.62405339411255,-0.790503101365816,0.436466189306799,-1.31926667289821,-2.44531719936398,-0.0054163257236616,-0.865606884171102,1.48796712904811,-0.78604201029263,-0.0828162963653271,0.0730722331645683,-0.395260679616656,-0.90307939076702,0.374741153640759,-0.672513314757337,2.21373733010433,0.243189315222212,-0.0807149725762098,0.274707552237778,0.0086548130632026,0.309317989204327,0.727804236146589,-0.510205922538929,0.05762431919452,0.626406483184139,-0.0960491318543406,0.46842539747303,-0.413976364535888,0.5512294976379518,0,0,0.00029208654,0,0.00016281585616650566,0,0,0,0,0,0,0.00614395332619754,0.0,0.044449802953390564,1.4147065485688368,0,0.0,Low Risk
-0.576064704356456,-0.47647141343013,1.6864719858019,-0.214890745404441,-1.10645860195163,0.0848684169275836,0.210556967924787,0.150424325325456,-0.612053333555373,0.0672611306376254,-1.72860338630557,-1.02515762362486,-0.848080913770901,-0.195605455015994,0.200108728497711,-0.874200189166777,-0.564150000317886,2.01771002783304,-1.53199561942158,-0.24844124263448,-0.113574841834469,-0.157022516521091,0.442937596230754,-0.164452804600426,-0.701256568322987,-0.817218406935723,0.20370208106649,0.223157971380998,0.3455577463352377,0,0,0.0014779909,0,0.0018399114883888268,0,0,0,0,0,0,0.11561118200993249,0.0,0.1074199970300887,0.9587839235025107,0,0.0,Low Risk
1.14565311974203,-0.523699729567152,0.964975427289448,-0.832273773979429,-1.16469997895412,-0.173081569610691,-0.825321025353073,0.303366410656654,1.71437429027334,-0.922358066567662,1.47143192592578,0.983848796432673,-1.30591856239159,0.312195482081652,0.932179529944267,-0.545036204883867,0.0209052197123801,0.305867135986525,0.418156556225094,-0.225075816443064,0.0674093390395869,0.386460968266174,0.0200235464277882,0.217342728480062,0.332081727679863,-0.683169385198823,0.0992266038281044,0.021350757156015,-0.3493332192312134,0,0,0.0058021606,0,0.0015846280309311704,0,0,0,0,0,0,0.05023294676206492,0.0,0.02915209075540691,0.6461309821938621,0,0.0,Low Risk
1.2162932092905,-0.0689546008500416,0.689428775938006,0.174821035677201,-0.799701603628809,-0.975109733476883,-0.291947616289202,-0.222397908414353,1.76350034130142,-0.583273078610073,0.619036174584558,-2.59019982409196,1.20085708174917,1.68697921227439,0.582445451170292,0.410100463756663,0.400605125570512,-0.0658013904909939,-0.18057115200138,-0.0715116835873516,-0.269497889194163,-0.626593426879422,0.083376414522059,0.36769878288373,0.0623750788821453,0.864158443189641,-0.108094857514339,0.0080642106586007,-0.1998118528472598,0,0,0.0025036621,0,0.0004421667771823404,0,0,0,0,0,0,0.04277710987887655,0.0,0.029562355667928794,0.7835211550488617,0,0.0,Low Risk
-0.57881354873323,0.763870301373019,1.4159810004706,0.0220694101508645,0.193304995859588,-0.976684052014758,1.00654809784108,-0.105214960633405,-0.762680846618384,-0.573133340320083,0.249017792265599,0.0583079922566586,-0.462261693260711,0.505234487274187,0.809864022447435,-0.478945499992354,0.237190790409099,-1.26445194273155,-0.268142451655969,0.0031611662743539,-0.222705106738441,-0.80343495341505,0.253391368589049,0.581481223414177,-0.584050628003122,0.0135204429620642,0.0540557015222553,0.133630541393281,-0.1917846641070956,0,0,0.00015600481,0,5.1205229201177184e-05,0,0,0,0,0,0,0.05399154186896475,0.0,0.008029790187265944,0.5575260998171379,0,0.0,Low Risk
-1.1551540400286,0.351772372666366,1.51790664975668,-1.04232418354766,0.8357092540017,-0.234985803406962,1.15747860935494,-0.249022360285205,-0.34748285532788,-0.598343665854264,0.450137669624033,0.489599541897742,0.101068649669121,-0.142486310815665,-0.962805675192588,0.482179069955089,-1.156896692394,0.254168940552906,-0.228626240207173,-0.0708038157107401,-0.0619480358282449,-0.040982352107542,-0.518464030905043,-0.369381771588835,0.668912473988993,0.232534513742164,-0.26088728363155,-0.214949247101877,-0.014267977788539535,0,0,0.00010339937,0,0.00010285825575604636,0,0,0,0,0,0,0.027442995006829233,0.0,0.020692671045369235,0.6145847899769805,0,0.0,Low Risk
1.80749073223847,-0.562682414551108,-0.371549921754176,0.132379176313815,-0.713299886586663,-0.557651925133467,-0.351016821808209,-0.0507300629951742,0.866355738871873,-0.0924501308343235,1.16828413992276,1.67478169020142,0.80070400834319,0.0542569569848823,-0.125494899237289,0.321611270197867,-0.744973485976007,0.026380433956047,0.293998836205728,0.0029793514889333,-0.126440103667477,-0.397896450367174,0.330447268559157,0.0707129138633014,-0.554979773818272,-0.361155897130817,-0.0083047314229136,-0.0309587195557724,-0.018660966651315985,0,0,0.0006649443,0,0.00015802710244297469,0,0,0,0,0,0,0.01885257917065869,0.0,0.010075195982947548,0.5300359743106587,0,0.0,Low Risk
-0.192364434570325,1.11449547292147,0.273433969575439,-0.462211387719663,0.550869758910855,-1.03851013299974,0.874392761817616,-0.267343411736134,1.44201551955452,-0.467424209455169,-0.0834259090384434,-2.39015237580158,1.70488429035322,1.46287252657646,-1.11588705053174,-0.102024153239128,0.26012504189934,-0.447514467172703,-0.260059588973847,0.0475223524070528,-0.451987593046014,-0.806487506262293,0.0679797128392833,-0.180482742277483,-0.441148990578994,0.113642401705681,0.32920862106693,0.151360951744705,-0.34621819076488103,0,0,0.0009446452,0,0.0004916946951769398,0,0,0,0,0,0,0.023678353574423883,0.0,0.025709444839826255,0.8612498341819692,0,0.0,Low Risk
-1.38993646905465,2.52065029569648,1.2252309837616,4.4146112402626,0.0159237210760649,1.67610920694025,-1.55498493196087,-5.14720064453837,-2.71781154923251,0.263756051936728,-1.43645584900992,-0.486944982764811,-0.484894836896136,1.05653063836122,0.543154241662158,0.156129562869964,0.487222322678037,0.230705287814606,1.04453686162741,1.43789019990781,-2.52897009756197,0.855348155892137,0.111745361312988,-0.159206685816894,0.175547380496233,0.450763000800227,0.0421165628340991,0.140733486669845,-0.24098613937019148,0,0,0.041191485,0,0.009006128223691106,0,0,1,0,0,0,0.6386438366720631,0.0,0.19828702150069505,2.979186259996784,0,0.125,Low Risk
-0.124613671404232,0.999543331521819,-1.04722751310763,-0.227739683443551,0.413004255654143,-0.711746367126237,0.787578829813262,0.259007130217239,-0.556689490447412,-1.08461905459051,0.818712068041462,0.611318216650909,0.246099383303305,-0.355173884149753,-0.0109970931889783,0.403460227236254,0.269763647497904,1.24306223442375,0.131635171373133,-0.0477238714465074,0.425211544751662,1.09512140961371,-0.0211962261430695,-0.462101085014756,-0.305504420672687,-0.150297244379781,-0.0259221800611498,0.0303361721198674,-0.045817625075751996,0,0,0.0011993907,0,0.0032442647258861695,0,0,0,0,0,0,0.10738478546158334,0.0,0.020420964573499935,0.34938146277469717,0,0.0,Low Risk
-0.107269838200727,0.82119187781214,-0.711345501753819,-0.95139144753646,1.60207133422335,-0.136530136570468,1.36096859078534,-0.336789304298569,-0.102551657759664,-0.710102069163795,-0.0429513672165312,-0.275590595974949,-0.217109592100159,-0.876799504406284,-0.0916765854131523,0.636533654955959,-0.520985192455806,1.53026063807937,0.176268501357972,-0.0636722284224943,0.259088634790323,0.973863517996195,-0.391450331149295,-1.51534847021264,-0.33484568804392,-0.208516596059718,-0.0635692276917794,-0.0125278840089428,-0.1777270997462111,0,0,0.0040675853,0,0.0035848509853125174,0,0,0,0,0,0,0.15115205935528128,0.0,0.08056454800270169,0.6587481358114793,0,0.0,Low Risk
-0.64655517598592,-0.296854199503719,1.29633044326078,-3.20896877531526,-0.400864956736397,-0.149409626614736,-0.139280133347174,0.202383378415001,-2.27292402118245,0.803076715816341,0.334232959446437,-1.26224769023653,-1.1943086994788,-0.112749384071512,-1.27463073711428,-0.255278360686477,0.179692770989722,0.525114190978937,-0.477912062195973,-0.276792277967845,-0.181302590908505,-0.165972064535068,-0.3500430626877,0.643648538010929,0.698802656095088,-0.149201131141325,0.24603338635139,0.0988158764534615,-0.3133905830812246,0,0,5.842366e-05,0,0.00014645277570430297,0,0,0,0,0,0,0.014479237145118768,0.0,0.01589110070160107,1.2413226165125804,0,0.0,Low Risk
1.21582995594808,-0.076768272290692,0.788336873529844,0.879813723816303,-0.370419497661623,0.67504677148458,-0.707303750522362,0.314187762307842,0.649372234954988,0.0384530424706965,-0.0819163579766727,0.457831692565845,-0.235912278881575,-0.0287089907976334,0.0564831705709627,0.828498812937971,-1.0547948696676,1.00190396855535,0.370339608685451,-0.12227082854848,-0.0405277890832192,-0.0029448547837191,-0.150086352852371,-0.856007442052202,0.503131313052507,-0.342609755811846,0.0623384654121777,0.0147159974533474,-0.3493332192312134,0,0,0.0051317806,0,0.0044438354994465615,0,0,0,0,0,0,0.0508896899823898,0.0,0.05815783317253362,0.3738789208169571,0,0.0,Low Risk
-0.734766127863421,0.575757305958664,1.33848735151769,0.0798017223086037,0.755844425776608,-0.649668993831218,0.537418733062522,-0.101087607209424,1.61801246255506,-1.1204165277248,-0.482045218607609,-1.76965727378044,2.00304042466134,0.882301200233971,-2.84603345576768,-0.936083545113806,0.933439815951375,-0.766090932189992,0.33022058643869,0.0723631579016174,-0.464721682064167,-0.734221513386586,-0.0849404200249503,0.02360660096035,-0.0424530762188824,0.0693282934770538,0.308925108161714,0.196761209309874,-0.35328690920771216,0,0,0.01148114,0,0.003336548672680281,0,0,0,0,0,0,0.05905514483882925,0.0,0.11189297663786979,1.0687746884888818,0,0.0,Low Risk
-0.334008273377635,1.10196272264705,1.72404257766415,0.81173321242658,0.285836102347607,-0.617785954598078,0.988943833352141,-0.44483966382296,-0.598279982165618,0.0182339856197186,-0.179722938471733,0.448626276362869,1.26169989069164,-0.206340057064364,1.0468233597022,-0.353731407059553,-0.40578363811777,-0.08987337452847,0.451798183138107,0.12979873487019,0.0357811010676941,0.335361701387325,-0.145053278941776,0.417880205113959,-0.230639286184995,-0.460263128142309,-0.121290027943091,-0.0770317869679404,-0.3234145849408326,0,0,0.0011391807,0,0.0016259118616364858,0,0,0,0,0,0,0.14808207447341198,0.0,0.023583981107018984,0.3761669083311252,0,0.0,Low Risk
2.03899364291531,-0.0425275858345457,-3.05646204809497,0.24632854156798,2.94544948296507,3.29798117642118,-0.0048331558758951,0.675298336194327,0.0460601032726025,0.285791147183673,-0.254931755929978,0.32547781049506,-0.405681336816318,0.720617879644305,-0.148695485922037,-0.75429185142131,-0.270901355402895,-0.696105567443123,-0.273775548020921,-0.231331672130283,0.0374224037705168,0.229247317888278,0.0372963982479506,0.706987875891813,0.513615275480649,-0.470985386794748,0.0028958898224824,-0.0693481778468469,-0.3493332192312134,0,0,0.0008274813,0,0.00017211663209473307,0,0,0,0,0,0,0.006853797338112881,0.0,0.019658736758489205,1.3046009208024338,0,0.0,Low Risk
-0.690259094134021,0.0523140658599952,1.23469491799354,1.48149539376789,0.834068371355189,0.382142886881484,0.38307840874633,0.067703163693592,1.36372450719224,-0.912333601057025,-0.443933523889808,-1.83987848071229,2.28026240544995,1.02610862993057,-1.7162899145639,-0.94639462268421,0.952572840991017,-0.356015694761397,0.981344568473394,0.344665723073462,-0.449818954490348,-1.1200388921225,0.531743441551812,0.477510638860847,-0.721904118914281,-1.0761000904476,0.184340730199518,0.233737445705197,0.09795291952420342,0,0,0.006897897,0,0.0038465125846377326,0,0,0,0,0,0,0.1277440524945585,0.0,0.10171809652467899,0.9597920024517532,0,0.0,Low Risk
-0.638857430068348,0.099689534269027,-2.06470845257542,-0.670821391332862,1.88548817295746,-0.530883018812185,0.70020651239179,0.191861826295444,-0.496129393168178,-0.150255293451977,-0.347057198899375,0.578069445698685,0.168984388970629,0.767976545643478,-1.38933474158811,0.0083577258069039,-0.736298279103301,0.144875439696596,0.488312797914696,-0.410303862555029,0.214893141162912,0.700184684354104,0.518223973997733,-0.299484990916057,-0.0436346866700625,0.559653911444123,-0.46252375630736,0.0575486925224203,-0.35029168952854645,0,0,0.0036556309,0,0.0018442869237943371,0,0,0,0,0,0,0.007357906414594273,0.0,0.0757131573188571,0.7106757130979172,0,0.0,Low Risk
-3.59446329968226,4.09289121722777,-2.33761538806229,0.482650764185544,-1.44511840590306,-1.55592645251374,-0.579634410661098,1.59754395101147,0.964874440543067,2.71296269428149,-0.964821568817299,0.43909353409385,-0.289541575977639,1.0864999062215,0.721338229907941,-0.284881987285758,0.461413839654624,-0.0827589032981983,0.0315709935753363,1.01121771164329,-0.0219465805179003,0.285660612361307,0.385485113208923,0.337374160456014,-0.0632774217753759,-0.354333297075802,1.08454769834876,0.647336029356733,-0.3493731554936023,0,0,0.0044773044,0,0.00035813101549013937,0,0,0,0,0,0,0.0001520569007786771,0.0,0.09637699734960364,2.082308205105359,0,0.0,Low Risk
-0.457777589303788,0.798486572321378,-0.57750546940168,-0.747448840222225,2.10762988654929,1.05723194085689,1.02837833793358,0.405471526952467,-0.384498732900626,-1.34184348350663,-0.177522764625974,-0.799508659531795,-1.84487697413551,-0.45616078819072,0.593325848387299,-1.38026916518166,2.0117863066503,-1.83451224024327,-1.4970597069453,-0.275185231506541,0.0827588213761465,0.38856542006845,-0.144280108382553,-0.766350530839447,-0.2640333501296,0.637221123841715,0.116934620305455,0.145000633495933,-0.3014496406269505,0,0,0.0011566454,0,0.0013151507832700258,0,0,0,0,0,0,0.11028849577924213,0.0,0.12894099169553755,1.2340328339827806,0,0.0,Low Risk
-0.89751689366118,0.373268417685614,-1.32855760155329,-3.26647013675306,2.70618282441827,3.13189685139552,-0.0262684082889935,1.36766267171702,0.35406839858607,-1.42807503862452,-0.729703610529667,0.318964978597261,-0.524731295060917,0.349321956205963,-1.11790767782292,-0.142299030313685,-0.394715630091241,-0.682251826413643,-0.928856437635154,-0.148512019893506,0.146943445460931,0.427547491371138,-0.206054690014373,0.790807712511528,-0.0392444738212429,0.777372447789717,0.19413590808862,0.112196324943708,-0.3493332192312134,0,0,0.0007774405,0,9.051983641470394e-05,0,0,0,0,0,0,0.0002193841909076549,0.0,0.030281046080913747,1.681918047241085,0,0.0,Low Risk
-0.551954994821162,1.00194127613495,1.33339094338396,0.0022226869187054,-0.118169999164166,-0.826032025258784,0.493552699019987,0.104994339369612,-0.385677137975388,-0.188572898097292,1.43899024177826,-0.0660301983792059,-1.39600768593495,0.0215287900925576,0.341769988090401,0.573376348747804,-0.095821643015117,0.455128435525884,0.137460267772007,0.0096800171548143,-0.199006766066877,-0.651995641558223,0.052494051962505,0.444734623461222,-0.268738954659089,0.034867174953455,0.0994567205953276,0.0847699241536991,-0.3442213776454372,0,0,0.0010999894,0,0.0010596899332768637,0,0,0,0,0,0,0.07660422820451002,0.0,0.011995373150968465,0.4422668445961213,0,0.0,Low Risk
1.23584587799876,0.0747623702191906,-0.0966125276656483,0.354013493222666,0.0455012770494186,-0.272082622906784,0.0673021668506392,-0.0576905263242242,-0.178234763161162,0.135411620894517,0.618015074505836,0.543827599973072,0.0334717180230155,0.503082627450649,0.30795979326856,0.576046117338974,-0.899936568295539,0.449535460999312,0.392598987329588,-0.0207027744942602,0.0115128619538638,-0.0263301447918028,-0.201700117957176,-0.458901655426839,0.595697370541227,0.428903634723437,-0.0520148733975211,-0.0047112779829664,-0.22984392216369492,0,0,0.0009813668,0,0.0017136102950271984,0,0,0,0,0,0,0.029125304129925273,0.0,0.017504802358302523,0.25431582240555894,0,0.0,Low Risk
-6.76009563831945,-1.42524848667672,-4.38489627483655,0.508796977941812,1.62561858764581,2.93206484368524,-1.64896979297337,2.37852308238224,-0.661299549032834,0.330243611864441,-0.0348851586472246,-2.06709406766105,2.37932111746319,3.27205944686559,0.213951878334885,-1.24406475678917,1.51770168614967,1.43508308313238,0.0431105625966549,-4.10289245906038,-0.988786943115563,-0.0159812926682936,1.18976100333739,0.73945837725914,0.611219426172247,-0.33742319145425,-1.02987072835658,0.0238046926964382,0.06512531184054693,0,0,0.007949827,0,0.0034475415909143757,0,0,0,0,0,0,0.0006925027905775923,0.0,0.22116016814400666,5.043870066597249,0,0.0,Low Risk
-0.930417350198988,0.0291736964271286,1.41385950189734,-2.9443998786068,-1.2425738103661,-0.810415478681541,-0.529439181774452,0.412272335329321,-2.07371029673873,0.380344462555644,-1.45905444796677,-1.3716944140816,-0.272863335139467,-0.289881577013549,-0.634510659661769,-0.13833594205535,0.436101770878405,0.196675021985358,-0.79708724596861,-0.387290694054094,-0.164837078403934,-0.12101573862966,-0.325775913772222,0.0034456717068587,0.656782397509642,-0.116786307264031,0.152539125458902,0.0454800369724279,-0.3329593516517741,0,0,0.0014754954,0,0.00020393557089447707,0,0,0,0,0,0,0.009439369063610408,0.0,0.047691834533111134,1.3323847293578748,0,0.0,Low Risk
-2.78009106370299,2.23427511164162,-0.45342545472067,-1.44310403730174,-1.00415006567125,-1.00813491887378,0.0948225858076349,1.01519591273772,0.0261236046081773,-0.0968661258853778,-1.06071661541266,0.782565067251007,1.16898645513782,0.435683902120912,0.22490892044213,0.788024022131547,-0.397084685596522,-0.515426281297861,-0.462466239611752,0.055537773383437,-0.230762712272183,-0.551539597864856,-0.0001641005378158,-0.0651933514476505,-0.0576851946036,0.626260477799813,-0.448837177925013,-0.427311912759322,-0.13387708364322468,0,0,3.2074142e-05,0,7.017649758883294e-05,0,0,0,0,0,0,0.00014157136227747796,0.0,0.005556059955684491,1.1150225677528307,0,0.0,Low Risk
-0.0931998428961399,0.539240392922013,0.687392814443502,-0.779368239762187,0.200331174487054,-0.120397930479678,0.422923460737053,-0.0753735410326763,0.347632724338822,-0.4795073153678,-0.95959957067622,0.552873377449416,1.18151805316637,-0.50699791760941,0.0347152336529914,0.476105005265161,-0.799897422389532,-0.427561278396427,-0.172325175046302,-0.104202505290662,-0.178495292665446,-0.541418104118212,0.223644084461403,0.586284569867894,-0.797425618635746,0.107847012736625,-0.262442670829815,0.0349751668584931,-0.22557074208808514,0,0,0.00052410155,0,0.00028047621865409173,0,0,0,0,0,0,0.007112386824748099,0.0,0.02495917948864477,0.4921138910183861,0,0.0,Low Risk
-1.15288976851636,0.967154412717073,1.20296241371825,-0.0579300631261459,-0.226316821125495,-0.361022719166867,0.0804936950258175,0.644854556457989,-0.628340563347392,-0.269306096828652,1.41824211489594,0.490689142626779,-0.899149951136354,0.825865796985599,0.462725177859877,0.204380752057729,-0.0872015702008161,-0.227974280672423,-0.109169118340348,-0.142929852622741,-0.101590059254605,-0.393465457484766,0.28769123418913,0.175937223666478,-0.291676639773043,0.0717725134039268,0.0423849048046305,0.0189289943149887,-0.3174241455825011,0,0,8.358303e-05,0,0.00014325900786632436,0,0,0,0,0,0,0.017148217597339324,0.0,0.007333030719473345,0.445558345720395,0,0.0,Low Risk
-1.89452756808381,-0.213077023963522,1.91810341177811,1.889796493205,2.9421774118277,0.250021730186793,0.367595594467383,0.271132071186539,-1.50449762394062,0.513922633362929,-1.05036242964016,-0.635245538719582,-0.866577055871459,0.0001842218572846,-2.26485053929272,1.9113402865691,-1.97970100109687,0.189345419726588,-1.60560751854385,0.226252770911811,-0.455487160684715,-1.88944125369616,0.0086830400847127,-1.55137403173443,0.531066875538301,-0.621129026609908,-0.258866657019442,-0.158357158950814,-0.20184860222909248,0,0,0.0024353827,0,0.0022259102119434903,0,0,0,0,0,0,0.062273521956588654,0.0,0.09094537565046094,1.9951297073264975,0,0.0,Low Risk
1.118344942657,0.177902319769732,1.50559522708727,2.72404599632442,-0.8886663642532,0.124516121146979,-0.616596799054435,0.216907134767661,0.255319470044395,0.520101774137442,-1.12099982344047,-0.342605787336377,-0.916001343541089,-0.223512235504482,-0.198235922515601,0.666870347521684,-0.361543095525309,-0.0817260810061341,-0.835465580820167,-0.217837555389864,-0.0954676090964231,-0.174362907782753,0.0529951356688518,0.342803493129147,0.26433427012941,-0.0399121840513623,0.0360648862378979,0.0341694875173113,-0.33823093828710576,0,0,0.031247057,0,0.0069760743143445145,0,0,0,0,0,0,0.2680159059733966,0.0,0.100816923038622,0.6623954259742494,0,0.0,Low Risk
0.121043650191139,0.44719617841477,0.179283389330646,-0.694618082681964,0.393204789177222,-1.07160370098552,1.59726912350219,-0.608990667971306,-0.275151200917026,-0.398625470236751,-0.684643167482686,0.0425130653059895,0.590008237446843,-0.0197791762292863,0.14620809092449,-0.0382401618472729,-0.730182285258528,-0.226068482518637,-0.454219716324934,0.14977755873434,0.297059349476212,0.950216075964699,-0.0479693337411577,0.123363313294023,-0.165724119329,0.675888440359384,-0.207745062985458,-0.189886622371181,0.04204215217977631,0,0,0.00020871089,0,0.00023411982243643186,0,0,0,0,0,0,0.056455900076902495,0.0,0.007621124278220544,0.47251156268789596,0,0.0,Low Risk
1.10877939907037,-0.29168795229182,0.252184422872908,0.588366257132986,-0.242700326553823,0.226883623053486,-0.173824605330969,0.105050297942143,0.681836279129517,-0.277842184342776,-1.17519073344854,-0.0039783318548839,-0.549199782352639,0.0046026138905586,0.254240966767602,-0.221722746584193,0.064055796839923,-0.869643401568399,0.15292840703394,-0.0290363153501912,-0.290836201797256,-0.812318591447019,-0.0277530301122054,-0.631411528189444,0.292504609293881,0.35589350888544,-0.02439608876987,0.0147670667955966,-0.06598543758213461,0,0,0.000395151,0,0.00019368782646402258,0,0,0,0,0,0,0.03054538957710877,0.0,0.0068259790303913095,0.46093477525602,0,0.0,Low Risk
1.21039796585029,0.117500311511718,0.549978119568511,0.486920376892677,-0.580137659856551,-0.786590301598444,-0.103008983810383,-0.0550248981230759,-0.104859203363238,0.113105486279062,1.53009965298114,0.844074138160387,-0.248318181889455,0.494413322986401,0.318485305397227,0.398465962972225,-0.544582931731672,0.10406582683782,0.0465691415118894,-0.111447941543705,-0.0100370663237861,-0.0462819743146632,0.026854280381363,0.572145130414949,0.308805319952896,0.382382724085592,-0.044004558238761,0.0042134214500008,-0.34537952925471466,0,0,0.003976383,0,0.0008755135461968989,0,0,0,0,0,0,0.046328260858814814,0.0,0.008147459366514646,0.3033175772247252,0,0.0,Low Risk
-1.09961944780258,2.18433480805049,-3.42423018406911,1.96941606075656,0.0024862937096424,-1.70312108865603,-0.0529875623744068,0.941384928197013,0.981251429609272,-1.64254714350296,0.70854407007198,-3.23096090782801,0.98245843921307,-1.14242253449176,0.438426836304773,1.38663160960604,3.89729181825666,2.13151747545521,-0.507165666019153,-0.0639613385308216,-0.293648800586152,-0.644715603401726,0.0465412316576895,-0.527009936768084,-0.311547964234792,-0.395912075937308,0.168962886337697,-0.20416394198493,0.006059579767398561,0,0,0.31523475,0,0.32394357598602536,0,0,1,1,0,0,0.5646430563274112,0.0,0.5919478671775348,2.1610493904175754,0,0.25,Low Risk
1.48708357701925,-0.953420511343417,-1.22609886374967,1.24184388193669,-0.0540597428428913,0.41292900202526,-0.0307158018619961,0.11541051470958,0.587663214321578,0.276172394123042,0.192743542112103,0.349776233567567,-0.906081750297621,0.54179170961878,-0.232533034692722,0.4381910226519,-0.869924187715049,0.66256836108083,-0.137026378718894,0.229372338438278,0.205130350585959,0.09021299518594,-0.0709367827456758,0.179884872575904,-0.0912485835205202,-0.699808637536102,-0.0242066572143996,-0.0047348018483687,0.6690414716851375,0,0,0.00036891727,0,0.0005134459667423401,0,0,0,0,0,0,0.07869023033406952,0.0,0.025134472834664436,0.46662930935184155,0,0.0,Low Risk
1.14044970081612,-0.0342025085167156,0.534599663459977,0.532274090771171,-0.543277945285348,-0.364479547990443,-0.253541352996774,0.191315296613684,0.104162075972713,0.119929978230992,1.50647369431941,0.0250575493632665,-2.05312685317056,0.922275752050628,0.814182863269111,0.253049246097359,-0.193519135003478,-0.287032848703346,-0.252569132029288,-0.244677192050407,-0.184761664767387,-0.667430712370136,0.197431709833206,0.158331420703599,0.0084685704291912,0.10067259715767,-0.0324376021348067,0.0043120985958602,-0.30943689310472583,0,0,0.0010714189,0,0.0006648119706117823,0,0,0,0,0,0,0.056933551298463704,0.0,0.022441322176796882,0.5302704636643657,0,0.0,Low Risk
-0.355982541698796,0.0026815451673003,1.24172649739303,-2.69489264869981,-0.46695317275399,-1.6055462129636,0.495162023132193,-0.172692846669629,1.82955815063859,-2.24527702566338,-0.434878523515293,0.93984323014713,-0.413275986437168,-0.156886359006907,-0.0274773442144767,-1.48265897124522,0.286863127329795,-0.194405702876768,0.780351079884087,-0.140560100638222,0.0793606249053951,0.516279947848787,-0.235533229188085,0.765365025979026,0.368151922677553,-0.865044180494929,0.0976849952705851,0.0435834063693103,-0.32597050573372066,0,0,0.005234723,0,0.0010218538125475656,0,0,0,0,0,0,0.03622881295417919,0.0,0.08606541279429994,1.1617005238461315,0,0.0,Low Risk
-0.499040060456796,0.752239870051333,2.38140768868502,-0.107221296289472,0.0557755013471908,-0.297970078782394,0.44794930638229,-0.191099160235771,1.67129194278497,-1.11412329451979,0.132829224813745,-3.13602190023048,0.621123375560636,1.46168405127984,0.760982790621525,-0.285702325600234,0.413363023322175,0.558430155990163,0.476619608845495,-0.0126146614194264,-0.31570680136985,-0.495422349128969,-0.285909764326792,-0.145017922605443,0.214488555966843,-0.721303114265691,-0.0832808204309409,-0.148544819593911,-0.3448603578436592,0,0,0.008104264,0,0.0018367388403329632,0,0,0,0,0,0,0.18058313465588713,0.0,0.11304409195920115,0.9442245027789277,0,0.0,Low Risk
-0.763425337053857,0.809712319535903,0.770522095687614,3.3036274313689,1.89814076301614,-0.917710756965405,1.68428651774458,-0.706146588919284,-1.55775479511688,1.662374353421,-0.821826517075946,-0.252796949950229,0.316291204158274,-0.235129653438733,-1.58239008819376,-0.230696336625135,-0.555567857541152,-0.840725544855746,-1.06166651592304,0.0350039320750381,-0.0151952048368664,0.604612494037132,0.36069622094788,0.451978825350875,-0.415096318912775,-0.100432512023083,0.0137497420198134,-0.177954287737251,-0.32197687949483306,0,0,0.03379096,0,0.008160588623833053,0,0,1,0,0,0,0.6638189799604116,0.0,0.20116749680564078,1.1295787463725846,0,0.125,Low Risk
-0.826615660559555,1.30264071069544,0.302026713964499,-0.340722413371438,0.539097850534887,0.349088875746772,0.632417188191288,0.332538817498909,-0.171591844606939,-0.295140060839696,-1.23969584242408,-0.292934334245549,0.572320493574763,-0.489287057907719,1.24366701034987,0.528110035471421,-0.185170259088544,-0.151386287955985,0.0449824945426474,0.22829127445192,-0.372325237979483,-0.818706570856591,-0.0594824686303559,-1.37887658039887,0.0264549806956216,0.169059613466087,0.103965457357374,-0.160775301705997,-0.15368546978810743,0,0,0.0011130748,0,0.0005552768360585359,0,0,0,0,0,0,0.009190715000485081,0.0,0.053200084808684774,0.5883792527238931,0,0.0,Low Risk
1.08654800005991,-0.91379755910121,0.618301916481833,-1.37208710892243,-1.28892053853729,-0.401666961530939,-0.719366331003032,0.134059306132573,1.82269327174067,-1.00430668353786,0.85652835132109,0.862118953011617,-0.802509782219693,0.130812103428725,0.758051223590739,-0.078604280059485,-0.398153842437281,0.918554392507048,1.06832800661157,0.0592299318197832,0.185379136834971,0.535071400361377,-0.223821621936487,0.0537911174154167,0.44004201300506,0.111420187199648,0.0197018805271195,0.0228206588367755,0.0021058897908998076,0,0,0.0071016513,0,0.0009978948229308676,0,0,0,0,0,0,0.02356125568508265,0.0,0.02026018294588724,0.6101604357002419,0,0.0,Low Risk
2.18509289038814,-1.47828331279695,-0.939384313806357,-1.73695440064929,-0.948288491708631,0.0864686813502404,-1.1557808842485,0.0198926234674243,-1.4552300225287,1.62175545062949,0.512641996829088,0.188483054018617,0.855493756616029,-0.392924870431597,-1.0101955724281,-0.281129184950214,0.190997961912216,-0.103750310279942,0.503449261588087,-0.290322396992181,-0.590015229848715,-1.36069507888243,0.493600393913131,0.207648974210712,-0.60488277039114,-0.693628710022003,0.0100534279657129,-0.0386993868546874,-0.13307835839544715,0,0,0.0033023532,0,0.000557195755361743,0,0,0,0,0,0,0.0054888757135638415,0.0,0.028930425444739147,1.263450452388755,0,0.0,Low Risk
1.26451153603833,-0.10919632924031,0.437064154344656,-0.114028318547329,-0.439901378338091,-0.281744628085962,-0.479788419777204,0.0081379134366855,1.64345611983614,-0.385433677786074,1.60516853283955,-2.44460800720036,0.636019821207434,1.9560750917692,-0.0055592964875283,0.830599326620854,-0.0649587793633106,0.720791551714743,0.377473890527441,-0.12231670373555,-0.283173415976744,-0.676760426963986,0.0135306775443745,-0.386810523993116,0.11148514820932,0.89343030814407,-0.112449030108194,-0.0142358297902098,-0.2897083794846208,0,0,0.0012527085,0,0.0003203827303776568,0,0,0,0,0,0,0.024999069856068562,0.0,0.024352929750355943,0.7727255802032468,0,0.0,Low Risk
2.16887214575719,-0.870151075142818,-1.59764013462172,-1.01252646927105,-0.324134736887146,-0.800190221475954,-0.374969704490861,-0.300977599058685,-0.45610950118776,0.855715926499116,-0.960451822187047,-0.879929702419682,0.0745003794250859,0.0196683716755338,0.456354417667377,1.05108111764229,0.0084177174318845,-1.0884642372528,0.515458307634644,0.083007765071339,0.445202779419651,1.16281669420028,-0.0516274369943524,0.530748023701288,0.226097652783272,0.0543628449946967,-0.0507060649887783,-0.0533420182504091,-0.12249524886239489,0,0,0.00064034906,0,0.00026917502813884295,0,0,0,0,0,0,0.04413391445145457,0.0,0.03588103852452797,0.8974703054363229,0,0.0,Low Risk
1.06201924337181,-0.170311176315543,1.28957689067765,1.32234601603218,-1.04767257768613,-0.0543429853687924,-0.652516274968147,0.247975677138994,0.914400138483794,-0.161962184190265,-0.369873066720263,-0.12035504117856,-1.31808335759539,0.0890804862524495,0.985476824806959,-0.0648168207150469,0.0759932956535909,-0.34462879339821,-0.826270372216672,-0.218080844685494,0.0221458114950794,0.135788693552492,0.0718080074268619,0.369649848220668,0.21950784845419,-0.402286079121435,0.0723480030879495,0.0390025464629244,-0.24681683367896742,0,0,0.0011254434,0,0.0006439055224589487,0,0,0,0,0,0,0.1839456858365706,0.0,0.025640822908272583,0.5186465764225405,0,0.0,Low Risk
0.836951516038755,-0.0340208716944652,-0.250100046642166,0.499563839832958,-0.607233942222656,-0.834770138786055,0.519485512362915,-0.201964472803386,-1.63742861622076,1.11037869439483,1.14414149324569,0.386489158338509,-0.0362847728702965,0.551629933771692,-0.156621918691842,-1.74850339795782,-0.109465005695532,1.64836172047734,-0.364978138114466,-0.373403051122239,-0.129262113589361,-0.0174288211950193,0.453207640762439,0.466091550422066,-0.664911097402742,-0.45115647397931,-0.0446835929583404,-0.12982287316746,0.01824013979600594,0,0,0.00066078303,0,0.00046839926193382504,0,0,0,0,0,0,0.13352196246032946,0.0,0.02117991425363498,0.6357254974096995,0,0.0,Low Risk
2.05556781043543,0.67795449283484,-3.15159841188231,0.598169485196861,1.36154278614242,-1.25136295676028,0.742207415221255,-0.343527752129117,-0.31290028816122,-0.899891142868556,1.90061768948698,0.656805947251091,0.168721070409026,-2.31147350248446,-0.709012253036897,0.432997576083621,1.96752430788971,0.885766789833281,-0.100895190837466,-0.0918332395356899,-0.0045105288323233,0.18800832824503,-0.0499119651808784,0.548360748920403,0.368403429378914,0.662813248743426,-0.0790166248104347,-0.0221758870565509,-0.35029168952854645,0,0,0.014555852,0,0.006390254801657306,0,0,0,0,0,0,0.4528801639919629,0.0,0.16016069172892264,0.9856526341566719,0,0.0,Low Risk
1.8986580444749,-0.252748559423752,-0.402875887854823,1.40455434559548,-0.25219206308058,0.20902195110326,-0.390526797255126,0.188173156920054,1.02517663963001,0.167053962083932,0.0522619805075508,1.03334345383521,-0.807371367787462,0.0285813891226623,-1.78353190694323,-0.166340409446118,-0.329172674893541,-0.301674645608355,0.555956306661551,-0.30887734822797,-0.492930261694294,-1.18067492108707,0.395900052958782,-0.495661614954226,-0.340686624571465,-1.09767302692191,0.0493871716032836,-0.0448728118381361,-0.30943689310472583,0,0,0.002649955,0,0.0016482631094612628,0,0,0,0,0,0,0.062407387315628046,0.0,0.013595401347847157,0.7582802819885357,0,0.0,Low Risk
1.40286591101589,-1.40819664042862,0.864767121248534,-1.47090799833742,-1.42970706965634,0.948044258523958,-1.71088860664759,0.330864067427187,-1.32118621272505,1.35616535611285,0.3508248321398,0.128323112510239,1.03745793247399,-0.895641255464108,-0.676846282737266,-0.35105423205302,0.410131480566621,0.314014250780274,0.168448981785397,-0.268771712544082,-0.205969278249899,-0.0205356127324293,-0.0410371440684012,-0.830218872918932,0.274485731046248,-0.132843624065108,0.0917551814098363,0.0137055346468643,-0.24949256325902217,0,0,0.0027261737,0,0.00032754381939333033,0,0,0,0,0,0,0.014628731808898884,0.0,0.04607640395729954,0.9595130894944313,0,0.0,Low Risk
2.02247552464922,-0.0823722774810241,-2.10557910662545,0.401025241622343,0.346204040210938,-1.03695697214592,0.167149734130818,-0.22321887783574,0.927662846165325,-0.441627492544664,-1.30619335500903,-1.18664478722088,-1.78661091232813,-0.377435485841662,1.21647120507514,0.461183390658193,0.287249570531114,0.902740127998214,-0.217608050974414,-0.228770415778566,0.153861792657289,0.446414989331746,-0.120364454086275,-0.889531160533456,0.259968446488587,-0.0490242443608719,-0.0203704994347484,-0.0364737275704384,-0.1780465898453221,0,0,0.0068556303,0,0.004494534080325252,0,0,0,0,0,0,0.2927441339904973,0.0,0.032022909162938824,0.9518545366709772,0,0.0,Low Risk
-1.07520429495855,1.80177926497132,-1.57135986621069,-0.46519993722768,0.0708276156838024,-0.250740459699859,-1.0299190593938,-1.94005525206246,-0.307113150338782,-1.08898437545993,-2.27693476787591,-0.0990306648840856,-0.441319799384285,1.40177660551884,0.550190155681517,0.368403105098777,-0.355870404156355,0.686375952870888,0.204480533534697,0.367493285955132,-0.905921257718981,1.3256967411239,-0.0026368595260127,-1.00237585298907,-0.248043808363979,-0.100464647772371,-0.0399401398672837,0.0450712541218298,-0.3493332192312134,0,0,0.004109328,0,0.002914427366754967,0,0,0,0,0,0,0.010462254619584012,0.0,0.05031934244390241,1.3011340223271366,0,0.0,Low Risk
-2.88278327931268,2.83718224832427,0.477823728080985,0.949179693054468,0.669876982836009,2.09777461267086,-2.11455193810948,-4.80309000856976,0.0720791898077954,-0.216093871700924,0.761560574845524,-1.70522033187519,1.78625827292802,2.14360638544281,-1.33670246308459,1.60054283293149,-0.476413496063506,0.587231292255184,-1.86135148210644,1.17268761131659,-2.68097550156291,0.474545314085262,0.220589326600227,-1.48760704490693,-0.244367523562556,-0.377101664049841,-0.611700677867269,0.0441683163978995,-0.3502517532661576,0,0,0.033487573,0,0.007222219504244159,0,0,0,0,0,0,0.009280018207778058,0.0,0.16077258305722408,3.2053439631181195,0,0.0,Low Risk
-0.846955938346499,0.842336579201637,1.93555302652991,0.190557470677111,-0.253803587928787,-0.805670230277008,0.67723256666789,-0.174788727371592,-0.167784891898797,-0.455723350171087,-0.154266947031533,0.690398204331335,1.12046899674903,-0.303802733306483,0.475871029407565,0.47388740177775,-0.854001178136921,-0.102110600611682,-1.13754862360461,-0.18795726667525,0.120437114821939,0.355650174124419,0.203969240431653,0.695566048897665,-0.574023523736834,-0.793544672705356,-0.056469491005736,0.209766504603059,-0.2135898633714222,0,0,0.0018449523,0,0.0015304010134143894,0,0,0,0,0,0,0.0713536473242463,0.0,0.021394410974989012,0.5807805904142355,0,0.0,Low Risk
1.09611264456847,-2.01373753573763,-2.17662781943665,1.15605252224087,-0.631765834761022,-0.916054915037821,0.921270862786813,-0.553546436130932,-0.856423898154657,0.826652611488689,-1.25893038910482,-0.153188020456003,-0.256661056421134,0.579050006201139,-0.561138266063455,-2.15495903081214,0.167381247929619,0.840503542134243,-1.15475768297012,0.367600129532558,0.0107188705860921,-0.51587200099671,-0.391140308030365,-0.0338793277287843,0.136414997695033,-0.54413569048678,-0.0932026896747162,0.0359591565413724,1.838974278367275,0,0,0.0043743425,0,0.001911776646817335,0,0,0,0,0,0,0.14995614537534746,0.0,0.0781751205488978,1.309464957925854,0,0.0,Low Risk
0.835316514082958,-1.00441781365422,0.764269887563116,0.331287089084257,-1.19955768896926,-0.0978822829268959,-0.362262552915021,0.0050409979295433,1.1569599503489,-0.557780261800181,-1.05742342048921,0.636899519750634,0.396142480832855,-0.593949688717709,-0.285699321782759,-0.0031769337527439,0.0018531769331081,-0.518939661804103,0.532490378700373,0.378041125774808,-0.127846548628782,-0.562248860874133,-0.151026776090726,0.131547072490857,0.118870204430765,0.941179565269595,-0.071382573220184,0.0476688722920825,0.511053617674742,0,0,0.009561074,0,0.0008964107924513153,0,0,0,0,0,0,0.021197069874072976,0.0,0.026302345823561123,0.5030657574005207,0,0.0,Low Risk
-0.3638618191933,-1.13965036874467,0.594709859292713,-1.55223796149465,-1.7334421641718,-0.0390032112319024,1.06954511367793,-0.184004642441249,-0.809320659987278,-0.270110661038975,-0.802672076181412,-0.64318694096935,0.84689741664509,-0.66790184988025,0.135898149811669,1.39112313208313,-0.14347921365978,-0.832219940531835,-0.0869843735500698,0.861998666853226,0.705124253020681,1.39786273729599,0.761710038427136,-0.0104482493120221,-0.294227140983077,-0.15122596155511,-0.0331401588048703,0.0777795370655993,1.1782288171433128,0,0,0.005121005,0,0.0014229550495119538,0,0,0,0,0,0,0.04599011328130029,0.0,0.12838925406282756,0.8631852394958812,0,0.0,Low Risk
-0.408932793829062,1.16013227790799,1.289438628377,0.0198178977206381,0.530512373282516,0.0782485815937239,0.498743196652682,0.11983010273891,0.564731842104049,-0.780087365622164,2.448777515495,-1.6402242416983,2.24802409009256,1.10426985995572,-0.326179831069425,0.331215870095136,0.615762694298659,0.227303426002481,-0.242943244866102,0.110337118039151,-0.346660473492332,-0.66639387232968,-0.0166166447097653,-0.41232676386357,-0.221082573964423,0.0641819256750979,0.232156459808823,0.0764984688165483,-0.30951676562950353,0,0,0.0005577142,0,0.0004367974281498432,0,0,0,0,0,0,0.04751089291925635,0.0,0.07954671953050031,0.6671099559395849,0,0.0,Low Risk
1.3221572629248,-0.0466305023751831,0.27938605928981,0.0023765028727515,-0.125562663815081,-0.0188598704546096,-0.424416100017637,-0.137569819990348,1.77230941495465,-0.535119463073797,-0.544177632617147,-2.62276629533072,2.42485810780393,1.31659549030347,0.641615162676372,0.879013752082482,-0.23647029366275,0.567235932496484,0.11787689303692,0.0139920159752882,-0.146835976750765,-0.163804352711577,-0.203300723887424,-0.975986121550626,0.402603317454398,1.11491160142656,-0.0910555290939723,-0.005339344225932,-0.24154524704363575,0,0,0.00079826236,0,0.0009269444488370997,0,0,0,0,0,0,0.018764482277086367,0.0,0.05501085160028216,0.904863938667646,0,0.0,Low Risk
2.05148036926964,0.0965248377429497,-1.68009197694082,0.453685291390248,0.309621508531571,-0.94988784342676,0.162678139151653,-0.215159190069083,0.566353485241375,-0.366560225733653,-0.566084915082366,-0.101387027287859,-0.483155362838599,-0.730708985663923,0.256964110073201,0.312356348949298,0.541520655102737,-0.274486566587289,0.0150064132510547,-0.17655583321797,-0.358967815710122,-0.973504771719023,0.351662766897101,0.624533315189784,-0.292842736845975,0.166167226550056,-0.0675871677382089,-0.0291146491892583,-0.31343051934361343,0,0,0.0022377432,0,0.0002645505520718415,0,0,0,0,0,0,0.07191040149591248,0.0,0.0254954364729394,0.6429843300195406,0,0.0,Low Risk
1.06043910691826,-0.278450744139145,1.35619779598653,1.27224582319738,-1.13336718802304,0.158250338425479,-0.922627303081399,0.352705915964937,0.96678091174386,-0.0070462992018602,-0.640683134621051,-0.836561305138196,-1.84485031731286,0.258825932476112,1.97553282176216,0.593771623951233,-0.369184964621638,0.393877100851468,-1.18298572495841,-0.215747621184244,0.26965765208824,0.717812020753264,-0.0382444404787155,0.0396914733712211,0.21371390870311,-0.203079253288677,0.0739712831860679,0.0406633718002483,-0.21207228540064488,0,0,0.0047320887,0,0.0025473349943613065,0,0,0,0,0,0,0.2247750300644059,0.0,0.06511386960553879,0.7532318558970666,0,0.0,Low Risk
-0.725849862443358,1.63374827071788,-0.906356914519945,-1.52527468592562,1.44911216969832,-1.17336526507053,1.99319419556227,-0.731674097376315,0.355359915117128,1.32847099944621,0.880587324001022,0.534249195425402,-0.0029944844455931,0.135622471514562,-0.733172891076409,-0.704447291603534,-0.975167818268318,-0.0351793380647243,0.0886962103142657,0.621847053061148,0.0667451906868793,0.998432467518044,-0.335566724822978,-0.347477682300962,-0.146719073535533,0.0538732909103341,0.488761393515487,0.0493050915972482,-0.3502517532661576,0,0,0.0018431927,0,0.0002751779187915959,0,0,0,0,0,0,0.014348388178337688,0.0,0.036918931018592574,0.8300802437308368,0,0.0,Low Risk
1.17697496678167,0.568668154375153,-0.379670135444121,1.06792524542801,0.442169851777271,-0.212240876342883,0.11659298667393,0.0562188017314582,-0.338771844101601,-0.443706377668078,1.685987466237,0.668155860789646,0.0301443691562178,-0.868813101556883,0.62255615322902,0.498773956311978,0.575240183381338,0.606305074899355,-0.528754054460967,-0.108703986056776,0.0069968507364218,0.0965395117963543,-0.144037828469514,-0.413845159601753,0.635949970130837,-0.295320117814861,0.0448348674683283,0.0345658701892253,-0.3493332192312134,0,0,0.023607032,0,0.008927844664766897,0,0,0,0,0,0,0.25446470304191543,0.0,0.17655126010418426,0.2941938355416472,0,0.0,Low Risk
-1.02784467357503,0.865838049416194,1.47271293658367,-0.577548048088818,0.0478744995361164,-0.216652295223929,0.341931209089215,0.418106369631216,-0.455594019204515,-0.484154215707427,1.18013057651424,0.311348117990143,-1.07681274163814,0.597645500949548,0.0639925806350821,0.491321915946555,-0.529296135767142,-0.262000148083111,-0.689750693342332,-0.276740381995394,-0.133502624700893,-0.537002845330447,0.0202234958209208,-0.0372806082590539,-0.609809187733222,-0.174408210763723,-0.321908475592339,-0.211201590693214,-0.3125119853086693,0,0,0.00012949912,0,0.0002580879871742633,0,0,0,0,0,0,0.017049699332129162,0.0,0.042033611258763065,0.6020031919581684,0,0.0,Low Risk
2.04269979417752,-0.12587444700958,-1.18237418388833,0.227425106372005,0.0479958080615362,-0.712318827210646,0.0572738287650877,-0.153094263377469,0.341677600193872,0.250207748978626,0.629040808791416,0.888766779584982,-0.214837797079631,0.50249460098662,-0.609700809441867,0.196091763910814,-0.640726369474013,-0.23940857509983,0.557952200586986,-0.220024870564437,-0.26176134015052,-0.665694757257227,0.291712876880293,-0.342863068207257,-0.294119106247719,0.199184716847663,-0.0765096474759868,-0.0739808279646342,-0.34817506762193595,0,0,0.0075115836,0,0.0005041450298521437,0,0,0,0,0,0,0.019496239013111455,0.0,0.01467059809460277,0.532701763113533,0,0.0,Low Risk
-0.279019577161909,1.18374557837179,0.696131481933393,1.00768162676785,-0.326510776450024,-0.858033740109707,0.329277236698203,0.291006008560366,-0.615055923902611,-0.352451481827645,-0.741350224891668,-0.219213578272358,-0.453973122531646,0.734591958819824,1.04068934098153,-0.120810714156754,-0.0108487405060784,0.189601202318952,0.347516336918595,-0.168568414616447,0.168591690434863,0.374642311309919,-0.0439011327274715,0.374948445364202,-0.150970015987887,-0.325833626862768,-0.0482181001166165,-0.0192562697311857,-0.305802693227338,0,0,0.0003095755,0,0.00010603919828408978,0,0,0,0,0,0,0.11344268939769593,0.0,0.010240794207632367,0.3770426263656288,0,0.0,Low Risk
0.0650552300308037,-3.42868249195019,-4.0134431599016,0.824929959331698,0.055359337616166,-0.601658363884842,2.30311835396864,-0.738204536732344,-0.350058189513164,-0.0897760463529957,-0.057304138156853,0.221548292381154,-0.47267192594067,1.32197296115377,-0.673256478524464,-0.127913379546997,-0.622836842950529,0.361858489970546,0.421870773515694,1.9981309366743,0.898364959916523,0.23388619411372,-1.26722899576324,-0.876492297033317,0.303017623891628,0.946897686789261,-0.362216525695602,0.0717450584215651,4.0396620173063145,0,0,0.032569267,0,0.010402673272313577,0,0,0,0,0,0,0.04748149584978866,0.0,0.18172917935390778,2.2765246577644946,0,0.0,Low Risk
-1.73046449063962,-1.17155432568486,2.46703738669524,0.210550658675513,0.948974689359653,-0.214292521942993,-0.652243554274348,0.263657650768897,0.480486187605341,-0.211926360993245,1.01044673559914,0.721838018947225,-0.464388341840324,-0.435141683095117,-0.529992895449539,-0.0082177911016852,-0.341980315076159,-0.0066540670079391,-0.215600896021633,0.125311735339583,0.0946410486016931,0.330401483591897,0.168150667390332,0.0492796345720542,-0.397279739977663,0.173259992404768,-0.276670188854497,0.159101824908721,-0.23851009110208113,0,0,0.0007065948,0,0.0004187024105602972,0,0,0,0,0,0,0.0769663007577004,0.0,0.013225489460914362,0.6098184124913352,0,0.0,Low Risk
-0.753563961720375,1.21347667470794,1.08704662277368,-0.0408761297943301,0.0464414609170491,-0.535562249383173,0.582097812876726,0.0859250939042494,0.0052682291185655,-0.113636775344794,-0.121272740682794,-0.497402315734698,-0.856889548869701,-0.316972287433449,1.27705192504447,0.106475829316436,0.324303632916947,-0.493533351682353,-0.470121186845409,0.127737903382758,-0.262817422583791,-0.677156962628498,0.0453508835769152,-0.0069710483217342,-0.224819583467391,0.096763046964727,0.228487308925352,0.1591204937618,-0.29673716166506303,0,0,0.00082369335,0,0.0006949204469542589,0,0,0,0,0,0,0.046043708181533874,0.0,0.009540417387016215,0.4720339658833465,0,0.0,Low Risk
0.0629812922533241,0.738504273415362,2.02529228889459,0.81639994604139,0.11798015309322,0.100681089527151,0.578294504872279,-0.358657910365761,0.0768227162784437,0.269004441927315,0.0590176849510503,0.284441548147807,0.860780576376404,-0.54807542470251,1.6274550072075,-0.335976911709527,-0.376691833542858,-0.328155197079409,-0.128237006703992,0.119585047904998,-0.0073859236249771,0.384821292090213,-0.0200580809714292,0.0746668987407054,-0.639807997932089,-0.556618897275607,-0.321219572523293,-0.391975513141228,-0.33339865053805173,0,0,0.002700764,0,0.0007456670560209022,0,0,0,0,0,0,0.16254721197925714,0.0,0.04045019898954501,0.4306468567548654,0,0.0,Low Risk
0.934868808186381,-0.619385315702367,1.49785047782478,1.21183268857017,-1.27746928959107,0.45260098289018,-0.79077622391991,0.245876047516981,1.36807509719759,-0.505849606242555,-0.607849739726161,1.27303591703445,0.580979371979204,-0.998752639659832,-1.04596465095141,-0.856078777888049,0.656173092942445,-0.934767662843736,-0.241196438806617,0.0360524761010027,0.124234611087276,0.709028412216874,-0.146738382700126,0.520315754895892,0.418802622344139,0.585487548469225,0.0450570080540652,0.0367935072965474,-0.011871802045206967,0,0,0.035759274,0,0.006119877357139686,0,0,0,0,0,0,0.1006555128764398,0.0,0.0862662743929952,0.7050683786369855,0,0.0,Low Risk
0.145402225389337,1.16027600739379,-1.03482688947126,0.0413590713653754,-0.284000583623052,-0.132403447507895,-1.84725142471293,-5.48642329087985,-0.209946899037545,-1.33129892313973,-0.981463491702808,0.342496662108259,-1.0353463592079,1.44500153130663,0.660167582346272,0.0845828541816827,-0.150152142514065,0.0827686157349861,-0.645338801459903,1.05048470682925,-2.24373753315268,1.66622513094786,0.177625996536496,-0.0212587467137621,0.495376193450938,-0.0715103837496749,0.0262601852811849,0.213395841711624,-0.3493332192312134,0,0,0.009560785,0,0.004795853556672031,0,0,0,0,0,0,0.09646459764644585,0.0,0.1060901624720293,2.228984921052576,0,0.0,Low Risk
-0.253092148916671,2.39032173417653,-4.18398486097197,0.674120596873027,2.84284563589401,2.29142744467971,-0.462392309987698,1.51693121221422,0.856531483436492,-1.32855137766026,1.63406643042029,-3.01358229677802,1.47979664154839,-1.44959730007001,0.489931664605406,1.33815390522947,3.37952942338734,2.2826701446924,-0.312689986426809,0.212922250134387,-0.326208959766523,-0.72810278793869,0.190269031168493,0.584737123490512,-0.174867328899164,-0.410552990864813,0.192039461984116,-0.002524586419811,-0.3473763423741585,0,0,0.02172411,0,0.003564859065720872,0,0,0,0,0,0,0.060846647987993524,0.0,0.22036285820634652,2.385978806909004,0,0.0,Low Risk
-4.11300951020243,3.49726397333144,-0.597397160679657,-1.27246648847869,-0.229606367679753,-0.0073711925032161,0.430569075486158,-0.0357647729951154,3.27039547740291,4.00284138558011,1.53344309267017,0.352100204648192,-0.528310135752927,-2.4763357649227,0.375530612768332,0.0976914139088331,0.0544815762389769,0.746106030153999,-0.0182209321809065,1.65976180119442,-0.510287259985279,-0.583779512550077,0.164506702747467,0.493143084342319,-0.0095484572214026,-0.67100208909119,0.64004112485474,0.996613571279802,-0.27345432069234804,0,0,0.030835,0,0.011623608455236934,0,0,0,0,1,0,0.00033751541571647045,1.0,0.3039060886895041,2.580945527235666,0,0.125,Low Risk
1.75508407388607,-1.11666352483924,-1.79662989567627,-0.547090441938562,1.55529418703785,3.96666673927212,-1.15641165006943,1.02977959449996,1.09745284886365,-0.0282063016463054,-0.21527343486174,0.375675450916652,-0.0024162513916013,-0.0369574431102985,0.780970515935761,0.258986528019614,-0.563662837829633,-0.104994431384423,-0.428896056691031,0.116392026322035,0.227931124353941,0.505324962624381,0.104283656327999,0.765515753332421,-0.286237237676797,0.577241496924848,-0.0213257599393582,-0.0335298447974377,0.13800899070024655,0,0,0.0002483733,0,5.910636697306683e-05,0,0,0,0,0,0,0.0018728719182530748,0.0,0.015374512105503658,1.0862776028936765,0,0.0,Low Risk
0.914349879507247,-0.949470633673553,0.652501793652875,0.124483201449809,-1.06336887533196,0.234777033125893,-0.668995716346647,0.240947711945029,0.867373786430933,-0.130588518112666,0.299239920611292,0.109130966208074,-1.05733833230188,0.0931702583876516,0.203696818678317,0.842322071826077,-0.678170425815953,0.791429349765704,0.447429581979347,0.223413939437754,0.161850181200834,0.160415770227941,-0.253247685232409,-0.278478195858557,0.17251092894696,1.12032494020528,-0.079246199982265,0.0237847017111583,0.3255896151407995,0,0,0.0008640387,0,0.0008429113505826019,0,0,0,0,0,0,0.02905638627714827,0.0,0.007422230765773629,0.39349185379650686,0,0.0,Low Risk
1.48752581962546,-0.870536555239703,-0.670933697872115,1.39189603744454,-0.442589708497381,0.0402603058122316,-0.123057078310824,-0.0883287482544966,0.714293942574826,0.0692017478944323,-0.872590982820766,0.730055912330062,1.24630889338399,-0.169606156888346,0.746389598852584,0.506687529169335,-0.909129634785802,0.343894061605327,-0.793450507566518,0.367623665869377,0.376691497330139,0.679241904088729,-0.0770519880765274,0.687127553512049,-0.112150660822187,-0.621036120819908,0.0107357803764143,0.0225192546031429,0.685015976640688,0,0,0.008233722,0,0.0026624413219485136,0,0,0,0,0,0,0.07741548470249647,0.0,0.05176556452649411,0.5452770931016895,0,0.0,Low Risk
1.93819944790205,-0.880090570897475,-1.48884176768914,-0.613152346636373,0.290281423860845,0.956253492711055,-0.524595823123182,0.19693591254094,-0.638489697748384,0.776970054201194,1.06328240621442,1.19624660426409,0.940826769530579,0.339695766920781,0.440399685011428,-2.43978474956675,0.266239229453067,0.46626878737844,-1.68386214373725,-0.596227925869506,0.0925620908528055,0.970980861163094,0.0071542348326427,-1.47044386881376,0.0242125468480809,0.0806814697838721,0.0587621821899941,-0.0708876705673377,-0.16390915295965983,0,0,0.0022416112,0,0.0040529960753162,0,0,0,0,0,0,0.02082187546260726,0.0,0.1115642705263924,0.9448588707282681,0,0.0,Low Risk
1.11697774135283,-1.36056405793698,0.0049033318938207,-1.12663830894704,-1.42360729052474,-1.08664579919892,-0.287402686828501,-0.336325926474492,-2.27514272933192,1.32136326309236,0.350095408417273,-0.457242310814684,0.501470498597438,0.0182909510783087,0.511798224365845,-1.09048335161096,1.12021715333287,-1.17306861186015,-0.585653445594665,-0.0107440019671548,-0.331704923600171,-0.983933293780525,0.0866741917977034,0.559324036692757,0.136102162660485,-0.472438415389502,-0.0125107050411587,0.0493167897713182,0.4241123744541578,0,0,0.00046235233,0,0.00033869215387326914,0,0,0,0,0,0,0.03339795840017065,0.0,0.025900331510262768,1.162895491485261,0,0.0,Low Risk
1.15733634878757,0.11527575567337,0.67686747229462,0.714120341311715,-0.644635489779752,-0.845013231974463,-0.0506312355942009,-0.0529506553844067,0.139643722615119,-0.0894189644860708,0.328552179101063,0.152499792649423,-0.695153812796193,0.481063257391211,1.34489201154727,-0.101323269750637,0.100685239522364,-1.05241354588476,-0.675527323424122,-0.177085964072944,-0.198353919367744,-0.611492799022055,0.232751002151698,0.577161315468944,0.0390203657035798,0.0930906770431882,-0.0198690842425655,0.0210269993991206,-0.3014496406269505,0,0,0.00073407847,0,0.0004086585896302747,0,0,0,0,0,0,0.06029941723351081,0.0,0.014342481995750849,0.46037249954450954,0,0.0,Low Risk
-0.630795165750157,1.58670240927095,1.05110754290289,2.19714737566493,0.523200402307104,0.34885431063556,1.79214529666823,-0.628701935927874,-0.490972195316122,0.713703688208167,1.98996867691389,-2.00092559219207,2.56345209996538,1.55483010535762,-1.12648041181548,0.119289530402373,-0.078231054052658,0.470516781983278,0.14323874742769,-0.0816919626419633,-0.0583958067183476,0.27948970377699,-0.227246613105212,-0.0232718179681563,-0.158218207373956,-0.0225245234130412,-0.390480615785314,-0.12751600686744,0.18289734962534376,0,0,0.015323736,0,0.005443574291619397,0,0,0,0,0,0,0.3067617106324434,0.0,0.15009583968382714,0.8533855989379827,0,0.0,Low Risk
-5.16391308184672,-5.37324517929536,2.11645180406436,2.82273596487497,-0.298459812143017,0.439322890834798,1.73431053127945,0.289887669967692,0.700689079306862,-1.66042620254077,1.30573590211511,-1.19045023133687,2.47354145795039,0.666801890952714,-3.87989201681104,0.979510645789872,-0.18814208401186,0.756197000990927,-2.30880038809905,2.99651828054679,0.775482556171444,-0.251395603799662,2.89172102888307,0.345143763163443,1.06985629895017,-0.314910091433732,-0.476978798452374,0.200050595963984,4.095652657175519,0,0,0.023359329,0,0.00684162549215329,0,0,0,0,0,0,0.18620655799765984,0.0,0.18231919298357654,4.699751155124265,0,0.0,Low Risk
0.186824811691922,0.565419077239709,-0.541622485611787,-0.743690515156205,2.79150491576469,3.27189042972865,0.434001727803355,0.54283377686583,-0.612520249057158,0.0893970613422561,-0.123478442121344,-0.391526508532212,-0.0850504163764272,0.294681183890001,1.11030254783609,-0.0867494941681744,-0.666259388130748,0.1824308710601,1.00214903575851,0.197014761383621,-0.0494666140706521,-0.0822013647186886,-0.154028504928033,1.03803460514738,-0.207979520962633,0.34497545283415,-0.116377601449896,-0.164749650199205,-0.3299241957102194,0,0,0.00025749134,0,0.00012713642838541457,0,0,0,0,0,0,0.004565921318238742,0.0,0.017453573436216837,0.8465213450632545,0,0.0,Low Risk
0.0403291988216776,-1.58408023699481,-0.276399735166853,1.67468485822715,-0.717064227023078,-0.187297680899286,0.85446295245043,-0.224464252073729,-0.112271988413942,-0.260653373232589,-0.161006724076643,0.365698254979798,0.290427732337071,0.458130663294454,1.24587198825546,-0.072072609625509,-0.18615226257109,-0.416648002253935,-1.02456603693077,1.05019176894754,0.460657364053472,0.0664014860735446,-0.606330705111384,0.125593830429627,0.387887146612647,-0.315424058285801,-0.0767559771560839,0.122767834280575,2.042369662713823,0,0,0.00430134,0,0.0017575577178738976,0,0,0,0,0,0,0.1295996880280605,0.0,0.06272624921839758,0.672479266198259,0,0.0,Low Risk
0.0133456805128108,1.05171754625692,-0.514767070131299,-0.849135370387654,1.2515040757048,-0.259233834244814,1.02262637337367,-0.122341657705229,0.115949977658604,-0.132397068874512,0.665507711910101,0.149251773716847,-0.397279106852016,-1.05265165748858,-0.822887661622496,0.568392077492574,-0.13524498472378,0.423493837979653,0.202704177475898,0.21589722219651,-0.405590413479169,-0.828350925303355,0.0015728171219813,0.0767664976802206,-0.38074902639583,0.099384934896734,0.158111151001195,-0.0944987189032952,-0.34977251811749105,0,0,0.0027871511,0,0.000554829479320652,0,0,0,0,0,0,0.027467249931894304,0.0,0.04241156434558642,0.5019434533835656,0,0.0,Low Risk
1.05620770816938,-0.61230774793497,1.04115004543991,0.250418741940247,-1.09912331052172,0.0968549066253845,-0.676472071098555,0.19725075809488,1.24668375016594,-0.513072034379345,-0.629945407665701,0.481851611342491,-0.37648399288979,-0.446051349277494,-0.0061730841518413,-0.389137982053383,0.444337047176137,-1.03451802506942,0.091037213081445,-0.0133791650100692,-0.175120707858334,-0.356784669762125,0.063120707363361,0.154543988872331,0.0307226064612947,0.966810640935179,-0.0304153786233342,0.0203556696289335,-0.08811012694557223,0,0,0.0012787507,0,0.00028663520039694885,0,0,0,0,0,0,0.028108888262173094,0.0,0.005933983031910131,0.5012343946455019,0,0.0,Low Risk
1.35100858244405,-0.696799805416509,1.51587120717341,-0.553828001952385,-1.89754511005794,-0.716805257477307,-1.30870347274465,0.0003922238086146,-0.244617640029028,0.578098262216717,0.0083753581234697,-0.337079171034451,0.673691386198658,-0.674585768135242,1.25237127015198,1.59021340762981,0.050037126832307,-0.787564802426638,-0.020463205270363,0.0871607677744329,0.453838797895943,1.31496493063286,-0.0354806687161751,0.763760293498634,0.286236270353958,-0.0624762398668812,0.0626672796599434,0.0352119143752042,-0.3532469729453233,0,0,0.046526406,0,0.04602946644986406,0,0,0,0,1,0,0.0871731946789351,1.0,0.24396334382503013,0.8146051238897529,0,0.125,Low Risk
-0.636010759624907,-0.303837535380687,1.21534265648203,0.308924178392643,0.561376575463901,0.296560090594398,0.862485174972663,-0.406400993649365,-0.0842629620056757,0.318734286083856,1.32271314201084,0.886438624545892,0.555259222801677,-0.324637690273342,0.160904167480934,-0.723296136500266,-0.109603458630699,-0.362909829662854,1.3786053503009,0.112950769790689,-0.155456098171834,0.14329153949324,-0.0136185441973968,-0.214472872901237,-1.09330724346898,0.396990556898882,-0.109661802202623,-0.345634287164116,0.2776661002741477,0,0,0.0039371215,0,0.0012545014912325257,0,0,0,0,0,0,0.10877715489390832,0.0,0.026482159898313786,0.3854994601194562,0,0.0,Low Risk
2.08141670795528,0.417491983228943,-1.84847897269501,1.21438318662579,0.674368053797644,-1.40807413178269,0.858644299446229,-0.558255620607331,-0.21817442800011,0.361425771240312,-0.802621953265987,0.385451410972115,0.413817421981459,0.701874426949359,0.135536993276673,-0.394389460093848,-0.520632365179756,-0.43747999962238,-0.331994690829017,-0.249697291736782,0.117406107329977,0.482150561536546,-0.0378398598699353,-0.0965897163815455,0.510407587927041,-0.478926916726443,-0.0288954640609626,-0.063774798326292,-0.3350759735583845,0,0,0.0012751265,0,0.0008003565834018735,0,0,0,0,0,0,0.13108520656083816,0.0,0.017355575733194448,0.6895345810256001,0,0.0,Low Risk
-0.26771367514627,0.696477688561179,1.53225784966281,-0.632311729946168,-0.083458840546876,-0.553729505665497,0.517732137901802,-0.069099518802715,-0.285742172995952,-0.620325345031835,-0.803236320819211,-0.129215606547242,0.438985668161602,-0.0614961363837335,0.998040846823233,0.472852279562546,-0.562879676668862,-0.112210259780166,0.305767091467055,0.0533420301498164,-0.0750317886496924,-0.254816257598551,-0.106903442223728,-0.0673259733197801,-0.26592553972806,0.860803003636903,-0.0190040890639291,0.0473076785903788,-0.2914256387673425,0,0,0.00013985034,0,0.00015113287910505817,0,0,0,0,0,0,0.019469222799662123,0.0,0.008868783377173657,0.4273882613129749,0,0.0,Low Risk
2.11548183579138,-1.67966458618213,-0.762905412165073,-1.3795854670161,-1.63603307495356,-0.875452997242952,-1.09958376310262,-0.216293397450849,-1.02528170410323,1.53043999553352,-1.05340421366135,-1.02000141178146,-0.0770468654129949,-0.368935654278838,-0.0124938517679014,-0.527215921356475,0.56143894885604,-0.0604940893172716,-0.282623952393029,-0.313512935769158,-0.108523099840471,0.0163161255725034,0.195020037089652,-0.0431743408844848,-0.316082415916378,-0.181887663231562,0.0054650251829974,-0.0337215277023438,0.03780890836655539,0,0,0.0017711576,0,0.0005390882210026964,0,0,0,0,0,0,0.04065583236402898,0.0,0.04905269564499487,1.1701920537980084,0,0.0,Low Risk
0.934579357404125,-2.00342276673469,0.481371605258025,-1.14518527676184,-1.94203473426616,-0.240136934067195,-0.991312287002817,-0.0565443215037367,-1.59071713206205,1.26515826520727,-0.340209367615962,-0.953880021340751,0.351125358444847,-0.356219810710016,1.15563017916797,-0.392490906044079,0.673066530506482,-0.0522179293885259,-0.882300946851096,0.181463816941742,0.127066555649631,0.189861973661247,-0.205840148139362,0.0797868615417966,0.160505568945495,-0.101569933585499,0.015643023531513,0.0702979282150962,0.7728757538962163,0,0,0.0096417125,0,0.0020029462523844127,0,0,0,0,0,0,0.04624037201284714,0.0,0.028784532785875255,1.0419923943575424,0,0.0,Low Risk
-3.62788605713408,3.08986442452401,0.0908867903866104,-0.236000576188247,-1.00307730980651,-0.0927663480283558,-0.399633164296473,1.00040951218502,3.18796488719714,2.48714364291424,1.99039403627302,-1.58443524277385,0.66854065219372,1.1691523205836,-1.65451709435576,-0.719150698536345,1.10834658231932,-0.165236480898827,-0.352970938501741,1.1912115402902,-0.390868010115983,0.063565933447153,0.0640767672987537,0.151835883437238,0.273552069266515,0.352818801656312,1.0712784040059,0.539308568027284,-0.341385903015827,0,0,0.0013955886,0,0.001293047858442266,0,0,0,0,0,0,0.0005890312713955697,0.0,0.19901823167409602,1.8775854704808002,0,0.0,Low Risk
1.23261275396892,0.313249762065708,-0.895356792674724,1.31441334704528,2.3210217240224,3.72387347977573,-0.447787601854242,0.880897728724941,-0.863602502361633,0.744903255674345,-0.30062051021519,-0.253867369500106,0.0268916892283367,0.415425801385158,0.726955834010155,1.04370375685277,-1.14359647059582,0.140654251624028,-0.635629908626213,-0.012919429362496,-0.12199263756418,-0.559944018857442,-0.0185904227360472,0.977319785943817,0.579724076932423,-0.0593976903983382,-0.007454656773301,0.0189194663061566,-0.31343051934361343,0,0,0.00013972771,0,0.0001579147649219071,0,0,0,0,0,0,0.006098361041047285,0.0,0.03760954524059739,1.0325014901594571,0,0.0,Low Risk
1.15701958052439,-0.138423285451368,-0.861840400939683,0.0966859059077999,1.92704686934624,3.55710037681828,-0.586870550805352,0.88551882078384,-0.0093915194597109,0.0515927481686084,-0.123093537568186,0.0936369612990308,0.0771176050492657,0.367261673448773,1.30655806574862,0.742332993311358,-1.05841894949686,0.249576232643677,-0.0624927750669644,0.103435254769515,-0.21369834024689,-0.898269275750129,0.0310190139087004,0.956192179657432,0.433653226768092,-0.597141315135431,0.0280417177094765,0.037537628225375,-0.11578595678106364,0,0,0.00031932472,0,0.00016081675336600916,0,0,0,0,0,0,0.002596045226240165,0.0,0.012335397680942077,0.8830334211614438,0,0.0,Low Risk
-2.53148738765085,1.80575282730849,0.717480137277404,1.16068570076041,-2.99932189782963,0.539398170174544,-0.119449905590661,1.50505024555848,-0.674809310562236,-1.30425858091425,-1.1738751134781,0.802156239200426,0.861690040580301,0.725264898853538,0.725712170163834,0.45923249506118,0.473563338984024,0.406749754980896,0.504899370747313,-0.601449025459502,0.176759565471436,0.272976713871136,-0.0613099729811744,0.422155384519285,0.305691828151595,-0.287872125901592,-0.562497316215314,-0.316218322170067,0.685015976640688,0,0,0.0007812686,0,0.00030730198461753063,0,0,0,0,0,0,0.007528877234852839,0.0,0.04554755331834052,1.2269661307121082,0,0.0,Low Risk
1.96659213766123,-0.268910386149215,-0.893983112594331,0.160244479968232,-0.403081568666089,-0.455130327226278,-0.634265303773305,0.161939067267819,1.24746143618348,-0.506370763195532,0.814913444527265,0.164621424974085,-1.36159300884159,-0.838988368920812,0.325068148231808,0.904386731943584,0.215123443821138,0.944276140285159,0.199350865787983,-0.253257348563227,-0.242566396345119,-0.623041027902101,0.341825590864791,-0.564343171770621,-0.54727906908419,-0.272547014571754,0.0148766300754802,-0.026423668966879,-0.33823093828710576,0,0,0.0036070838,0,0.0036169647817438626,0,0,0,0,0,0,0.10483135404431858,0.0,0.04107958040595123,0.6576862443614042,0,0.0,Low Risk
-2.20848203569786,-0.284152125124783,-0.194407882562799,-0.137789959935171,1.30882878125156,1.21399654773038,1.33853584185671,-0.147303478868368,-0.432430302072098,-0.129877904815939,0.991518508170801,0.13812638518347,-0.770444642754149,0.703367409727461,1.12116636308856,-1.24872523900389,0.389551955798815,-0.769867694546329,0.720528039336622,-1.11815680143122,-0.113025961074393,0.624528931421755,-1.1776194918773,-1.50027935330961,0.635340534072308,0.205168542419632,0.0841216556594252,-0.0849668391129969,0.8737547526905184,0,0,0.032083534,0,0.007846158052093587,0,0,0,0,0,0,0.15175256210528715,0.0,0.07036770401163112,0.8967750572853712,0,0.0,Low Risk
-0.437597121222369,0.56162817306937,-0.15466981662891,1.09847358643669,0.332257986892814,-0.468175757009895,2.56422083452358,-0.647076669660207,-0.684370547473001,-0.0214355759770448,-0.959111881425428,-0.0277650670255772,0.218760965517773,0.210909182701331,-0.370391734895713,-1.21011234957095,-0.0085111206339094,-0.263246724292482,0.760036065446129,0.720169143514778,0.212717409430205,0.690769878199601,0.258626869355255,0.046070595937995,0.1338858930336,-0.418906057375668,0.187630485298243,0.0402828854007547,0.7049042353103486,0,0,0.20427233,0,0.03370106092714829,0,0,0,0,1,0,0.2761040491881401,1.0,0.24160501266177145,0.5945792399478268,0,0.125,Low Risk
-0.427705476436321,-3.66984494357013,-1.38229617944757,0.0943719814794647,-1.4886908901862,-0.287504910753349,0.968709749693665,-0.454789491306192,-0.695038414908398,0.146326132706503,-1.36407061733394,-1.15245244764965,-0.475928381104181,0.133833499231398,0.0408496487907698,0.936279796321316,0.392723259164212,-1.08992946457219,0.819570283161586,2.03556882247656,0.685570382842835,-0.251356436203988,-1.13059524945949,-0.374496304370956,0.509978128782074,-0.115726041852585,-0.202508855534008,0.165895571733646,3.6402993934175494,0,0,0.0031292276,0,0.0016080437024959858,0,0,0,0,0,0,0.07861323038554179,0.0,0.08498040632558876,1.8092414909949441,0,0.0,Low Risk
0.922263207241553,-0.26280967472654,1.19382117962752,1.00881579616613,-0.0816525917278696,2.16427653819868,-0.970082985614971,0.813072319526271,0.553611092564452,-0.236185182068697,1.93459089566817,1.75912581858787,0.276233888071951,-0.122369539265536,0.522568865807272,-1.01061282267348,0.682058915034177,-1.56077158138428,-1.47540495002577,-0.233136244718367,0.113918667569033,0.668357427319465,0.104624886596632,-1.0097181058405,0.0833771530396629,-0.298794765573451,0.142677736561851,0.0142319580212156,-0.31343051934361343,0,0,0.009646622,0,0.0014026581616955497,0,0,0,0,0,0,0.04858635941768228,0.0,0.08477886119723725,0.7890269761045213,0,0.0,Low Risk
-5.51652479848178,4.88199646620909,-4.7858981694037,-0.889290996716709,-2.42853026876258,-0.659668293933458,-2.88256888561026,4.29064060507678,1.23448367332096,0.0404505118878973,-0.825736995658294,-0.628701318984042,2.07781594942909,4.22672478961255,-1.9392034023913,1.5231655105496,1.19265442831128,0.735583602976982,0.199845936645266,-0.0150099352943415,-0.289204698297121,-1.25208483194127,0.488028107207383,-1.50200306147097,0.30591555772062,0.216559477379055,-0.226117755176964,-0.026623313405703,-0.31746408184488994,0,0,0.00037160094,0,0.0010426009228303573,0,0,0,0,0,0,8.43309185363257e-08,0.0,0.2721899465145472,5.232974554618853,0,0.0,Low Risk
-1.10800016442483,1.01491297647232,1.75213954221218,-1.17517884629513,-0.272941800241962,-0.750593854257971,0.603226268746611,-0.0972169554339579,1.14484399488002,-0.553471540884074,2.50606473424364,-1.41025174834729,2.25220484651241,1.33717488840172,-0.987198346233552,0.662330866394467,-0.183823134061779,0.243064625510299,-0.707117902797761,0.12084549987426,-0.188781969835311,-0.188261191878537,-0.0270831866463181,0.528340187989065,-0.352757343942079,0.64173231495919,0.22714233537784,0.232192031726593,-0.16323023649904891,0,0,0.0011684358,0,0.00031924002942481646,0,0,0,0,0,0,0.011400245652116716,0.0,0.06391811645599679,0.947971548020335,0,0.0,Low Risk
1.85189903222263,-0.674531484944172,-0.0568449379105854,0.433390233165721,-0.826569271690448,0.238277841214559,-0.980136698837447,0.293520308913087,1.14462642911188,0.187189637491188,0.693011782664332,0.642403761731548,-0.586552075789429,0.0455667153345935,0.144082713124524,0.87610344817389,-0.880221135939135,0.667378440718201,-0.103754242153327,-0.119643533115373,0.0870563479452712,0.20993241626786,0.317553755125839,0.753417849002904,-0.592213257304692,0.110137657168404,-0.0122378686810047,-0.0310894616297704,-0.16171265852827163,0,0,0.00032261823,0,0.0001006640381274817,0,0,0,0,0,0,0.03157815927142806,0.0,0.00654058706524795,0.4489489498651115,0,0.0,Low Risk
1.95343544552755,-0.641822454652941,-0.0077645117597648,0.153650018871827,-0.908640002766796,0.174679773707259,-1.1397270361134,0.336489864476979,1.30073330886553,0.184453893521626,0.622370000920768,0.340298192875563,-1.12651364643552,0.105222304070768,0.243300863786452,0.932477680828743,-0.824574103746285,0.694857553114813,-0.0123233610253499,-0.234188241439114,0.0625768838296718,0.220436580327979,0.37017793995736,0.75544438233632,-0.653859894844165,0.430650707837555,-0.027462637791703,-0.0446204016201621,-0.3493332192312134,0,0,0.0010073666,0,0.00021582194958300779,0,0,0,0,0,0,0.02776338579673481,0.0,0.011182083412368215,0.531672474226636,0,0.0,Low Risk
1.28326346102132,0.124937926994429,0.60523162619394,0.437168425744297,-0.328398538430893,-0.226519251370787,-0.276053743501387,-0.0803288825761079,0.259648935498413,-0.117035975432573,-0.865208275106421,0.572007950601399,1.49853521564339,-0.228363013910181,1.24278870472405,0.763619018547749,-0.91462863464987,-0.0018589542708958,-0.0166659419016845,0.0161012194560058,-0.127737243810756,-0.302283063201126,-0.0259470410263481,-0.416590486226598,0.311816133854462,0.261835659446248,0.0001530361696673,0.0205554031531508,-0.327488083704498,0,0,0.0016631592,0,0.0006500770268833582,0,0,0,0,0,0,0.018369399459202514,0.0,0.018819433547973042,0.4451598698351593,0,0.0,Low Risk
1.89455307048891,-1.8695990909324,-1.21396359762612,-1.88301003963019,0.526690411094821,4.15761150376491,-2.13479250715345,1.15392824089228,0.444875186322854,0.668126617003336,-0.318946264887017,0.0647405295358048,0.494705721447493,-0.469106565091895,1.25024160499651,-0.716812950988198,-0.474156590988869,1.42161099584565,-1.19749127296509,-0.262344027724088,-0.121426055891052,-0.0344433351223592,0.312753510003177,0.749741772535127,-0.81112752394749,1.25783709003215,-0.0162321555033173,-0.0287810669685987,0.07359179946698877,0,0,0.00062423164,0,4.9626920742744806e-05,0,0,0,0,0,0,0.00044982061226630366,0.0,0.08871732090283713,1.654903719963762,0,0.0,Low Risk
-0.799130881525998,0.449430658427661,0.64199585091851,-0.494059622587391,0.243456464194342,0.347826626838095,-0.0283684122095476,0.691665787622379,-0.128384417896077,-0.898969073377855,0.259030120257027,0.83001260042586,0.0986887837548906,0.468385109203322,-0.138123661784997,0.341067591702526,-0.621768787570543,0.582125432309794,0.708068711072907,0.0234015352640848,-0.0019349808146545,-0.289437478473895,0.197800530048786,0.242911868282257,-0.747415274948349,-0.683838750002109,0.0770365478160175,0.0878597087749384,-0.15364553352571855,0,0,0.000491027,0,0.0003345096395312816,0,0,0,0,0,0,0.010405272148146091,0.0,0.018271409457693545,0.37729171065913597,0,0.0,Low Risk
-1.50050635180636,-0.564856175284541,1.0511677139648,0.248661634814367,-0.744085496066003,1.24919838228432,1.77011589965113,0.310528182888102,-0.43683343519198,-0.75508421941769,1.25984693159754,0.725104110129332,-0.510573541853756,0.18225766204146,-0.546535796541911,-0.714276433370215,0.358559338091659,-0.727458671214589,-0.149047527296927,0.994920559594048,0.182392819373532,0.0035974294584335,0.935087141092525,-0.310187316539553,-0.0220172761979535,0.268365939553569,0.191307182178624,0.19035355338177,1.3783893642363618,0,0,0.006153176,0,0.002385852888356247,0,0,0,0,0,0,0.03836348949966122,0.0,0.10050073344018623,0.5975097416937297,0,0.0,Low Risk
-1.04433144764124,-0.523573195479078,2.2013322740176,-2.54464819323107,-1.13696548525763,-0.0804200321844017,-0.508925891491016,0.202754516167112,-2.35427965472543,1.06219586241548,1.40216085444451,-0.388606502984336,0.333688504298473,-0.483763499369204,-0.165557694885846,-0.150416064089241,0.241833376360831,0.367221299786221,-1.1028503777307,-0.231085650077433,0.0359165944429267,0.516365179557522,-0.228503616973606,0.221940850214915,0.283014771296282,-0.18005654621533,0.234753298293544,0.10892105705885,-0.0777666349868532,0,0,0.008681533,0,0.0006691453634955888,0,0,0,0,0,0,0.02412218559665894,0.0,0.05441716622508134,1.1267095941099332,0,0.0,Low Risk
-0.58456359383583,-0.388092198284381,1.54808882851862,-0.647859476068122,-0.130118345911666,0.477509287528658,0.106883205353687,-0.0571428982290186,-1.22386940035051,0.762205727632079,0.771906041258933,0.315452592656112,0.478812234471896,-0.289174423584902,0.0517031381277431,-1.49556603647029,-0.255214436571917,1.59996726252542,0.397356524530619,-0.217121393037479,-0.517163929807555,-0.913623987296092,0.192980700148513,0.657408278350672,-0.792005901553018,0.0242138831614548,-0.124173899945404,-0.0206540598198896,0.03006127346311336,0,0,0.0003590189,0,0.00027445793761035506,0,0,0,0,0,0,0.02471254325753349,0.0,0.015127745600867326,0.6122632495886339,0,0.0,Low Risk
-0.566249792170492,0.127446989247783,-0.542811613213655,-2.73718008029411,0.991878504812994,-1.44513505774792,1.94763868413053,-0.701348982472435,0.295547787919843,-1.11257768642074,0.755052870296626,0.306523155695843,-0.951805122846503,0.812317893492539,-0.0111881972294636,-0.892163072847414,-0.624205583173831,0.376261659498794,1.12936146953573,-0.123705086022157,0.163574916707529,0.69090759676437,-0.463794570085105,-0.277136436387884,0.302678410029495,-0.153255169906843,-0.138381491117061,-0.138683940021153,0.12510957794863942,0,0,0.009280667,0,0.0010261130616087946,0,0,0,0,0,0,0.03428744518394757,0.0,0.01797389313030271,1.0109628990321355,0,0.0,Low Risk
1.83786855433563,0.942129648120022,-4.1326284293449,3.14483206172807,3.9973093382741,3.28621995068391,0.443980179641705,0.692014343168947,-1.6437695417921,0.24708002588545,0.449166396082523,-0.888631414801391,-0.549729830208649,-2.34981235997154,-0.521803954849277,1.1700803834902,1.8179991480193,0.529077666025989,-1.9602201558286,-0.0397038281692926,-0.0258213550511171,-0.202039150356983,-0.0727979136677316,0.438064517947935,0.437418217690978,0.189041129577441,-0.032380214538845,0.0039503194420928,-0.11175239427978709,0,0,0.044215944,0,0.007084228282890093,0,0,0,0,0,0,0.457270880370295,0.0,0.31022539211679695,2.2270461253627585,0,0.0,Low Risk
1.28631161789069,-2.43523791205448,-2.47092870525098,-1.95552421590281,-0.839197592874549,-1.10884715565397,0.541770621371694,-0.515235904058462,0.0385916266082514,-0.0745647367927972,0.743569982540027,1.09713140280025,0.457509615225486,0.691579741571309,0.124605834864501,-2.25973105623249,-0.134333264714451,1.58030986664934,0.250266125923376,0.397409689504869,0.0663868588390958,-0.218383070889277,-0.386094596832415,-0.348024756593178,0.0363144780209975,-0.155775649521859,-0.102482737368414,0.0070162233803496,1.6194446440156205,0,0,0.0009994303,0,0.0006134343665269408,0,0,0,0,0,0,0.010698226507194536,0.0,0.056293338134226205,1.4282698734362653,0,0.0,Low Risk
0.205510449599811,-0.352385746936964,0.27981954170475,-3.00356411986985,0.222108248783791,-0.221610962936804,0.310060941504717,-0.334417199596355,-2.5756399266525,1.26023634963859,0.344291976624744,-0.774753493825309,0.563125606553781,-0.300265515834016,-0.932103808736758,-0.396555846694084,-0.243565505285256,0.813003831225994,-0.0333079684571289,-0.241857202798766,0.143112975730766,0.955018548782869,-0.317484679236686,0.348075613364832,-0.210720961855595,-0.0710694877188211,-0.0095268602146044,-0.0606253889213857,-0.30540333060344926,0,0,0.000621996,0,4.432315851324258e-05,0,0,0,0,0,0,0.025034996805419266,0.0,0.017002241750048143,1.0261210897461415,0,0.0,Low Risk
-0.97725512774195,0.448597644729563,-0.894161959657992,-0.756319289059676,1.03886748815197,-0.434395699312843,0.839009473646453,0.454755433368059,-0.510975856951033,-0.51441238495215,-0.336210981103854,-0.214971600657573,-1.67969448312913,1.11152118765381,-1.36491144961589,-0.0289448044849428,-0.377038279592754,0.289861173577028,0.546191934434853,0.0995622307081027,0.144103662822455,0.121211630663379,-0.0424860668152642,0.204791227293653,-0.124631206422171,0.468816594770794,0.173411321050902,0.0864728778832892,-0.053844813815916194,0,0,0.00020002625,0,0.00038676393793441675,0,0,0,0,0,0,0.01392953925686798,0.0,0.024802206692153803,0.6670444684621633,0,0.0,Low Risk
1.99246538368915,-0.019219088333319,-2.6917427992483,0.281270484871572,0.904828396171727,-1.43118157433477,1.13762809896485,-0.620022501299434,0.187731164588522,-0.071235329282045,-0.851887372262277,0.210876625831123,-0.293316271274872,0.943081861225525,0.0149041417095378,-1.10818017404868,-0.128330998093539,-0.36391828681443,0.146391221452898,-0.0976111261972472,0.344975358847497,1.01348789031464,-0.27984903020996,0.801312367346529,0.897474509476359,-0.237145704341833,-0.0726865777364417,-0.0608358484182999,-0.015266384348261448,0,0,0.0009281986,0,0.0007828261529293491,0,0,0,0,0,0,0.11145185512449476,0.0,0.022071121792703884,0.876334778880129,0,0.0,Low Risk
1.21531213564619,0.070095420659517,-0.282084533628161,0.854650322044493,0.0565782440865112,0.106600090001153,-0.277969954699751,0.180714581423734,0.878540879009597,-0.771925595846114,-1.17484722637523,-0.819428924727588,-1.60421349389636,-1.27627253530241,0.248993677889164,0.128739458347064,1.1980235013998,0.050602525362211,-0.0493125575590182,-0.1784308661185,-0.225837158158676,-0.444293137018044,-0.15085464667235,-0.869993549579041,0.533779791830817,0.498427622705229,0.0066467079275485,0.0277561539103001,-0.3041653064693941,0,0,0.029841531,0,0.014499710420996946,0,0,0,0,0,0,0.233032017041313,0.0,0.18068489988801606,0.6783964824041863,0,0.0,Low Risk
-0.835641636112552,0.437431340981356,2.66995725555602,1.46263447160864,-0.300124249258715,1.13643661471703,0.359116970184608,0.148418192195352,0.939859669475989,0.460416100617064,0.774007269885181,0.710918700284453,-1.3138172245028,-0.908518677376757,-1.87541930776483,-1.63806790490286,0.813806198585638,-0.590820977279977,1.49563543276179,0.349354888930686,-0.460228793543653,-0.374647792917661,-0.0970271061364645,0.212882312204884,-0.129519596214447,-0.448113637887117,0.23601034518504,-0.205765962071775,-0.14106561087322245,0,0,0.009719398,0,0.007439478853171449,0,0,0,0,0,0,0.265302960968811,0.0,0.08275657982863605,0.8906369992729585,0,0.0,Low Risk
1.87820135300626,-0.530913064545522,-0.0634553640679449,0.268713456188118,-0.646785355388364,0.303652203695386,-0.900563815091365,0.244789120098492,1.18960889019074,-0.0461481625998025,0.957349131194825,1.43419518417007,0.612072705251589,-0.14677994048464,0.197727334258058,0.527747397468026,-0.891919802302088,0.587564319261815,-0.0825430020368336,-0.106900961969128,0.119854050243169,0.447047895675126,0.288614117863524,0.703551479898695,-0.412002344457536,-0.486669737588549,0.0496921282529527,-0.0249447077195348,-0.23950849766180304,0,0,0.00075676595,0,0.0002569520655885974,0,0,0,0,0,0,0.027256457912027278,0.0,0.011320874689488154,0.46192910231656853,0,0.0,Low Risk
1.4564570552651,-0.907485252342761,0.115846109380448,-2.27588501798245,-1.17861087551905,-0.770789112233333,-0.775757631562012,-0.154550668256823,0.537502495958587,-0.241418946630905,-1.15212168703749,-0.114250286960378,0.322706545488287,-0.0135483750240462,1.89313024766443,-1.53554416981783,-0.299265280067923,1.86821633854054,0.0801106159096469,-0.444752734697128,-0.263061885051232,-0.166356214197077,-0.144872965618043,-0.438424158503509,0.524460603204553,0.140448788941223,0.0432896414299078,0.0164234055109366,-0.29290328047573094,0,0,0.0033407374,0,0.0009132878593193214,0,0,0,0,0,0,0.009886367338271721,0.0,0.04001283736951821,1.0725251735858952,0,0.0,Low Risk
-1.05057813181225,1.20144884924277,0.906100495394041,0.0003621939340158,0.244701003418,-0.779760380716754,0.596748754997222,0.190804558030687,-0.872862855230193,-0.729334049647915,-0.798924557985788,0.301463536124561,0.48367314106136,0.46141317214392,0.4175238081916,-0.547626381991341,0.332126215685212,-0.681988460185018,1.21409872163199,-0.0241084168272378,-0.208676492403303,-0.728572842937233,-0.279725360873588,0.0212938513428751,0.345119344959271,0.491217628192155,-0.247732097263386,-0.0441016125824536,-0.34817506762193595,0,0,0.0018063904,0,0.00015034464226716768,0,0,0,0,0,0,0.014754076755178352,0.0,0.02483166107938501,0.518354912159756,0,0.0,Low Risk
1.99983724881823,0.207771510053865,-1.68356436909346,0.388202008909012,0.498953640492826,-0.686190552130479,0.18618788847119,-0.135619298057457,0.343939814662877,-0.456654919631326,1.41920519146522,1.2603395474131,0.407898697685796,-0.813097780060286,-0.421092572088854,0.237546041614715,0.35488799530346,0.331375152671415,0.280793375590414,-0.138000918453656,-0.268299140683856,-0.652814703790621,0.294157331889805,0.638389814457694,-0.112904412129421,-0.641009832303802,-0.0010546511524576,-0.0236364764773024,-0.33339865053805173,0,0,0.010916405,0,0.04739225921903825,0,0,0,0,0,0,0.07855974696824046,0.0,0.05984691562507111,0.5430042334159755,0,0.0,Low Risk
-1.14364569454869,0.944903283161768,2.32434165528048,1.46182246323137,-0.352749099911265,0.849696157836268,0.183885316466154,0.192432630715866,1.25481903529444,0.505175315794802,-1.08074535159727,0.329306245286024,-0.666929910019522,-1.1178014730174,-1.23067981846383,-1.76126175506928,1.05356834896633,-1.08736978504431,1.25192426880677,0.383116085256474,-0.487781352625917,-0.526398298052022,-0.0961301975466701,0.0585021528824533,0.0049579099545739,-0.399826748094166,0.351844108774921,0.121972106560899,-0.2850757730475111,0,0,0.006555427,0,0.008357698367021334,0,0,0,0,0,0,0.12153018653366988,0.0,0.1376463731271523,0.9543090616033346,0,0.0,Low Risk
-0.465360476547632,-1.78001789808015,1.16370821429678,-2.54798359868796,-1.29649481291286,1.14522140014356,0.0177198313649392,0.359009987706632,3.5217273724545,-2.07948766645004,-0.748545512361961,0.456415500048016,-2.06280217450399,-0.883093921798963,-1.4873734842912,-0.944414721179538,-0.213899483972756,1.4991934002785,1.60759421003604,0.43019565954081,0.417955648721988,1.3891446758544,0.538761168854642,0.26929361170134,-0.989169239401855,-0.911441754754943,0.144198074730237,0.0786553805897523,0.7222765094495098,0,0,0.028405359,0,0.002645955019528284,0,0,0,0,0,0,0.051946520251512356,0.0,0.1295431229063743,1.815235892748031,0,0.0,Low Risk
-4.93078469506505,4.61922693484507,-3.31722098377841,-1.69881590415744,-0.446853186831604,-0.666540330326304,0.0250189982554715,1.13863589359331,3.22164071647339,4.86157389636275,0.628468292777185,0.342359009915224,-0.855708319244956,-1.48759468995636,-0.557168638599177,0.489622095014943,0.109349219916659,0.295721717942524,-0.316227022472131,2.12229765391009,-0.915372199766811,-1.2256120720609,0.285651718918865,-0.00965664198271,0.49267122539023,0.100193684115818,0.904024673947882,0.123633153913737,-0.3175838906320566,0,0,0.00041357524,0,7.398678578381243e-05,0,0,0,0,0,0,4.395395651445159e-06,0.0,0.07079769139328974,3.9042513247288895,0,0.0,Low Risk
-1.22197781585299,-5.50942024028268,-1.36483379930548,-0.1224985259817,-2.85097030692264,-0.361546972565615,0.997227495452494,-0.479044516395778,-2.08705197312504,0.939869623199997,0.997342904318998,-0.540560057657623,-0.640538157121832,0.384365771358211,-0.80699022824386,-0.608922981689697,0.803366930020076,0.52594735321606,-0.173007119539551,2.4225194006991,0.688024945895489,-0.759149152663868,-1.288401304511,0.599195703081298,0.0719502587260401,-0.239421177219562,-0.257957890143135,0.241730384201906,5.2726941185628755,0,0,0.007719458,0,0.005488337665438318,0,0,0,0,0,0,0.09260844546348718,0.0,0.11709438825908242,3.177185717889546,0,0.0,Low Risk
2.09841037025567,-1.03619980454375,-0.384248697639689,-0.844258914709376,-1.24068911141657,-0.598315228693924,-1.07340583748327,-0.020244368023684,-0.123731836386402,0.908929119398501,0.949496308060603,0.217135043124488,0.0688148445935106,-0.273102585745162,-0.531079534635351,1.31977197145103,-0.0767495305198732,-0.681836675009654,0.695010323179458,-0.0126009624543344,0.384859580711785,1.14649057988783,0.128783158665084,0.11472388496359,-0.197246981078924,-0.113768359619009,0.0051483264170292,-0.0558215037564462,-0.2736540020042924,0,0,0.003919136,0,0.0018983008606743967,0,0,0,0,0,0,0.051317141905308235,0.0,0.02149215642793977,0.7565678362194036,0,0.0,Low Risk
0.272792739194867,0.869998844078645,-0.849189851038308,-1.1006989450477,1.33218688246586,-0.903088336925829,1.48278842251756,-0.299507823549192,-0.795792102167931,-0.49537409809458,1.01162245165905,0.852034013932391,0.180276252699146,0.783560844969119,-0.732001510992402,-0.466658643177369,-0.608878519698946,-0.0450475948104966,0.0929480826627128,-0.143075646898748,0.275553673474621,0.816553978753225,-0.258838046865183,0.767203694425706,0.20590450891891,0.115240411804378,-0.048607131861007,-0.0287875245496427,-0.3200998751625558,0,0,0.00023070065,0,0.00012202398564927111,0,0,0,0,0,0,0.02953717730273373,0.0,0.01028792998024325,0.5412529651627678,0,0.0,Low Risk
0.130891975487376,0.728965408656582,-0.0454130735154413,-0.46484658547119,0.557124531487953,0.309854452238812,-0.717062477698189,-1.51675955131977,0.856680287451062,-1.13580404077017,-1.3225751069792,0.0194403638722521,0.383119273257075,-1.36328122533566,0.53198379486141,0.832400536752081,0.0845233998550126,1.09489478353169,-0.591792650143772,-0.39470027874608,1.68988788352738,0.0632958996515221,-0.537059976988943,-0.0290325478467499,0.758882017768313,-0.0862511506539221,0.303258460444923,0.311415017497973,-0.32345452120322143,0,0,0.011408923,0,0.0023142524331695798,0,0,0,0,0,0,0.1531911890779282,0.0,0.09797124637694785,0.7795126471387048,0,0.0,Low Risk
-1.29362257137962,1.37779975975676,1.7545611817065,2.5844426178644,-0.799849239629692,1.253321358122,-0.629497862617444,0.883043340178912,-0.754404500284868,1.22018048969967,0.594122005556624,-0.631637538583402,-1.50188376728181,0.60705332369544,1.44001852659295,0.613239833684258,-0.106716811784729,0.978716057468257,0.540153257508296,-0.0777597035792803,0.292082753819906,0.644779172258136,0.0126190603184011,-0.345917742413272,-0.725001864129746,0.191123098292243,-0.19990900119408,0.151436964368963,-0.18623352363504175,0,0,0.009640037,0,0.0016640063271639448,0,0,0,0,0,0,0.12731410231001764,0.0,0.07998896181150074,0.8515659193214135,0,0.0,Low Risk
0.183963126510278,1.15879876061268,-0.462899852219324,-0.167611362939382,0.711273184764737,-1.39662548539508,1.04633056202453,-0.309084106107223,-0.0757268185725472,-0.783889451805803,-0.420780923258306,0.0367165120199451,0.504234123565211,-0.947717310241746,0.624122975857543,-0.0063100112219152,0.409540772637534,0.619803940293395,-0.204783013578127,0.0524373635447826,0.265775818956767,1.05966047053201,-0.213253960061194,-0.0036346030425377,-0.309254365767563,-0.143451867867022,0.393526748433531,0.19203084751285,-0.3478156412604361,0,0,0.014755535,0,0.003240455794032841,0,0,0,0,0,0,0.26093358437326036,0.0,0.06052131384097791,0.4335706563883814,0,0.0,Low Risk
-1.19401735515543,-0.429538919683526,0.0671387669569571,-4.28472771640542,0.784302300341794,4.81207939327073,0.0002153240226794,-1.05738259253336,-0.693248012512941,0.0288068526013456,0.530954042197809,-3.75039350274611,1.65429014993545,0.71342076625137,-1.29552284599774,-0.0831966276103343,0.62018855251592,0.184761102942302,-1.74741659344689,-0.847293476216923,1.07987980888609,-0.884170563630953,-0.148134943440707,0.604529176713916,0.715648051229565,-0.256435315847729,0.115730127022683,-0.27930380350167,0.7329394915073398,0,0,0.3535363,0,0.008748657715510432,0,0,0,0,0,0,0.0033488731442168577,0.0,0.33372007295762146,2.8562311694143885,0,0.0,Low Risk
2.01521828470436,-0.328999585628338,-0.285153958714995,0.127584187728268,-0.794921517611198,-0.890876242874366,-0.499988374436307,-0.106375637898718,1.26739580550349,-0.162899701201692,-0.701655224938331,0.380652190771249,0.0013275601617391,0.0459353398054834,1.02850958611238,0.366238687849362,-0.608524152489633,-0.143248866235908,-0.0907375144139657,-0.225690104435879,-0.145983329823127,-0.304495467109453,0.391272805331297,0.0152280211701137,-0.522083518931483,-0.270128233728689,0.008044392165036,-0.0363080299803479,-0.3493332192312134,0,0,0.002993068,0,0.0004943116216336102,0,0,0,0,0,0,0.03236836944400476,0.0,0.018453565445075846,0.5755863483210341,0,0.0,Low Risk
-2.40412820572543,2.59376360892721,0.693632986203522,2.72262798481787,-0.753543160341063,-0.621859729868139,0.339882997806306,0.233197927449069,-0.368195821619355,2.85514817647787,0.284341028611849,0.725059988316074,1.69378949674356,-0.357817140001448,1.15937316889106,-0.283051699997728,0.080087471394207,-0.416061626772597,0.35406669820428,0.747662757469974,-0.218724618239125,0.257188978197073,0.108726276212524,0.930832952054362,-0.161494068416713,-0.0225158848390823,-0.396307223691756,-0.579835024375031,-0.27345432069234804,0,0,0.019560613,0,0.0021637822525124475,0,0,0,0,0,0,0.01604667921305626,0.0,0.25187074071439514,1.1573713729284025,0,0.0,Low Risk
1.28933188042694,0.153170654980532,0.258461693749911,0.523703308766126,-0.308951907842617,-0.707308694277215,-0.0141131146126176,-0.142955325461739,0.202871661265944,-0.0354451232060378,-0.812881421670021,-0.172014741880076,-0.223304698539522,0.313357445900089,1.13991272026279,0.448663244905486,-0.571690464099027,-0.135900941195447,-0.0115022624293674,-0.108639363460053,-0.138169176830226,-0.406773901545373,-0.0246820636096632,-0.109676751578436,0.400889192777979,0.293599721136514,-0.034506883696267,0.0103174108244847,-0.3297644506606639,0,0,0.0006241225,0,0.0003511457836002499,0,0,0,0,0,0,0.041528361545369506,0.0,0.008118363518555324,0.36849445968014255,0,0.0,Low Risk
1.15917674799133,-0.572358053646444,0.276711681369469,-0.611620187505837,-1.09898119014005,-1.10052704648643,-0.204276580757324,-0.0370805298108868,1.97636701335761,-1.06316456015078,-0.937633416843342,-0.514588715560847,-2.7947552061139,0.550934278712894,0.807448978905716,-0.85056059850535,0.33001539060201,-0.0650633786344003,0.958801313009376,-0.197612671015605,-0.252146892704305,-0.704807136783577,-0.0188121373047608,0.325816052097106,0.50497586979104,-0.839180830190023,0.0396771733604093,0.0297323004232186,-0.11586582930584138,0,0,0.0068719247,0,0.00240249032089325,0,0,0,0,0,0,0.08962348127350783,0.0,0.02306296102671471,0.9744698300746487,0,0.0,Low Risk
